{
  "type": "FeatureCollection",
  "features": [
    {
      "type": "Feature",
      "geometry": {
        "type": "MultiPolygon",
        "coordinates": [
          [
            [
              [
                -81.287534,
                40.781523
              ],
              [
                -81.287685,
                40.780437
              ],
              [
                -81.287969,
                40.78046
              ],
              [
                -81.287998,
                40.780261
              ],
              [
                -81.289248,
                40.780918
              ],
              [
                -81.289473,
                40.781036
              ],
              [
                -81.289578,
                40.780347
              ],
              [
                -81.290454,
                40.780775
              ],
              [
                -81.290276,
                40.780889
              ],
              [
                -81.289878,
                40.781144
              ],
              [
                -81.289477,
                40.781406
              ],
              [
                -81.289246,
                40.781559
              ],
              [
                -81.289069,
                40.781694
              ],
              [
                -81.288972,
                40.781779
              ],
              [
                -81.28915,
                40.781808
              ],
              [
                -81.289551,
                40.781873
              ],
              [
                -81.289751,
                40.781905
              ],
              [
                -81.289817,
                40.782005
              ],
              [
                -81.291952,
                40.782097
              ],
              [
                -81.291859,
                40.783945
              ],
              [
                -81.293847,
                40.783991
              ],
              [
                -81.29483,
                40.784015
              ],
              [
                -81.298223,
                40.784096
              ],
              [
                -81.298778,
                40.784109
              ],
              [
                -81.299235,
                40.78412
              ],
              [
                -81.301002,
                40.784161
              ],
              [
                -81.310438,
                40.784356
              ],
              [
                -81.310787,
                40.784371
              ],
              [
                -81.310754,
                40.784961
              ],
              [
                -81.310813,
                40.784963
              ],
              [
                -81.312507,
                40.785019
              ],
              [
                -81.314142,
                40.78508
              ],
              [
                -81.313766,
                40.784577
              ],
              [
                -81.314861,
                40.784114
              ],
              [
                -81.316643,
                40.784076
              ],
              [
                -81.317684,
                40.784201
              ],
              [
                -81.318892,
                40.784534
              ],
              [
                -81.319185,
                40.784713
              ],
              [
                -81.318416,
                40.784679
              ],
              [
                -81.317847,
                40.784754
              ],
              [
                -81.317581,
                40.784793
              ],
              [
                -81.31708,
                40.784959
              ],
              [
                -81.31708,
                40.785138
              ],
              [
                -81.316852,
                40.788932
              ],
              [
                -81.317367,
                40.788966
              ],
              [
                -81.318277,
                40.789018
              ],
              [
                -81.319557,
                40.789108
              ],
              [
                -81.319597,
                40.788617
              ],
              [
                -81.319949,
                40.78864
              ],
              [
                -81.319937,
                40.788595
              ],
              [
                -81.320235,
                40.788614
              ],
              [
                -81.320272,
                40.788061
              ],
              [
                -81.320311,
                40.787342
              ],
              [
                -81.320379,
                40.786282
              ],
              [
                -81.320738,
                40.786285
              ],
              [
                -81.320738,
                40.786245
              ],
              [
                -81.320746,
                40.786138
              ],
              [
                -81.320746,
                40.7857
              ],
              [
                -81.320891,
                40.785513
              ],
              [
                -81.320891,
                40.785221
              ],
              [
                -81.320892,
                40.785076
              ],
              [
                -81.324119,
                40.784346
              ],
              [
                -81.324461,
                40.784317
              ],
              [
                -81.324856,
                40.784284
              ],
              [
                -81.325361,
                40.784241
              ],
              [
                -81.329503,
                40.784341
              ],
              [
                -81.329541,
                40.784342
              ],
              [
                -81.330192,
                40.784364
              ],
              [
                -81.331088,
                40.784394
              ],
              [
                -81.333363,
                40.784765
              ],
              [
                -81.33381,
                40.784838
              ],
              [
                -81.335002,
                40.785202
              ],
              [
                -81.33506,
                40.785278
              ],
              [
                -81.334976,
                40.785613
              ],
              [
                -81.334968,
                40.78573
              ],
              [
                -81.335013,
                40.785732
              ],
              [
                -81.335954,
                40.785761
              ],
              [
                -81.335915,
                40.785922
              ],
              [
                -81.336294,
                40.785934
              ],
              [
                -81.336332,
                40.785773
              ],
              [
                -81.336342,
                40.785611
              ],
              [
                -81.337241,
                40.785887
              ],
              [
                -81.337284,
                40.785901
              ],
              [
                -81.337352,
                40.785922
              ],
              [
                -81.337446,
                40.785956
              ],
              [
                -81.337768,
                40.786073
              ],
              [
                -81.338179,
                40.786244
              ],
              [
                -81.338262,
                40.786278
              ],
              [
                -81.338345,
                40.786313
              ],
              [
                -81.338326,
                40.786381
              ],
              [
                -81.338608,
                40.786417
              ],
              [
                -81.338753,
                40.786494
              ],
              [
                -81.338791,
                40.786514
              ],
              [
                -81.338756,
                40.786641
              ],
              [
                -81.338853,
                40.786673
              ],
              [
                -81.339795,
                40.786989
              ],
              [
                -81.342449,
                40.787774
              ],
              [
                -81.34364,
                40.787979
              ],
              [
                -81.343636,
                40.788115
              ],
              [
                -81.343632,
                40.78828
              ],
              [
                -81.343629,
                40.788475
              ],
              [
                -81.343528,
                40.789958
              ],
              [
                -81.343519,
                40.790172
              ],
              [
                -81.343493,
                40.790439
              ],
              [
                -81.343403,
                40.79083
              ],
              [
                -81.343157,
                40.790789
              ],
              [
                -81.342398,
                40.790661
              ],
              [
                -81.341637,
                40.790536
              ],
              [
                -81.341347,
                40.790489
              ],
              [
                -81.341172,
                40.790462
              ],
              [
                -81.340563,
                40.790367
              ],
              [
                -81.339598,
                40.790213
              ],
              [
                -81.339585,
                40.79047
              ],
              [
                -81.339549,
                40.791293
              ],
              [
                -81.339552,
                40.791335
              ],
              [
                -81.339508,
                40.791909
              ],
              [
                -81.339484,
                40.792351
              ],
              [
                -81.339458,
                40.792783
              ],
              [
                -81.339457,
                40.792847
              ],
              [
                -81.339432,
                40.793293
              ],
              [
                -81.339309,
                40.793288
              ],
              [
                -81.33782,
                40.793238
              ],
              [
                -81.336546,
                40.793195
              ],
              [
                -81.335963,
                40.793179
              ],
              [
                -81.335031,
                40.793147
              ],
              [
                -81.334952,
                40.793144
              ],
              [
                -81.334536,
                40.793127
              ],
              [
                -81.334423,
                40.793122
              ],
              [
                -81.33362,
                40.793081
              ],
              [
                -81.333338,
                40.793071
              ],
              [
                -81.333059,
                40.793068
              ],
              [
                -81.332827,
                40.793092
              ],
              [
                -81.325588,
                40.792844
              ],
              [
                -81.325394,
                40.79283
              ],
              [
                -81.324871,
                40.792814
              ],
              [
                -81.322847,
                40.792752
              ],
              [
                -81.322917,
                40.793587
              ],
              [
                -81.323033,
                40.794974
              ],
              [
                -81.323137,
                40.796225
              ],
              [
                -81.321327,
                40.796168
              ],
              [
                -81.321342,
                40.795905
              ],
              [
                -81.320981,
                40.795894
              ],
              [
                -81.321021,
                40.795152
              ],
              [
                -81.321015,
                40.795067
              ],
              [
                -81.320661,
                40.79508
              ],
              [
                -81.320659,
                40.795151
              ],
              [
                -81.320634,
                40.795607
              ],
              [
                -81.320627,
                40.795744
              ],
              [
                -81.320504,
                40.795746
              ],
              [
                -81.319906,
                40.795723
              ],
              [
                -81.319811,
                40.795714
              ],
              [
                -81.319756,
                40.796879
              ],
              [
                -81.319743,
                40.797136
              ],
              [
                -81.319735,
                40.797263
              ],
              [
                -81.320362,
                40.79725
              ],
              [
                -81.321359,
                40.797295
              ],
              [
                -81.323231,
                40.797354
              ],
              [
                -81.323282,
                40.797962
              ],
              [
                -81.323295,
                40.798127
              ],
              [
                -81.323813,
                40.798099
              ],
              [
                -81.32432,
                40.799369
              ],
              [
                -81.324672,
                40.80025
              ],
              [
                -81.324875,
                40.800756
              ],
              [
                -81.324874,
                40.8008
              ],
              [
                -81.324703,
                40.800826
              ],
              [
                -81.324539,
                40.800859
              ],
              [
                -81.324374,
                40.8009
              ],
              [
                -81.324264,
                40.800934
              ],
              [
                -81.324102,
                40.800991
              ],
              [
                -81.32391,
                40.801066
              ],
              [
                -81.325277,
                40.802993
              ],
              [
                -81.32505,
                40.803965
              ],
              [
                -81.324924,
                40.804347
              ],
              [
                -81.324668,
                40.805447
              ],
              [
                -81.321557,
                40.803903
              ],
              [
                -81.319848,
                40.803055
              ],
              [
                -81.319518,
                40.802851
              ],
              [
                -81.319516,
                40.802925
              ],
              [
                -81.319413,
                40.804427
              ],
              [
                -81.320166,
                40.804453
              ],
              [
                -81.320464,
                40.804462
              ],
              [
                -81.320416,
                40.805321
              ],
              [
                -81.319386,
                40.805287
              ],
              [
                -81.31937,
                40.80556
              ],
              [
                -81.319296,
                40.8065
              ],
              [
                -81.32157,
                40.806572
              ],
              [
                -81.321522,
                40.807439
              ],
              [
                -81.320592,
                40.80744
              ],
              [
                -81.320411,
                40.810704
              ],
              [
                -81.320398,
                40.810873
              ],
              [
                -81.32037,
                40.810849
              ],
              [
                -81.319938,
                40.81066
              ],
              [
                -81.319764,
                40.810584
              ],
              [
                -81.319663,
                40.810476
              ],
              [
                -81.31957,
                40.810437
              ],
              [
                -81.319385,
                40.810166
              ],
              [
                -81.319235,
                40.810166
              ],
              [
                -81.319063,
                40.810196
              ],
              [
                -81.318994,
                40.810201
              ],
              [
                -81.318909,
                40.810202
              ],
              [
                -81.317772,
                40.810171
              ],
              [
                -81.316906,
                40.810141
              ],
              [
                -81.315245,
                40.810101
              ],
              [
                -81.312447,
                40.810013
              ],
              [
                -81.311012,
                40.809972
              ],
              [
                -81.309894,
                40.809945
              ],
              [
                -81.309502,
                40.809931
              ],
              [
                -81.309316,
                40.809921
              ],
              [
                -81.309284,
                40.810096
              ],
              [
                -81.309266,
                40.810674
              ],
              [
                -81.309245,
                40.810992
              ],
              [
                -81.309217,
                40.81137
              ],
              [
                -81.309213,
                40.811748
              ],
              [
                -81.309198,
                40.811955
              ],
              [
                -81.309037,
                40.81449
              ],
              [
                -81.314416,
                40.814705
              ],
              [
                -81.314313,
                40.816076
              ],
              [
                -81.314258,
                40.81706
              ],
              [
                -81.31864,
                40.815379
              ],
              [
                -81.318651,
                40.815166
              ],
              [
                -81.319947,
                40.814832
              ],
              [
                -81.320293,
                40.814844
              ],
              [
                -81.320395,
                40.814848
              ],
              [
                -81.320731,
                40.81486
              ],
              [
                -81.321123,
                40.814875
              ],
              [
                -81.321247,
                40.814879
              ],
              [
                -81.321284,
                40.814805
              ],
              [
                -81.32222,
                40.812923
              ],
              [
                -81.322738,
                40.811884
              ],
              [
                -81.322808,
                40.811664
              ],
              [
                -81.322942,
                40.811689
              ],
              [
                -81.323759,
                40.811847
              ],
              [
                -81.324193,
                40.811931
              ],
              [
                -81.324842,
                40.812184
              ],
              [
                -81.325216,
                40.81232
              ],
              [
                -81.325471,
                40.812456
              ],
              [
                -81.325988,
                40.812784
              ],
              [
                -81.326041,
                40.812817
              ],
              [
                -81.326137,
                40.81278
              ],
              [
                -81.328688,
                40.811677
              ],
              [
                -81.336771,
                40.808181
              ],
              [
                -81.33798,
                40.808123
              ],
              [
                -81.338206,
                40.808054
              ],
              [
                -81.338318,
                40.808021
              ],
              [
                -81.338414,
                40.807985
              ],
              [
                -81.338653,
                40.807977
              ],
              [
                -81.3385,
                40.808201
              ],
              [
                -81.338534,
                40.808283
              ],
              [
                -81.338522,
                40.808419
              ],
              [
                -81.338548,
                40.809209
              ],
              [
                -81.338462,
                40.810757
              ],
              [
                -81.336851,
                40.810704
              ],
              [
                -81.336266,
                40.810685
              ],
              [
                -81.335559,
                40.810666
              ],
              [
                -81.335569,
                40.810762
              ],
              [
                -81.335717,
                40.811339
              ],
              [
                -81.333702,
                40.812207
              ],
              [
                -81.331551,
                40.813133
              ],
              [
                -81.331625,
                40.811611
              ],
              [
                -81.32716,
                40.813462
              ],
              [
                -81.327555,
                40.813709
              ],
              [
                -81.327515,
                40.813936
              ],
              [
                -81.327231,
                40.813926
              ],
              [
                -81.326853,
                40.813811
              ],
              [
                -81.325833,
                40.814558
              ],
              [
                -81.325826,
                40.815014
              ],
              [
                -81.326178,
                40.815022
              ],
              [
                -81.326367,
                40.815275
              ],
              [
                -81.326259,
                40.815325
              ],
              [
                -81.326087,
                40.815402
              ],
              [
                -81.323528,
                40.816572
              ],
              [
                -81.320771,
                40.817831
              ],
              [
                -81.318457,
                40.818885
              ],
              [
                -81.317789,
                40.819194
              ],
              [
                -81.317781,
                40.81941
              ],
              [
                -81.317728,
                40.821806
              ],
              [
                -81.317658,
                40.822842
              ],
              [
                -81.317636,
                40.82325
              ],
              [
                -81.31744,
                40.823035
              ],
              [
                -81.31739,
                40.822965
              ],
              [
                -81.316987,
                40.823152
              ],
              [
                -81.316892,
                40.823196
              ],
              [
                -81.316195,
                40.823518
              ],
              [
                -81.315381,
                40.823887
              ],
              [
                -81.315109,
                40.824005
              ],
              [
                -81.315371,
                40.824405
              ],
              [
                -81.315503,
                40.824658
              ],
              [
                -81.315569,
                40.82488
              ],
              [
                -81.315592,
                40.825032
              ],
              [
                -81.316728,
                40.825046
              ],
              [
                -81.317508,
                40.825093
              ],
              [
                -81.317495,
                40.825257
              ],
              [
                -81.317476,
                40.825625
              ],
              [
                -81.317453,
                40.826043
              ],
              [
                -81.317424,
                40.826555
              ],
              [
                -81.317397,
                40.827044
              ],
              [
                -81.317388,
                40.827203
              ],
              [
                -81.317378,
                40.827371
              ],
              [
                -81.317267,
                40.829334
              ],
              [
                -81.317242,
                40.829789
              ],
              [
                -81.316616,
                40.829764
              ],
              [
                -81.316637,
                40.830488
              ],
              [
                -81.317724,
                40.830531
              ],
              [
                -81.317749,
                40.830531
              ],
              [
                -81.31773,
                40.831092
              ],
              [
                -81.317394,
                40.831074
              ],
              [
                -81.316106,
                40.83103
              ],
              [
                -81.316173,
                40.831765
              ],
              [
                -81.315671,
                40.831782
              ],
              [
                -81.315704,
                40.832227
              ],
              [
                -81.31557,
                40.832234
              ],
              [
                -81.315545,
                40.832255
              ],
              [
                -81.315492,
                40.832273
              ],
              [
                -81.31542,
                40.832279
              ],
              [
                -81.315159,
                40.832275
              ],
              [
                -81.314294,
                40.83224
              ],
              [
                -81.314209,
                40.832242
              ],
              [
                -81.313811,
                40.832312
              ],
              [
                -81.313755,
                40.832321
              ],
              [
                -81.313581,
                40.832348
              ],
              [
                -81.31365,
                40.832606
              ],
              [
                -81.313838,
                40.833317
              ],
              [
                -81.313945,
                40.833558
              ],
              [
                -81.314029,
                40.833746
              ],
              [
                -81.314297,
                40.83434
              ],
              [
                -81.315161,
                40.834357
              ],
              [
                -81.315181,
                40.835122
              ],
              [
                -81.315271,
                40.835675
              ],
              [
                -81.316278,
                40.835713
              ],
              [
                -81.316227,
                40.836623
              ],
              [
                -81.315929,
                40.836616
              ],
              [
                -81.315548,
                40.836607
              ],
              [
                -81.31455,
                40.836568
              ],
              [
                -81.31304,
                40.836508
              ],
              [
                -81.31304,
                40.836472
              ],
              [
                -81.313048,
                40.836345
              ],
              [
                -81.313075,
                40.835882
              ],
              [
                -81.312714,
                40.835868
              ],
              [
                -81.312679,
                40.836494
              ],
              [
                -81.312573,
                40.83649
              ],
              [
                -81.310813,
                40.836408
              ],
              [
                -81.310826,
                40.835057
              ],
              [
                -81.311628,
                40.835057
              ],
              [
                -81.311628,
                40.834686
              ],
              [
                -81.311625,
                40.834527
              ],
              [
                -81.311648,
                40.834528
              ],
              [
                -81.31235,
                40.834555
              ],
              [
                -81.312765,
                40.834571
              ],
              [
                -81.312869,
                40.834573
              ],
              [
                -81.312973,
                40.83457
              ],
              [
                -81.313077,
                40.834563
              ],
              [
                -81.31318,
                40.834551
              ],
              [
                -81.313271,
                40.834537
              ],
              [
                -81.31336,
                40.83452
              ],
              [
                -81.313448,
                40.834499
              ],
              [
                -81.313517,
                40.834482
              ],
              [
                -81.313616,
                40.834456
              ],
              [
                -81.313478,
                40.834127
              ],
              [
                -81.313347,
                40.833817
              ],
              [
                -81.313211,
                40.833473
              ],
              [
                -81.313151,
                40.8333
              ],
              [
                -81.312965,
                40.832643
              ],
              [
                -81.312917,
                40.832451
              ],
              [
                -81.312569,
                40.83119
              ],
              [
                -81.312245,
                40.829911
              ],
              [
                -81.312019,
                40.829113
              ],
              [
                -81.311445,
                40.82906
              ],
              [
                -81.310575,
                40.829064
              ],
              [
                -81.309292,
                40.829098
              ],
              [
                -81.308243,
                40.829125
              ],
              [
                -81.307992,
                40.833436
              ],
              [
                -81.307944,
                40.834156
              ],
              [
                -81.30793,
                40.834409
              ],
              [
                -81.30792,
                40.834523
              ],
              [
                -81.308848,
                40.834523
              ],
              [
                -81.309532,
                40.834532
              ],
              [
                -81.309423,
                40.836342
              ],
              [
                -81.308879,
                40.836321
              ],
              [
                -81.30864,
                40.836322
              ],
              [
                -81.308523,
                40.83633
              ],
              [
                -81.307819,
                40.836305
              ],
              [
                -81.307806,
                40.836499
              ],
              [
                -81.307656,
                40.839515
              ],
              [
                -81.307582,
                40.84058
              ],
              [
                -81.307515,
                40.840546
              ],
              [
                -81.307435,
                40.840507
              ],
              [
                -81.307153,
                40.840371
              ],
              [
                -81.306982,
                40.84019
              ],
              [
                -81.306727,
                40.839916
              ],
              [
                -81.306568,
                40.839751
              ],
              [
                -81.306417,
                40.839513
              ],
              [
                -81.306279,
                40.839293
              ],
              [
                -81.306252,
                40.839251
              ],
              [
                -81.306156,
                40.838992
              ],
              [
                -81.30589,
                40.838274
              ],
              [
                -81.305748,
                40.838269
              ],
              [
                -81.305694,
                40.83827
              ],
              [
                -81.305678,
                40.838577
              ],
              [
                -81.305656,
                40.838998
              ],
              [
                -81.305697,
                40.839132
              ],
              [
                -81.305638,
                40.840096
              ],
              [
                -81.305584,
                40.840992
              ],
              [
                -81.305541,
                40.840988
              ],
              [
                -81.305301,
                40.840983
              ],
              [
                -81.305299,
                40.841191
              ],
              [
                -81.305233,
                40.842344
              ],
              [
                -81.305224,
                40.842453
              ],
              [
                -81.302405,
                40.843367
              ],
              [
                -81.301599,
                40.843628
              ],
              [
                -81.300998,
                40.843824
              ],
              [
                -81.300397,
                40.844003
              ],
              [
                -81.299684,
                40.844227
              ],
              [
                -81.297735,
                40.844812
              ],
              [
                -81.297727,
                40.844959
              ],
              [
                -81.297698,
                40.845495
              ],
              [
                -81.297691,
                40.845615
              ],
              [
                -81.29961,
                40.845676
              ],
              [
                -81.29951,
                40.847483
              ],
              [
                -81.301428,
                40.847544
              ],
              [
                -81.306424,
                40.847701
              ],
              [
                -81.306843,
                40.847715
              ],
              [
                -81.307237,
                40.847727
              ],
              [
                -81.307273,
                40.847129
              ],
              [
                -81.30941,
                40.848966
              ],
              [
                -81.310945,
                40.850306
              ],
              [
                -81.311125,
                40.850173
              ],
              [
                -81.311289,
                40.850051
              ],
              [
                -81.312556,
                40.851124
              ],
              [
                -81.313475,
                40.851901
              ],
              [
                -81.313288,
                40.852034
              ],
              [
                -81.313063,
                40.852187
              ],
              [
                -81.313505,
                40.852549
              ],
              [
                -81.313557,
                40.852592
              ],
              [
                -81.313639,
                40.852572
              ],
              [
                -81.315219,
                40.852432
              ],
              [
                -81.316666,
                40.85242
              ],
              [
                -81.316668,
                40.852399
              ],
              [
                -81.317437,
                40.852397
              ],
              [
                -81.317705,
                40.852397
              ],
              [
                -81.317705,
                40.853794
              ],
              [
                -81.315263,
                40.853829
              ],
              [
                -81.315567,
                40.854066
              ],
              [
                -81.316591,
                40.854954
              ],
              [
                -81.316501,
                40.855054
              ],
              [
                -81.316541,
                40.8551
              ],
              [
                -81.316587,
                40.855165
              ],
              [
                -81.317426,
                40.856666
              ],
              [
                -81.317929,
                40.857554
              ],
              [
                -81.318174,
                40.857996
              ],
              [
                -81.318205,
                40.85804
              ],
              [
                -81.318259,
                40.858097
              ],
              [
                -81.318294,
                40.858126
              ],
              [
                -81.318361,
                40.858166
              ],
              [
                -81.318389,
                40.858178
              ],
              [
                -81.31838,
                40.858315
              ],
              [
                -81.321671,
                40.858341
              ],
              [
                -81.321647,
                40.859445
              ],
              [
                -81.322601,
                40.859367
              ],
              [
                -81.324152,
                40.859406
              ],
              [
                -81.325908,
                40.859448
              ],
              [
                -81.325938,
                40.858869
              ],
              [
                -81.325986,
                40.8582
              ],
              [
                -81.326014,
                40.858092
              ],
              [
                -81.325426,
                40.8581
              ],
              [
                -81.325458,
                40.857452
              ],
              [
                -81.325706,
                40.857379
              ],
              [
                -81.326044,
                40.85728
              ],
              [
                -81.326036,
                40.857396
              ],
              [
                -81.326022,
                40.857664
              ],
              [
                -81.326017,
                40.857754
              ],
              [
                -81.327256,
                40.857764
              ],
              [
                -81.327437,
                40.85777
              ],
              [
                -81.327416,
                40.85805
              ],
              [
                -81.327609,
                40.858262
              ],
              [
                -81.327662,
                40.85832
              ],
              [
                -81.327768,
                40.858326
              ],
              [
                -81.328096,
                40.858583
              ],
              [
                -81.328498,
                40.858356
              ],
              [
                -81.32875,
                40.857942
              ],
              [
                -81.328516,
                40.857643
              ],
              [
                -81.328408,
                40.857505
              ],
              [
                -81.328203,
                40.857241
              ],
              [
                -81.328134,
                40.8571
              ],
              [
                -81.328164,
                40.857028
              ],
              [
                -81.328001,
                40.856881
              ],
              [
                -81.327968,
                40.856671
              ],
              [
                -81.327909,
                40.856599
              ],
              [
                -81.327976,
                40.856338
              ],
              [
                -81.327984,
                40.856032
              ],
              [
                -81.327427,
                40.856016
              ],
              [
                -81.327185,
                40.856009
              ],
              [
                -81.327081,
                40.856056
              ],
              [
                -81.326957,
                40.856112
              ],
              [
                -81.326899,
                40.857013
              ],
              [
                -81.326857,
                40.857018
              ],
              [
                -81.326675,
                40.857203
              ],
              [
                -81.326052,
                40.85718
              ],
              [
                -81.326098,
                40.856541
              ],
              [
                -81.326169,
                40.855362
              ],
              [
                -81.326211,
                40.85474
              ],
              [
                -81.326289,
                40.853706
              ],
              [
                -81.326339,
                40.852847
              ],
              [
                -81.326446,
                40.851238
              ],
              [
                -81.326029,
                40.851227
              ],
              [
                -81.323807,
                40.851137
              ],
              [
                -81.323833,
                40.850619
              ],
              [
                -81.323862,
                40.850111
              ],
              [
                -81.323845,
                40.850056
              ],
              [
                -81.324934,
                40.85011
              ],
              [
                -81.324937,
                40.849992
              ],
              [
                -81.324959,
                40.849601
              ],
              [
                -81.325006,
                40.848672
              ],
              [
                -81.326174,
                40.848723
              ],
              [
                -81.326579,
                40.848739
              ],
              [
                -81.326598,
                40.848397
              ],
              [
                -81.326201,
                40.848421
              ],
              [
                -81.325074,
                40.848273
              ],
              [
                -81.325078,
                40.84824
              ],
              [
                -81.326213,
                40.848274
              ],
              [
                -81.326603,
                40.848287
              ],
              [
                -81.326614,
                40.848087
              ],
              [
                -81.326716,
                40.84617
              ],
              [
                -81.326801,
                40.844734
              ],
              [
                -81.326813,
                40.84446
              ],
              [
                -81.326474,
                40.844474
              ],
              [
                -81.324963,
                40.844457
              ],
              [
                -81.324979,
                40.84419
              ],
              [
                -81.324615,
                40.844181
              ],
              [
                -81.323245,
                40.844147
              ],
              [
                -81.323518,
                40.84393
              ],
              [
                -81.323116,
                40.843657
              ],
              [
                -81.322742,
                40.843238
              ],
              [
                -81.323266,
                40.84278
              ],
              [
                -81.324019,
                40.843342
              ],
              [
                -81.324133,
                40.843433
              ],
              [
                -81.324255,
                40.843334
              ],
              [
                -81.32479,
                40.842923
              ],
              [
                -81.325369,
                40.842466
              ],
              [
                -81.326365,
                40.841689
              ],
              [
                -81.326586,
                40.841519
              ],
              [
                -81.326494,
                40.841403
              ],
              [
                -81.326059,
                40.840873
              ],
              [
                -81.325917,
                40.840698
              ],
              [
                -81.324434,
                40.840646
              ],
              [
                -81.324369,
                40.840642
              ],
              [
                -81.324376,
                40.840485
              ],
              [
                -81.324438,
                40.839579
              ],
              [
                -81.324484,
                40.839582
              ],
              [
                -81.326415,
                40.839659
              ],
              [
                -81.326921,
                40.839679
              ],
              [
                -81.327031,
                40.839683
              ],
              [
                -81.32703,
                40.839984
              ],
              [
                -81.326997,
                40.840758
              ],
              [
                -81.326996,
                40.840862
              ],
              [
                -81.326966,
                40.841239
              ],
              [
                -81.327096,
                40.841149
              ],
              [
                -81.327318,
                40.84102
              ],
              [
                -81.327861,
                40.840735
              ],
              [
                -81.328348,
                40.840493
              ],
              [
                -81.32859,
                40.840376
              ],
              [
                -81.328536,
                40.841672
              ],
              [
                -81.328202,
                40.841656
              ],
              [
                -81.328133,
                40.842831
              ],
              [
                -81.326885,
                40.842795
              ],
              [
                -81.32687,
                40.843159
              ],
              [
                -81.328099,
                40.843184
              ],
              [
                -81.328028,
                40.844388
              ],
              [
                -81.329969,
                40.844464
              ],
              [
                -81.330033,
                40.843067
              ],
              [
                -81.330113,
                40.841339
              ],
              [
                -81.330146,
                40.840589
              ],
              [
                -81.330181,
                40.83977
              ],
              [
                -81.330189,
                40.839673
              ],
              [
                -81.330244,
                40.83965
              ],
              [
                -81.329732,
                40.838275
              ],
              [
                -81.330414,
                40.838267
              ],
              [
                -81.331709,
                40.838318
              ],
              [
                -81.331702,
                40.838475
              ],
              [
                -81.331672,
                40.839041
              ],
              [
                -81.331865,
                40.838958
              ],
              [
                -81.332066,
                40.838869
              ],
              [
                -81.332521,
                40.838671
              ],
              [
                -81.332737,
                40.838573
              ],
              [
                -81.332816,
                40.838537
              ],
              [
                -81.332862,
                40.837258
              ],
              [
                -81.334282,
                40.837306
              ],
              [
                -81.334519,
                40.837318
              ],
              [
                -81.334578,
                40.837325
              ],
              [
                -81.334638,
                40.837337
              ],
              [
                -81.334829,
                40.837406
              ],
              [
                -81.335218,
                40.837158
              ],
              [
                -81.335062,
                40.836964
              ],
              [
                -81.334933,
                40.836783
              ],
              [
                -81.334753,
                40.8365
              ],
              [
                -81.334642,
                40.836286
              ],
              [
                -81.334496,
                40.835887
              ],
              [
                -81.334442,
                40.835662
              ],
              [
                -81.33512,
                40.835507
              ],
              [
                -81.335443,
                40.83543
              ],
              [
                -81.335741,
                40.835359
              ],
              [
                -81.336419,
                40.835188
              ],
              [
                -81.336861,
                40.835068
              ],
              [
                -81.337524,
                40.834874
              ],
              [
                -81.338239,
                40.834657
              ],
              [
                -81.338838,
                40.834463
              ],
              [
                -81.339897,
                40.834107
              ],
              [
                -81.339899,
                40.833955
              ],
              [
                -81.339904,
                40.833591
              ],
              [
                -81.339626,
                40.83358
              ],
              [
                -81.339163,
                40.833558
              ],
              [
                -81.337814,
                40.833511
              ],
              [
                -81.336978,
                40.833489
              ],
              [
                -81.33663,
                40.833483
              ],
              [
                -81.3365,
                40.833476
              ],
              [
                -81.336099,
                40.833457
              ],
              [
                -81.335742,
                40.833447
              ],
              [
                -81.335445,
                40.833446
              ],
              [
                -81.335325,
                40.833456
              ],
              [
                -81.335206,
                40.833474
              ],
              [
                -81.335197,
                40.833443
              ],
              [
                -81.335181,
                40.833327
              ],
              [
                -81.335192,
                40.832948
              ],
              [
                -81.335197,
                40.832826
              ],
              [
                -81.333795,
                40.832772
              ],
              [
                -81.333788,
                40.83291
              ],
              [
                -81.333764,
                40.83329
              ],
              [
                -81.333763,
                40.83339
              ],
              [
                -81.333763,
                40.83348
              ],
              [
                -81.333393,
                40.833466
              ],
              [
                -81.330747,
                40.833369
              ],
              [
                -81.330662,
                40.833365
              ],
              [
                -81.330547,
                40.833353
              ],
              [
                -81.330134,
                40.833328
              ],
              [
                -81.330052,
                40.833324
              ],
              [
                -81.330049,
                40.833254
              ],
              [
                -81.330053,
                40.833182
              ],
              [
                -81.330068,
                40.832872
              ],
              [
                -81.330082,
                40.832584
              ],
              [
                -81.330107,
                40.832525
              ],
              [
                -81.329554,
                40.832212
              ],
              [
                -81.329342,
                40.832101
              ],
              [
                -81.329184,
                40.832035
              ],
              [
                -81.329078,
                40.832002
              ],
              [
                -81.328954,
                40.831976
              ],
              [
                -81.32889,
                40.831967
              ],
              [
                -81.328748,
                40.831947
              ],
              [
                -81.328498,
                40.831929
              ],
              [
                -81.328385,
                40.831927
              ],
              [
                -81.328269,
                40.831932
              ],
              [
                -81.328153,
                40.831942
              ],
              [
                -81.328124,
                40.831946
              ],
              [
                -81.328038,
                40.831957
              ],
              [
                -81.32796,
                40.831971
              ],
              [
                -81.328006,
                40.830992
              ],
              [
                -81.328042,
                40.830246
              ],
              [
                -81.328118,
                40.830249
              ],
              [
                -81.328141,
                40.829771
              ],
              [
                -81.328621,
                40.829793
              ],
              [
                -81.328989,
                40.829811
              ],
              [
                -81.329687,
                40.829826
              ],
              [
                -81.330948,
                40.829866
              ],
              [
                -81.331833,
                40.829896
              ],
              [
                -81.332015,
                40.829902
              ],
              [
                -81.332389,
                40.829915
              ],
              [
                -81.332961,
                40.829935
              ],
              [
                -81.335337,
                40.830019
              ],
              [
                -81.336032,
                40.830043
              ],
              [
                -81.33718,
                40.83009
              ],
              [
                -81.337255,
                40.830092
              ],
              [
                -81.337808,
                40.830112
              ],
              [
                -81.33862,
                40.830148
              ],
              [
                -81.338666,
                40.82937
              ],
              [
                -81.33922,
                40.829391
              ],
              [
                -81.339172,
                40.830169
              ],
              [
                -81.339283,
                40.830173
              ],
              [
                -81.339829,
                40.830193
              ],
              [
                -81.340444,
                40.830217
              ],
              [
                -81.340996,
                40.830238
              ],
              [
                -81.341272,
                40.830249
              ],
              [
                -81.341554,
                40.830262
              ],
              [
                -81.341647,
                40.830266
              ],
              [
                -81.341805,
                40.83027
              ],
              [
                -81.342238,
                40.830283
              ],
              [
                -81.342531,
                40.830291
              ],
              [
                -81.343285,
                40.830321
              ],
              [
                -81.343613,
                40.830334
              ],
              [
                -81.344779,
                40.830382
              ],
              [
                -81.34534,
                40.830399
              ],
              [
                -81.34574,
                40.830412
              ],
              [
                -81.345725,
                40.830962
              ],
              [
                -81.345828,
                40.830969
              ],
              [
                -81.346263,
                40.830987
              ],
              [
                -81.346271,
                40.830848
              ],
              [
                -81.346423,
                40.830855
              ],
              [
                -81.346447,
                40.830436
              ],
              [
                -81.346777,
                40.830448
              ],
              [
                -81.346997,
                40.828599
              ],
              [
                -81.347024,
                40.828381
              ],
              [
                -81.347039,
                40.827693
              ],
              [
                -81.347142,
                40.826883
              ],
              [
                -81.347443,
                40.826884
              ],
              [
                -81.348094,
                40.826898
              ],
              [
                -81.348693,
                40.82692
              ],
              [
                -81.348685,
                40.82704
              ],
              [
                -81.348673,
                40.827137
              ],
              [
                -81.34879,
                40.827137
              ],
              [
                -81.350444,
                40.827174
              ],
              [
                -81.35031,
                40.828542
              ],
              [
                -81.350123,
                40.830636
              ],
              [
                -81.350105,
                40.830838
              ],
              [
                -81.350129,
                40.830998
              ],
              [
                -81.348609,
                40.831221
              ],
              [
                -81.348597,
                40.831509
              ],
              [
                -81.348593,
                40.831688
              ],
              [
                -81.348076,
                40.831674
              ],
              [
                -81.348069,
                40.8318
              ],
              [
                -81.348055,
                40.832069
              ],
              [
                -81.348042,
                40.832255
              ],
              [
                -81.346858,
                40.832208
              ],
              [
                -81.346722,
                40.8322
              ],
              [
                -81.346704,
                40.832628
              ],
              [
                -81.348023,
                40.832674
              ],
              [
                -81.347969,
                40.833925
              ],
              [
                -81.350464,
                40.833993
              ],
              [
                -81.350487,
                40.834262
              ],
              [
                -81.350486,
                40.834275
              ],
              [
                -81.350487,
                40.835089
              ],
              [
                -81.350353,
                40.836889
              ],
              [
                -81.35031,
                40.837504
              ],
              [
                -81.350289,
                40.8378
              ],
              [
                -81.350283,
                40.837854
              ],
              [
                -81.350358,
                40.837856
              ],
              [
                -81.353752,
                40.837943
              ],
              [
                -81.356013,
                40.838004
              ],
              [
                -81.356029,
                40.838004
              ],
              [
                -81.35606,
                40.83749
              ],
              [
                -81.35611,
                40.836649
              ],
              [
                -81.355348,
                40.836626
              ],
              [
                -81.354453,
                40.8366
              ],
              [
                -81.353611,
                40.836575
              ],
              [
                -81.353619,
                40.83644
              ],
              [
                -81.353634,
                40.836358
              ],
              [
                -81.353744,
                40.835969
              ],
              [
                -81.353733,
                40.835958
              ],
              [
                -81.353723,
                40.835937
              ],
              [
                -81.353712,
                40.835741
              ],
              [
                -81.353695,
                40.835637
              ],
              [
                -81.353657,
                40.835551
              ],
              [
                -81.353582,
                40.835452
              ],
              [
                -81.353268,
                40.835103
              ],
              [
                -81.353222,
                40.835056
              ],
              [
                -81.353148,
                40.83496
              ],
              [
                -81.353112,
                40.834896
              ],
              [
                -81.353053,
                40.834759
              ],
              [
                -81.353037,
                40.834687
              ],
              [
                -81.353027,
                40.83461
              ],
              [
                -81.35303,
                40.83447
              ],
              [
                -81.353044,
                40.834218
              ],
              [
                -81.353067,
                40.833834
              ],
              [
                -81.353064,
                40.833662
              ],
              [
                -81.353052,
                40.833554
              ],
              [
                -81.35302,
                40.833435
              ],
              [
                -81.352968,
                40.83332
              ],
              [
                -81.35289,
                40.833211
              ],
              [
                -81.352849,
                40.833123
              ],
              [
                -81.352827,
                40.83304
              ],
              [
                -81.35282,
                40.832923
              ],
              [
                -81.352822,
                40.832887
              ],
              [
                -81.352074,
                40.832887
              ],
              [
                -81.352075,
                40.83241
              ],
              [
                -81.351795,
                40.831579
              ],
              [
                -81.351783,
                40.831564
              ],
              [
                -81.351788,
                40.83149
              ],
              [
                -81.35181,
                40.831124
              ],
              [
                -81.351811,
                40.831106
              ],
              [
                -81.351836,
                40.830716
              ],
              [
                -81.351841,
                40.830546
              ],
              [
                -81.351784,
                40.830546
              ],
              [
                -81.351627,
                40.830548
              ],
              [
                -81.351094,
                40.830571
              ],
              [
                -81.351097,
                40.830447
              ],
              [
                -81.351185,
                40.828667
              ],
              [
                -81.351187,
                40.82857
              ],
              [
                -81.351534,
                40.828573
              ],
              [
                -81.351566,
                40.828573
              ],
              [
                -81.353054,
                40.828616
              ],
              [
                -81.353121,
                40.827408
              ],
              [
                -81.355325,
                40.82748
              ],
              [
                -81.356621,
                40.827521
              ],
              [
                -81.35699,
                40.827481
              ],
              [
                -81.359217,
                40.827553
              ],
              [
                -81.361831,
                40.827642
              ],
              [
                -81.362339,
                40.827658
              ],
              [
                -81.36386,
                40.827708
              ],
              [
                -81.364883,
                40.827741
              ],
              [
                -81.366134,
                40.827781
              ],
              [
                -81.366229,
                40.827777
              ],
              [
                -81.36624,
                40.827442
              ],
              [
                -81.366374,
                40.827439
              ],
              [
                -81.36639,
                40.827938
              ],
              [
                -81.366389,
                40.828401
              ],
              [
                -81.366371,
                40.829093
              ],
              [
                -81.366366,
                40.82924
              ],
              [
                -81.366358,
                40.829501
              ],
              [
                -81.366352,
                40.829708
              ],
              [
                -81.366334,
                40.830036
              ],
              [
                -81.366318,
                40.830227
              ],
              [
                -81.36627,
                40.830511
              ],
              [
                -81.366208,
                40.830851
              ],
              [
                -81.366181,
                40.830911
              ],
              [
                -81.366124,
                40.830984
              ],
              [
                -81.36604,
                40.832109
              ],
              [
                -81.365993,
                40.832828
              ],
              [
                -81.365974,
                40.833124
              ],
              [
                -81.365942,
                40.833594
              ],
              [
                -81.365906,
                40.834151
              ],
              [
                -81.365853,
                40.835186
              ],
              [
                -81.365801,
                40.836246
              ],
              [
                -81.365751,
                40.837215
              ],
              [
                -81.365724,
                40.837724
              ],
              [
                -81.364892,
                40.837696
              ],
              [
                -81.363418,
                40.837653
              ],
              [
                -81.363412,
                40.837752
              ],
              [
                -81.363322,
                40.837749
              ],
              [
                -81.363318,
                40.837818
              ],
              [
                -81.362874,
                40.837804
              ],
              [
                -81.362853,
                40.838203
              ],
              [
                -81.362145,
                40.838182
              ],
              [
                -81.361791,
                40.838172
              ],
              [
                -81.361492,
                40.838163
              ],
              [
                -81.361193,
                40.838155
              ],
              [
                -81.360894,
                40.838146
              ],
              [
                -81.360595,
                40.838137
              ],
              [
                -81.360296,
                40.838128
              ],
              [
                -81.359528,
                40.83811
              ],
              [
                -81.359328,
                40.838487
              ],
              [
                -81.358867,
                40.839339
              ],
              [
                -81.358392,
                40.840161
              ],
              [
                -81.358281,
                40.840325
              ],
              [
                -81.358077,
                40.840561
              ],
              [
                -81.357992,
                40.840649
              ],
              [
                -81.358033,
                40.840693
              ],
              [
                -81.358082,
                40.840734
              ],
              [
                -81.358174,
                40.840781
              ],
              [
                -81.358082,
                40.842556
              ],
              [
                -81.358069,
                40.842841
              ],
              [
                -81.358025,
                40.843805
              ],
              [
                -81.35799,
                40.84457
              ],
              [
                -81.357426,
                40.844553
              ],
              [
                -81.356994,
                40.84454
              ],
              [
                -81.356861,
                40.844536
              ],
              [
                -81.35683,
                40.845243
              ],
              [
                -81.356829,
                40.845295
              ],
              [
                -81.356791,
                40.845294
              ],
              [
                -81.355713,
                40.845268
              ],
              [
                -81.352362,
                40.845186
              ],
              [
                -81.353669,
                40.842293
              ],
              [
                -81.353463,
                40.842296
              ],
              [
                -81.353649,
                40.841788
              ],
              [
                -81.353577,
                40.841789
              ],
              [
                -81.352771,
                40.841798
              ],
              [
                -81.352577,
                40.841802
              ],
              [
                -81.351866,
                40.841818
              ],
              [
                -81.351426,
                40.841833
              ],
              [
                -81.351253,
                40.841843
              ],
              [
                -81.351244,
                40.843291
              ],
              [
                -81.351252,
                40.843422
              ],
              [
                -81.349979,
                40.843411
              ],
              [
                -81.350008,
                40.845168
              ],
              [
                -81.349726,
                40.845156
              ],
              [
                -81.346038,
                40.845032
              ],
              [
                -81.345982,
                40.846117
              ],
              [
                -81.345812,
                40.849123
              ],
              [
                -81.345773,
                40.849122
              ],
              [
                -81.345776,
                40.849799
              ],
              [
                -81.345734,
                40.850564
              ],
              [
                -81.345604,
                40.85394
              ],
              [
                -81.345541,
                40.858452
              ],
              [
                -81.345488,
                40.859642
              ],
              [
                -81.346244,
                40.859666
              ],
              [
                -81.347385,
                40.859702
              ],
              [
                -81.347755,
                40.859713
              ],
              [
                -81.348288,
                40.859727
              ],
              [
                -81.348441,
                40.85973
              ],
              [
                -81.348667,
                40.859735
              ],
              [
                -81.349555,
                40.859755
              ],
              [
                -81.350975,
                40.859798
              ],
              [
                -81.351675,
                40.859813
              ],
              [
                -81.352545,
                40.859843
              ],
              [
                -81.353678,
                40.859876
              ],
              [
                -81.354957,
                40.859912
              ],
              [
                -81.355814,
                40.859935
              ],
              [
                -81.358183,
                40.859981
              ],
              [
                -81.358611,
                40.859992
              ],
              [
                -81.359308,
                40.860003
              ],
              [
                -81.361381,
                40.860046
              ],
              [
                -81.361892,
                40.860056
              ],
              [
                -81.362506,
                40.860068
              ],
              [
                -81.362765,
                40.860072
              ],
              [
                -81.363097,
                40.860076
              ],
              [
                -81.364618,
                40.860113
              ],
              [
                -81.364693,
                40.858477
              ],
              [
                -81.364719,
                40.858027
              ],
              [
                -81.364783,
                40.856764
              ],
              [
                -81.364913,
                40.856757
              ],
              [
                -81.364985,
                40.856757
              ],
              [
                -81.365037,
                40.856484
              ],
              [
                -81.365622,
                40.8565
              ],
              [
                -81.367478,
                40.856552
              ],
              [
                -81.370142,
                40.856626
              ],
              [
                -81.37194,
                40.856675
              ],
              [
                -81.374458,
                40.856742
              ],
              [
                -81.374598,
                40.853228
              ],
              [
                -81.374662,
                40.85323
              ],
              [
                -81.3765,
                40.853289
              ],
              [
                -81.384253,
                40.853378
              ],
              [
                -81.38435,
                40.853379
              ],
              [
                -81.38435,
                40.853412
              ],
              [
                -81.384332,
                40.853766
              ],
              [
                -81.38541,
                40.853784
              ],
              [
                -81.385418,
                40.85351
              ],
              [
                -81.38542,
                40.853428
              ],
              [
                -81.386233,
                40.85345
              ],
              [
                -81.386315,
                40.853449
              ],
              [
                -81.386413,
                40.853455
              ],
              [
                -81.387766,
                40.853492
              ],
              [
                -81.387858,
                40.853494
              ],
              [
                -81.388732,
                40.853512
              ],
              [
                -81.389194,
                40.853533
              ],
              [
                -81.389324,
                40.853542
              ],
              [
                -81.39319,
                40.853643
              ],
              [
                -81.393904,
                40.853653
              ],
              [
                -81.395576,
                40.85371
              ],
              [
                -81.397193,
                40.853765
              ],
              [
                -81.400972,
                40.853888
              ],
              [
                -81.401062,
                40.853891
              ],
              [
                -81.402705,
                40.853945
              ],
              [
                -81.403198,
                40.85396
              ],
              [
                -81.403665,
                40.853976
              ],
              [
                -81.40825,
                40.854122
              ],
              [
                -81.408253,
                40.853928
              ],
              [
                -81.408251,
                40.853434
              ],
              [
                -81.408367,
                40.851716
              ],
              [
                -81.408534,
                40.849443
              ],
              [
                -81.408161,
                40.848908
              ],
              [
                -81.407694,
                40.84823
              ],
              [
                -81.407125,
                40.848344
              ],
              [
                -81.406385,
                40.848495
              ],
              [
                -81.406285,
                40.848507
              ],
              [
                -81.406156,
                40.84851
              ],
              [
                -81.406153,
                40.848566
              ],
              [
                -81.403633,
                40.848429
              ],
              [
                -81.403873,
                40.847789
              ],
              [
                -81.403903,
                40.847692
              ],
              [
                -81.403945,
                40.847502
              ],
              [
                -81.403972,
                40.84733
              ],
              [
                -81.403984,
                40.847208
              ],
              [
                -81.403993,
                40.847108
              ],
              [
                -81.404021,
                40.846568
              ],
              [
                -81.404044,
                40.846002
              ],
              [
                -81.40412,
                40.844261
              ],
              [
                -81.404133,
                40.843745
              ],
              [
                -81.404138,
                40.843583
              ],
              [
                -81.404156,
                40.843028
              ],
              [
                -81.404157,
                40.842831
              ],
              [
                -81.404148,
                40.842756
              ],
              [
                -81.404135,
                40.842695
              ],
              [
                -81.404096,
                40.842562
              ],
              [
                -81.404083,
                40.842439
              ],
              [
                -81.404186,
                40.842581
              ],
              [
                -81.40419,
                40.842464
              ],
              [
                -81.40461,
                40.842933
              ],
              [
                -81.405023,
                40.843406
              ],
              [
                -81.405508,
                40.843979
              ],
              [
                -81.405904,
                40.84446
              ],
              [
                -81.406369,
                40.845042
              ],
              [
                -81.406823,
                40.845629
              ],
              [
                -81.407265,
                40.846221
              ],
              [
                -81.407697,
                40.846818
              ],
              [
                -81.412242,
                40.853347
              ],
              [
                -81.412216,
                40.853398
              ],
              [
                -81.412338,
                40.853727
              ],
              [
                -81.412247,
                40.854001
              ],
              [
                -81.412211,
                40.854102
              ],
              [
                -81.412437,
                40.854339
              ],
              [
                -81.412407,
                40.854634
              ],
              [
                -81.412566,
                40.854739
              ],
              [
                -81.413068,
                40.854862
              ],
              [
                -81.413235,
                40.854903
              ],
              [
                -81.41324,
                40.854781
              ],
              [
                -81.413339,
                40.854923
              ],
              [
                -81.413349,
                40.854805
              ],
              [
                -81.41339,
                40.854863
              ],
              [
                -81.413697,
                40.855306
              ],
              [
                -81.414254,
                40.856065
              ],
              [
                -81.414596,
                40.856574
              ],
              [
                -81.415033,
                40.857217
              ],
              [
                -81.415495,
                40.857823
              ],
              [
                -81.416134,
                40.858548
              ],
              [
                -81.417153,
                40.859644
              ],
              [
                -81.41745,
                40.85995
              ],
              [
                -81.418957,
                40.861595
              ],
              [
                -81.419092,
                40.861742
              ],
              [
                -81.419008,
                40.861764
              ],
              [
                -81.418908,
                40.861776
              ],
              [
                -81.418922,
                40.861791
              ],
              [
                -81.418999,
                40.861876
              ],
              [
                -81.419117,
                40.862006
              ],
              [
                -81.419258,
                40.862169
              ],
              [
                -81.420156,
                40.863016
              ],
              [
                -81.42128,
                40.864284
              ],
              [
                -81.421418,
                40.864452
              ],
              [
                -81.421477,
                40.864524
              ],
              [
                -81.421515,
                40.864571
              ],
              [
                -81.421586,
                40.864527
              ],
              [
                -81.421715,
                40.864676
              ],
              [
                -81.421987,
                40.865041
              ],
              [
                -81.422215,
                40.865372
              ],
              [
                -81.422469,
                40.865771
              ],
              [
                -81.422464,
                40.865864
              ],
              [
                -81.42246,
                40.865933
              ],
              [
                -81.423525,
                40.867606
              ],
              [
                -81.424202,
                40.868662
              ],
              [
                -81.424739,
                40.869765
              ],
              [
                -81.424865,
                40.870254
              ],
              [
                -81.424959,
                40.870601
              ],
              [
                -81.424991,
                40.870869
              ],
              [
                -81.424981,
                40.871171
              ],
              [
                -81.425014,
                40.87237
              ],
              [
                -81.425073,
                40.874428
              ],
              [
                -81.425188,
                40.88172
              ],
              [
                -81.425217,
                40.883032
              ],
              [
                -81.425151,
                40.883209
              ],
              [
                -81.425132,
                40.883292
              ],
              [
                -81.425112,
                40.883356
              ],
              [
                -81.425085,
                40.883427
              ],
              [
                -81.42506,
                40.883519
              ],
              [
                -81.425002,
                40.883514
              ],
              [
                -81.423433,
                40.88344
              ],
              [
                -81.423349,
                40.883721
              ],
              [
                -81.424811,
                40.883794
              ],
              [
                -81.425013,
                40.883796
              ],
              [
                -81.425186,
                40.883786
              ],
              [
                -81.425191,
                40.884019
              ],
              [
                -81.425286,
                40.888163
              ],
              [
                -81.425296,
                40.888579
              ],
              [
                -81.425327,
                40.89001
              ],
              [
                -81.425375,
                40.894048
              ],
              [
                -81.425374,
                40.898187
              ],
              [
                -81.425374,
                40.898251
              ],
              [
                -81.425371,
                40.899265
              ],
              [
                -81.425453,
                40.899268
              ],
              [
                -81.425533,
                40.90505
              ],
              [
                -81.425515,
                40.90589
              ],
              [
                -81.425472,
                40.906665
              ],
              [
                -81.425576,
                40.906668
              ],
              [
                -81.425646,
                40.90667
              ],
              [
                -81.425689,
                40.906672
              ],
              [
                -81.425719,
                40.906164
              ],
              [
                -81.425741,
                40.905583
              ],
              [
                -81.425749,
                40.905108
              ],
              [
                -81.42575,
                40.904878
              ],
              [
                -81.42567,
                40.899275
              ],
              [
                -81.425727,
                40.899276
              ],
              [
                -81.425705,
                40.898236
              ],
              [
                -81.425703,
                40.898155
              ],
              [
                -81.42561,
                40.893985
              ],
              [
                -81.425579,
                40.890716
              ],
              [
                -81.425561,
                40.890049
              ],
              [
                -81.425516,
                40.888265
              ],
              [
                -81.425504,
                40.888158
              ],
              [
                -81.425441,
                40.883229
              ],
              [
                -81.425429,
                40.882687
              ],
              [
                -81.425562,
                40.882687
              ],
              [
                -81.425549,
                40.881738
              ],
              [
                -81.425409,
                40.881731
              ],
              [
                -81.425304,
                40.874533
              ],
              [
                -81.425244,
                40.871172
              ],
              [
                -81.425225,
                40.871003
              ],
              [
                -81.425094,
                40.870346
              ],
              [
                -81.424964,
                40.869892
              ],
              [
                -81.42459,
                40.86897
              ],
              [
                -81.424045,
                40.868015
              ],
              [
                -81.422477,
                40.865587
              ],
              [
                -81.422488,
                40.865354
              ],
              [
                -81.421703,
                40.86445
              ],
              [
                -81.421576,
                40.864292
              ],
              [
                -81.419508,
                40.861973
              ],
              [
                -81.417706,
                40.860031
              ],
              [
                -81.417273,
                40.859647
              ],
              [
                -81.417034,
                40.859319
              ],
              [
                -81.416097,
                40.858295
              ],
              [
                -81.415856,
                40.858026
              ],
              [
                -81.415623,
                40.857753
              ],
              [
                -81.415398,
                40.857476
              ],
              [
                -81.415181,
                40.857195
              ],
              [
                -81.414971,
                40.856911
              ],
              [
                -81.414827,
                40.856708
              ],
              [
                -81.413354,
                40.854592
              ],
              [
                -81.413135,
                40.854278
              ],
              [
                -81.412224,
                40.852966
              ],
              [
                -81.41152,
                40.851865
              ],
              [
                -81.406905,
                40.845409
              ],
              [
                -81.406832,
                40.845313
              ],
              [
                -81.406485,
                40.844868
              ],
              [
                -81.406121,
                40.844414
              ],
              [
                -81.406113,
                40.844403
              ],
              [
                -81.405874,
                40.844111
              ],
              [
                -81.405864,
                40.844099
              ],
              [
                -81.405614,
                40.843798
              ],
              [
                -81.405181,
                40.843289
              ],
              [
                -81.40468,
                40.842717
              ],
              [
                -81.4042,
                40.842185
              ],
              [
                -81.404213,
                40.841834
              ],
              [
                -81.404224,
                40.841507
              ],
              [
                -81.404228,
                40.841403
              ],
              [
                -81.404232,
                40.841285
              ],
              [
                -81.404288,
                40.839659
              ],
              [
                -81.40434,
                40.83966
              ],
              [
                -81.40464,
                40.839657
              ],
              [
                -81.406071,
                40.839677
              ],
              [
                -81.406018,
                40.840053
              ],
              [
                -81.406008,
                40.840131
              ],
              [
                -81.408823,
                40.840226
              ],
              [
                -81.409201,
                40.840238
              ],
              [
                -81.409184,
                40.840977
              ],
              [
                -81.409697,
                40.840997
              ],
              [
                -81.40962,
                40.843127
              ],
              [
                -81.409612,
                40.843389
              ],
              [
                -81.411424,
                40.843399
              ],
              [
                -81.411622,
                40.843404
              ],
              [
                -81.411842,
                40.842355
              ],
              [
                -81.411929,
                40.842358
              ],
              [
                -81.411551,
                40.84107
              ],
              [
                -81.411958,
                40.841086
              ],
              [
                -81.412243,
                40.841094
              ],
              [
                -81.412241,
                40.841023
              ],
              [
                -81.412256,
                40.840576
              ],
              [
                -81.412261,
                40.840509
              ],
              [
                -81.412115,
                40.840488
              ],
              [
                -81.41201,
                40.84046
              ],
              [
                -81.41196,
                40.84044
              ],
              [
                -81.411914,
                40.840415
              ],
              [
                -81.411872,
                40.840381
              ],
              [
                -81.411826,
                40.840325
              ],
              [
                -81.411578,
                40.839919
              ],
              [
                -81.41149,
                40.839796
              ],
              [
                -81.411464,
                40.839778
              ],
              [
                -81.411403,
                40.839762
              ],
              [
                -81.411292,
                40.839754
              ],
              [
                -81.410917,
                40.839746
              ],
              [
                -81.410767,
                40.839734
              ],
              [
                -81.410734,
                40.839724
              ],
              [
                -81.410675,
                40.839691
              ],
              [
                -81.410654,
                40.839669
              ],
              [
                -81.410642,
                40.839648
              ],
              [
                -81.410636,
                40.839618
              ],
              [
                -81.410638,
                40.839548
              ],
              [
                -81.410694,
                40.839139
              ],
              [
                -81.410707,
                40.839122
              ],
              [
                -81.410736,
                40.839112
              ],
              [
                -81.410892,
                40.839103
              ],
              [
                -81.411136,
                40.83907
              ],
              [
                -81.411303,
                40.839033
              ],
              [
                -81.411362,
                40.839014
              ],
              [
                -81.411458,
                40.838968
              ],
              [
                -81.411722,
                40.838806
              ],
              [
                -81.412147,
                40.838496
              ],
              [
                -81.412218,
                40.838433
              ],
              [
                -81.412435,
                40.838203
              ],
              [
                -81.411636,
                40.837397
              ],
              [
                -81.411362,
                40.837106
              ],
              [
                -81.411117,
                40.836859
              ],
              [
                -81.410958,
                40.836706
              ],
              [
                -81.410836,
                40.836618
              ],
              [
                -81.410785,
                40.836589
              ],
              [
                -81.410722,
                40.836563
              ],
              [
                -81.410649,
                40.836541
              ],
              [
                -81.410485,
                40.836506
              ],
              [
                -81.409968,
                40.836449
              ],
              [
                -81.409243,
                40.836357
              ],
              [
                -81.408981,
                40.836312
              ],
              [
                -81.408684,
                40.8366
              ],
              [
                -81.408622,
                40.836677
              ],
              [
                -81.408535,
                40.836803
              ],
              [
                -81.408503,
                40.836867
              ],
              [
                -81.408452,
                40.837016
              ],
              [
                -81.408438,
                40.837104
              ],
              [
                -81.408428,
                40.837211
              ],
              [
                -81.408426,
                40.837334
              ],
              [
                -81.408446,
                40.837602
              ],
              [
                -81.408488,
                40.83796
              ],
              [
                -81.408494,
                40.838049
              ],
              [
                -81.408482,
                40.838139
              ],
              [
                -81.408458,
                40.838222
              ],
              [
                -81.408425,
                40.838288
              ],
              [
                -81.408418,
                40.838302
              ],
              [
                -81.408329,
                40.838418
              ],
              [
                -81.408209,
                40.83851
              ],
              [
                -81.408106,
                40.838566
              ],
              [
                -81.408049,
                40.83859
              ],
              [
                -81.407941,
                40.838626
              ],
              [
                -81.407773,
                40.83867
              ],
              [
                -81.406933,
                40.838841
              ],
              [
                -81.40676,
                40.838872
              ],
              [
                -81.406305,
                40.838968
              ],
              [
                -81.406165,
                40.839004
              ],
              [
                -81.406123,
                40.839306
              ],
              [
                -81.406103,
                40.839449
              ],
              [
                -81.404358,
                40.838929
              ],
              [
                -81.403436,
                40.838591
              ],
              [
                -81.401594,
                40.837704
              ],
              [
                -81.401182,
                40.837527
              ],
              [
                -81.401128,
                40.83748
              ],
              [
                -81.400679,
                40.837128
              ],
              [
                -81.400455,
                40.837071
              ],
              [
                -81.40041,
                40.837028
              ],
              [
                -81.400408,
                40.836133
              ],
              [
                -81.400261,
                40.835923
              ],
              [
                -81.399868,
                40.835476
              ],
              [
                -81.399405,
                40.83479
              ],
              [
                -81.39934,
                40.83473
              ],
              [
                -81.398581,
                40.834035
              ],
              [
                -81.398423,
                40.833626
              ],
              [
                -81.398147,
                40.832948
              ],
              [
                -81.398856,
                40.832786
              ],
              [
                -81.399031,
                40.832785
              ],
              [
                -81.399495,
                40.832756
              ],
              [
                -81.399953,
                40.832734
              ],
              [
                -81.399935,
                40.832544
              ],
              [
                -81.399482,
                40.832047
              ],
              [
                -81.399395,
                40.832107
              ],
              [
                -81.399352,
                40.832141
              ],
              [
                -81.399192,
                40.832265
              ],
              [
                -81.399144,
                40.832293
              ],
              [
                -81.399068,
                40.83233
              ],
              [
                -81.398976,
                40.832361
              ],
              [
                -81.398911,
                40.832376
              ],
              [
                -81.398877,
                40.83238
              ],
              [
                -81.39883,
                40.832383
              ],
              [
                -81.39878,
                40.832379
              ],
              [
                -81.398705,
                40.832365
              ],
              [
                -81.398553,
                40.83232
              ],
              [
                -81.398332,
                40.832241
              ],
              [
                -81.398257,
                40.832222
              ],
              [
                -81.398168,
                40.832212
              ],
              [
                -81.39805,
                40.832208
              ],
              [
                -81.397671,
                40.832191
              ],
              [
                -81.397647,
                40.832054
              ],
              [
                -81.397624,
                40.831876
              ],
              [
                -81.397589,
                40.831605
              ],
              [
                -81.39736,
                40.829717
              ],
              [
                -81.397344,
                40.829564
              ],
              [
                -81.397519,
                40.829228
              ],
              [
                -81.397665,
                40.829229
              ],
              [
                -81.398296,
                40.829246
              ],
              [
                -81.398492,
                40.829251
              ],
              [
                -81.398868,
                40.827406
              ],
              [
                -81.398901,
                40.827261
              ],
              [
                -81.398937,
                40.827265
              ],
              [
                -81.399305,
                40.827309
              ],
              [
                -81.39933,
                40.827312
              ],
              [
                -81.399422,
                40.827312
              ],
              [
                -81.399976,
                40.827326
              ],
              [
                -81.399978,
                40.827285
              ],
              [
                -81.39998,
                40.827258
              ],
              [
                -81.400001,
                40.826929
              ],
              [
                -81.40021,
                40.826935
              ],
              [
                -81.400217,
                40.826825
              ],
              [
                -81.400222,
                40.826757
              ],
              [
                -81.400426,
                40.826837
              ],
              [
                -81.400631,
                40.826917
              ],
              [
                -81.400836,
                40.826996
              ],
              [
                -81.400923,
                40.827035
              ],
              [
                -81.400971,
                40.826382
              ],
              [
                -81.400977,
                40.826351
              ],
              [
                -81.400988,
                40.826325
              ],
              [
                -81.401047,
                40.826242
              ],
              [
                -81.401052,
                40.825576
              ],
              [
                -81.401064,
                40.825447
              ],
              [
                -81.40063,
                40.825434
              ],
              [
                -81.400521,
                40.82543
              ],
              [
                -81.400515,
                40.82556
              ],
              [
                -81.400502,
                40.825826
              ],
              [
                -81.400478,
                40.825903
              ],
              [
                -81.400425,
                40.825997
              ],
              [
                -81.399805,
                40.825752
              ],
              [
                -81.399764,
                40.825736
              ],
              [
                -81.399782,
                40.825654
              ],
              [
                -81.399783,
                40.825633
              ],
              [
                -81.399808,
                40.825168
              ],
              [
                -81.400024,
                40.825174
              ],
              [
                -81.400452,
                40.825184
              ],
              [
                -81.400534,
                40.825186
              ],
              [
                -81.400542,
                40.825054
              ],
              [
                -81.400549,
                40.824918
              ],
              [
                -81.400472,
                40.824913
              ],
              [
                -81.400038,
                40.8249
              ],
              [
                -81.400045,
                40.824763
              ],
              [
                -81.400556,
                40.82478
              ],
              [
                -81.400571,
                40.824506
              ],
              [
                -81.400598,
                40.824094
              ],
              [
                -81.400599,
                40.824076
              ],
              [
                -81.400606,
                40.823966
              ],
              [
                -81.400627,
                40.823659
              ],
              [
                -81.40063,
                40.823595
              ],
              [
                -81.40054,
                40.823596
              ],
              [
                -81.400366,
                40.823591
              ],
              [
                -81.400383,
                40.823262
              ],
              [
                -81.400388,
                40.823195
              ],
              [
                -81.400649,
                40.823202
              ],
              [
                -81.401091,
                40.823208
              ],
              [
                -81.401437,
                40.823213
              ],
              [
                -81.401455,
                40.822827
              ],
              [
                -81.401281,
                40.822822
              ],
              [
                -81.401195,
                40.822819
              ],
              [
                -81.401201,
                40.822696
              ],
              [
                -81.401634,
                40.822709
              ],
              [
                -81.40172,
                40.822712
              ],
              [
                -81.401723,
                40.822671
              ],
              [
                -81.401751,
                40.822167
              ],
              [
                -81.401229,
                40.822147
              ],
              [
                -81.401243,
                40.821873
              ],
              [
                -81.401762,
                40.82189
              ],
              [
                -81.401776,
                40.821545
              ],
              [
                -81.401796,
                40.821095
              ],
              [
                -81.401718,
                40.821092
              ],
              [
                -81.401285,
                40.821078
              ],
              [
                -81.401286,
                40.82105
              ],
              [
                -81.401293,
                40.820913
              ],
              [
                -81.4013,
                40.820776
              ],
              [
                -81.401307,
                40.820639
              ],
              [
                -81.401321,
                40.820365
              ],
              [
                -81.401755,
                40.820378
              ],
              [
                -81.401843,
                40.820383
              ],
              [
                -81.401844,
                40.820366
              ],
              [
                -81.401853,
                40.820244
              ],
              [
                -81.401863,
                40.820118
              ],
              [
                -81.401878,
                40.819924
              ],
              [
                -81.401885,
                40.819762
              ],
              [
                -81.401908,
                40.81944
              ],
              [
                -81.401934,
                40.818858
              ],
              [
                -81.401997,
                40.817456
              ],
              [
                -81.402029,
                40.816652
              ],
              [
                -81.402064,
                40.81584
              ],
              [
                -81.402104,
                40.815027
              ],
              [
                -81.399369,
                40.81493
              ],
              [
                -81.397773,
                40.814875
              ],
              [
                -81.397648,
                40.814858
              ],
              [
                -81.397572,
                40.814853
              ],
              [
                -81.39776,
                40.814357
              ],
              [
                -81.397784,
                40.814259
              ],
              [
                -81.397758,
                40.814197
              ],
              [
                -81.397792,
                40.814054
              ],
              [
                -81.397835,
                40.813831
              ],
              [
                -81.397877,
                40.813518
              ],
              [
                -81.397912,
                40.813334
              ],
              [
                -81.397967,
                40.813169
              ],
              [
                -81.398015,
                40.812764
              ],
              [
                -81.398093,
                40.812391
              ],
              [
                -81.398154,
                40.812099
              ],
              [
                -81.399817,
                40.812107
              ],
              [
                -81.401631,
                40.81213
              ],
              [
                -81.402353,
                40.812165
              ],
              [
                -81.402341,
                40.812253
              ],
              [
                -81.402278,
                40.813218
              ],
              [
                -81.402281,
                40.81385
              ],
              [
                -81.404486,
                40.813886
              ],
              [
                -81.404572,
                40.812684
              ],
              [
                -81.40459,
                40.81244
              ],
              [
                -81.405181,
                40.812455
              ],
              [
                -81.405189,
                40.812289
              ],
              [
                -81.405437,
                40.812303
              ],
              [
                -81.406763,
                40.812341
              ],
              [
                -81.407228,
                40.812354
              ],
              [
                -81.407569,
                40.812364
              ],
              [
                -81.408063,
                40.812378
              ],
              [
                -81.408435,
                40.812389
              ],
              [
                -81.408917,
                40.812375
              ],
              [
                -81.409728,
                40.812673
              ],
              [
                -81.410052,
                40.812792
              ],
              [
                -81.411018,
                40.813134
              ],
              [
                -81.411076,
                40.813155
              ],
              [
                -81.411444,
                40.813286
              ],
              [
                -81.411524,
                40.813313
              ],
              [
                -81.412262,
                40.813566
              ],
              [
                -81.412463,
                40.813629
              ],
              [
                -81.412501,
                40.813417
              ],
              [
                -81.412533,
                40.812844
              ],
              [
                -81.412557,
                40.81259
              ],
              [
                -81.412582,
                40.812388
              ],
              [
                -81.412617,
                40.812162
              ],
              [
                -81.41264,
                40.812098
              ],
              [
                -81.412658,
                40.812072
              ],
              [
                -81.412612,
                40.81207
              ],
              [
                -81.412452,
                40.812049
              ],
              [
                -81.412297,
                40.812039
              ],
              [
                -81.411925,
                40.812026
              ],
              [
                -81.411725,
                40.812021
              ],
              [
                -81.411715,
                40.812079
              ],
              [
                -81.411706,
                40.812145
              ],
              [
                -81.411645,
                40.812584
              ],
              [
                -81.411501,
                40.81258
              ],
              [
                -81.411327,
                40.812575
              ],
              [
                -81.411211,
                40.812571
              ],
              [
                -81.411197,
                40.812571
              ],
              [
                -81.411156,
                40.81257
              ],
              [
                -81.411171,
                40.812459
              ],
              [
                -81.411344,
                40.812464
              ],
              [
                -81.41138,
                40.812465
              ],
              [
                -81.411399,
                40.812137
              ],
              [
                -81.411404,
                40.812054
              ],
              [
                -81.411403,
                40.812013
              ],
              [
                -81.411474,
                40.810842
              ],
              [
                -81.411499,
                40.810411
              ],
              [
                -81.411487,
                40.810356
              ],
              [
                -81.411519,
                40.80986
              ],
              [
                -81.410673,
                40.809836
              ],
              [
                -81.409876,
                40.809814
              ],
              [
                -81.409849,
                40.809813
              ],
              [
                -81.409719,
                40.809809
              ],
              [
                -81.409553,
                40.809804
              ],
              [
                -81.409235,
                40.809795
              ],
              [
                -81.408911,
                40.809786
              ],
              [
                -81.408593,
                40.809777
              ],
              [
                -81.408274,
                40.809768
              ],
              [
                -81.407644,
                40.80975
              ],
              [
                -81.407658,
                40.809502
              ],
              [
                -81.407687,
                40.808973
              ],
              [
                -81.407702,
                40.808713
              ],
              [
                -81.407736,
                40.808097
              ],
              [
                -81.40786,
                40.805865
              ],
              [
                -81.411787,
                40.80596
              ],
              [
                -81.411892,
                40.80407
              ],
              [
                -81.413712,
                40.804752
              ],
              [
                -81.413772,
                40.80478
              ],
              [
                -81.414414,
                40.8048
              ],
              [
                -81.414674,
                40.804724
              ],
              [
                -81.416548,
                40.804178
              ],
              [
                -81.416534,
                40.804385
              ],
              [
                -81.416453,
                40.805754
              ],
              [
                -81.419595,
                40.805863
              ],
              [
                -81.419633,
                40.805179
              ],
              [
                -81.419149,
                40.805159
              ],
              [
                -81.418478,
                40.805139
              ],
              [
                -81.418534,
                40.804204
              ],
              [
                -81.417964,
                40.804184
              ],
              [
                -81.417969,
                40.804088
              ],
              [
                -81.417878,
                40.804085
              ],
              [
                -81.417879,
                40.804032
              ],
              [
                -81.417931,
                40.803149
              ],
              [
                -81.419258,
                40.803197
              ],
              [
                -81.420574,
                40.803233
              ],
              [
                -81.421897,
                40.803277
              ],
              [
                -81.423215,
                40.803319
              ],
              [
                -81.424539,
                40.803367
              ],
              [
                -81.424614,
                40.803369
              ],
              [
                -81.424602,
                40.803862
              ],
              [
                -81.424842,
                40.803867
              ],
              [
                -81.424859,
                40.803377
              ],
              [
                -81.425774,
                40.803409
              ],
              [
                -81.425914,
                40.80341
              ],
              [
                -81.425967,
                40.80254
              ],
              [
                -81.426014,
                40.801676
              ],
              [
                -81.426047,
                40.801071
              ],
              [
                -81.426067,
                40.800785
              ],
              [
                -81.426119,
                40.79988
              ],
              [
                -81.426195,
                40.798649
              ],
              [
                -81.426253,
                40.797981
              ],
              [
                -81.42629,
                40.797395
              ],
              [
                -81.426339,
                40.796517
              ],
              [
                -81.42634,
                40.796328
              ],
              [
                -81.426357,
                40.79592
              ],
              [
                -81.42636,
                40.795871
              ],
              [
                -81.426656,
                40.795851
              ],
              [
                -81.426925,
                40.795842
              ],
              [
                -81.426996,
                40.796245
              ],
              [
                -81.427514,
                40.796186
              ],
              [
                -81.427211,
                40.79487
              ],
              [
                -81.426641,
                40.794936
              ],
              [
                -81.426414,
                40.794954
              ],
              [
                -81.426466,
                40.793922
              ],
              [
                -81.42647,
                40.793832
              ],
              [
                -81.42649,
                40.793454
              ],
              [
                -81.426543,
                40.792566
              ],
              [
                -81.426652,
                40.790622
              ],
              [
                -81.426752,
                40.788847
              ],
              [
                -81.42659,
                40.788835
              ],
              [
                -81.425682,
                40.788804
              ],
              [
                -81.424761,
                40.788771
              ],
              [
                -81.423849,
                40.788739
              ],
              [
                -81.422951,
                40.788708
              ],
              [
                -81.421736,
                40.788665
              ],
              [
                -81.420739,
                40.78863
              ],
              [
                -81.419568,
                40.788592
              ],
              [
                -81.417592,
                40.788521
              ],
              [
                -81.417583,
                40.788004
              ],
              [
                -81.417743,
                40.784796
              ],
              [
                -81.417881,
                40.784799
              ],
              [
                -81.417914,
                40.784139
              ],
              [
                -81.419874,
                40.784196
              ],
              [
                -81.419777,
                40.78344
              ],
              [
                -81.419741,
                40.783165
              ],
              [
                -81.41968,
                40.782703
              ],
              [
                -81.419617,
                40.782155
              ],
              [
                -81.419596,
                40.781995
              ],
              [
                -81.417699,
                40.782216
              ],
              [
                -81.417699,
                40.78206
              ],
              [
                -81.417712,
                40.78183
              ],
              [
                -81.417731,
                40.781785
              ],
              [
                -81.417755,
                40.781662
              ],
              [
                -81.417796,
                40.781023
              ],
              [
                -81.417846,
                40.780141
              ],
              [
                -81.418,
                40.779855
              ],
              [
                -81.418004,
                40.779815
              ],
              [
                -81.418039,
                40.779212
              ],
              [
                -81.418052,
                40.779006
              ],
              [
                -81.418084,
                40.778509
              ],
              [
                -81.418131,
                40.777681
              ],
              [
                -81.418112,
                40.77759
              ],
              [
                -81.418094,
                40.777504
              ],
              [
                -81.418063,
                40.777253
              ],
              [
                -81.418054,
                40.777146
              ],
              [
                -81.418055,
                40.776967
              ],
              [
                -81.41806,
                40.776876
              ],
              [
                -81.418143,
                40.775484
              ],
              [
                -81.418253,
                40.773631
              ],
              [
                -81.417145,
                40.773627
              ],
              [
                -81.416312,
                40.773589
              ],
              [
                -81.415101,
                40.773541
              ],
              [
                -81.411494,
                40.773375
              ],
              [
                -81.409387,
                40.773288
              ],
              [
                -81.408908,
                40.773262
              ],
              [
                -81.408998,
                40.771778
              ],
              [
                -81.409032,
                40.771209
              ],
              [
                -81.409051,
                40.770893
              ],
              [
                -81.409171,
                40.770743
              ],
              [
                -81.409293,
                40.770637
              ],
              [
                -81.409442,
                40.770524
              ],
              [
                -81.409601,
                40.770427
              ],
              [
                -81.409855,
                40.770309
              ],
              [
                -81.410022,
                40.770252
              ],
              [
                -81.410222,
                40.770202
              ],
              [
                -81.410421,
                40.770169
              ],
              [
                -81.410633,
                40.770147
              ],
              [
                -81.412262,
                40.77046
              ],
              [
                -81.414766,
                40.771113
              ],
              [
                -81.414976,
                40.770973
              ],
              [
                -81.417996,
                40.768917
              ],
              [
                -81.418536,
                40.768567
              ],
              [
                -81.418546,
                40.768386
              ],
              [
                -81.41859,
                40.7676
              ],
              [
                -81.41862,
                40.767066
              ],
              [
                -81.418636,
                40.766781
              ],
              [
                -81.418723,
                40.765234
              ],
              [
                -81.418885,
                40.762472
              ],
              [
                -81.418904,
                40.762048
              ],
              [
                -81.418907,
                40.761998
              ],
              [
                -81.418474,
                40.762051
              ],
              [
                -81.418328,
                40.761474
              ],
              [
                -81.417597,
                40.761676
              ],
              [
                -81.415986,
                40.762132
              ],
              [
                -81.415755,
                40.762194
              ],
              [
                -81.415479,
                40.76226
              ],
              [
                -81.415306,
                40.762293
              ],
              [
                -81.415131,
                40.762319
              ],
              [
                -81.414895,
                40.762344
              ],
              [
                -81.414777,
                40.762352
              ],
              [
                -81.41482,
                40.762127
              ],
              [
                -81.415031,
                40.760871
              ],
              [
                -81.415064,
                40.760304
              ],
              [
                -81.41515,
                40.758811
              ],
              [
                -81.41443,
                40.758787
              ],
              [
                -81.413708,
                40.758763
              ],
              [
                -81.413743,
                40.75794
              ],
              [
                -81.413253,
                40.757923
              ],
              [
                -81.412766,
                40.757907
              ],
              [
                -81.411848,
                40.757876
              ],
              [
                -81.409791,
                40.757807
              ],
              [
                -81.409828,
                40.756814
              ],
              [
                -81.409852,
                40.756173
              ],
              [
                -81.409899,
                40.754916
              ],
              [
                -81.410143,
                40.754924
              ],
              [
                -81.417447,
                40.755107
              ],
              [
                -81.417463,
                40.754949
              ],
              [
                -81.419312,
                40.755006
              ],
              [
                -81.419316,
                40.754942
              ],
              [
                -81.419364,
                40.754085
              ],
              [
                -81.415323,
                40.753936
              ],
              [
                -81.415453,
                40.751483
              ],
              [
                -81.417483,
                40.751543
              ],
              [
                -81.417653,
                40.751548
              ],
              [
                -81.419378,
                40.751585
              ],
              [
                -81.41919,
                40.753776
              ],
              [
                -81.419381,
                40.753783
              ],
              [
                -81.419542,
                40.753784
              ],
              [
                -81.4197,
                40.751596
              ],
              [
                -81.423135,
                40.751703
              ],
              [
                -81.424933,
                40.751761
              ],
              [
                -81.426859,
                40.751837
              ],
              [
                -81.426968,
                40.751839
              ],
              [
                -81.427316,
                40.751858
              ],
              [
                -81.428529,
                40.751897
              ],
              [
                -81.42882,
                40.75191
              ],
              [
                -81.428829,
                40.751791
              ],
              [
                -81.428536,
                40.751781
              ],
              [
                -81.427884,
                40.751757
              ],
              [
                -81.427505,
                40.751744
              ],
              [
                -81.427512,
                40.751607
              ],
              [
                -81.426977,
                40.751583
              ],
              [
                -81.427058,
                40.750265
              ],
              [
                -81.427726,
                40.750285
              ],
              [
                -81.427731,
                40.750481
              ],
              [
                -81.427725,
                40.7507
              ],
              [
                -81.428595,
                40.750728
              ],
              [
                -81.428722,
                40.750732
              ],
              [
                -81.428895,
                40.750737
              ],
              [
                -81.42929,
                40.744242
              ],
              [
                -81.428862,
                40.744247
              ],
              [
                -81.421044,
                40.744124
              ],
              [
                -81.420845,
                40.744351
              ],
              [
                -81.420562,
                40.744694
              ],
              [
                -81.42035,
                40.744964
              ],
              [
                -81.420238,
                40.745121
              ],
              [
                -81.42016,
                40.745242
              ],
              [
                -81.420068,
                40.745407
              ],
              [
                -81.419987,
                40.745575
              ],
              [
                -81.419917,
                40.745746
              ],
              [
                -81.419863,
                40.74592
              ],
              [
                -81.419821,
                40.746097
              ],
              [
                -81.419785,
                40.746319
              ],
              [
                -81.419762,
                40.746544
              ],
              [
                -81.419676,
                40.748278
              ],
              [
                -81.41957,
                40.750432
              ],
              [
                -81.419453,
                40.750438
              ],
              [
                -81.41935,
                40.751337
              ],
              [
                -81.41766,
                40.751287
              ],
              [
                -81.417499,
                40.751282
              ],
              [
                -81.417492,
                40.751333
              ],
              [
                -81.417487,
                40.751418
              ],
              [
                -81.415474,
                40.751353
              ],
              [
                -81.415784,
                40.746755
              ],
              [
                -81.415937,
                40.743907
              ],
              [
                -81.414492,
                40.743858
              ],
              [
                -81.414276,
                40.747754
              ],
              [
                -81.414044,
                40.751138
              ],
              [
                -81.409999,
                40.751018
              ],
              [
                -81.410021,
                40.750573
              ],
              [
                -81.410171,
                40.747508
              ],
              [
                -81.407452,
                40.747768
              ],
              [
                -81.407159,
                40.747788
              ],
              [
                -81.407202,
                40.747665
              ],
              [
                -81.407731,
                40.746291
              ],
              [
                -81.408979,
                40.743683
              ],
              [
                -81.40853,
                40.743669
              ],
              [
                -81.408107,
                40.743656
              ],
              [
                -81.407676,
                40.743643
              ],
              [
                -81.406933,
                40.745035
              ],
              [
                -81.405878,
                40.747853
              ],
              [
                -81.404525,
                40.747775
              ],
              [
                -81.403238,
                40.747773
              ],
              [
                -81.402884,
                40.746156
              ],
              [
                -81.401918,
                40.746165
              ],
              [
                -81.401882,
                40.74707
              ],
              [
                -81.400463,
                40.747202
              ],
              [
                -81.400333,
                40.747212
              ],
              [
                -81.400326,
                40.747482
              ],
              [
                -81.40026,
                40.749655
              ],
              [
                -81.401252,
                40.749706
              ],
              [
                -81.401195,
                40.750775
              ],
              [
                -81.401193,
                40.750808
              ],
              [
                -81.401185,
                40.750905
              ],
              [
                -81.400215,
                40.750875
              ],
              [
                -81.399863,
                40.758168
              ],
              [
                -81.398112,
                40.758132
              ],
              [
                -81.397884,
                40.758103
              ],
              [
                -81.397872,
                40.758325
              ],
              [
                -81.39997,
                40.758314
              ],
              [
                -81.400553,
                40.758333
              ],
              [
                -81.40295,
                40.75841
              ],
              [
                -81.402461,
                40.760184
              ],
              [
                -81.402301,
                40.760697
              ],
              [
                -81.401795,
                40.761929
              ],
              [
                -81.400881,
                40.762987
              ],
              [
                -81.399645,
                40.764099
              ],
              [
                -81.398754,
                40.764865
              ],
              [
                -81.397875,
                40.765481
              ],
              [
                -81.397682,
                40.765616
              ],
              [
                -81.39756,
                40.765612
              ],
              [
                -81.397479,
                40.765609
              ],
              [
                -81.396867,
                40.765588
              ],
              [
                -81.396636,
                40.765591
              ],
              [
                -81.396396,
                40.765558
              ],
              [
                -81.396352,
                40.765563
              ],
              [
                -81.396316,
                40.765565
              ],
              [
                -81.39551,
                40.765555
              ],
              [
                -81.395431,
                40.765554
              ],
              [
                -81.395426,
                40.765651
              ],
              [
                -81.395399,
                40.766086
              ],
              [
                -81.395038,
                40.766074
              ],
              [
                -81.395064,
                40.765646
              ],
              [
                -81.395066,
                40.765614
              ],
              [
                -81.39507,
                40.765554
              ],
              [
                -81.394969,
                40.765554
              ],
              [
                -81.394421,
                40.765536
              ],
              [
                -81.393621,
                40.765502
              ],
              [
                -81.39359,
                40.765506
              ],
              [
                -81.392048,
                40.76545
              ],
              [
                -81.390684,
                40.765396
              ],
              [
                -81.39027,
                40.765387
              ],
              [
                -81.389912,
                40.765369
              ],
              [
                -81.389693,
                40.765414
              ],
              [
                -81.389463,
                40.765547
              ],
              [
                -81.388903,
                40.766021
              ],
              [
                -81.388261,
                40.766546
              ],
              [
                -81.387951,
                40.766769
              ],
              [
                -81.387814,
                40.766876
              ],
              [
                -81.387538,
                40.766911
              ],
              [
                -81.387136,
                40.766974
              ],
              [
                -81.386387,
                40.767114
              ],
              [
                -81.386337,
                40.767123
              ],
              [
                -81.38606,
                40.767164
              ],
              [
                -81.385726,
                40.767215
              ],
              [
                -81.385497,
                40.767257
              ],
              [
                -81.385328,
                40.767296
              ],
              [
                -81.385106,
                40.767357
              ],
              [
                -81.384797,
                40.767454
              ],
              [
                -81.384128,
                40.767678
              ],
              [
                -81.383528,
                40.76787
              ],
              [
                -81.383281,
                40.767941
              ],
              [
                -81.38308,
                40.767987
              ],
              [
                -81.382898,
                40.768009
              ],
              [
                -81.382777,
                40.76801
              ],
              [
                -81.38248,
                40.767984
              ],
              [
                -81.38244,
                40.767984
              ],
              [
                -81.382363,
                40.767983
              ],
              [
                -81.382247,
                40.767994
              ],
              [
                -81.382134,
                40.768014
              ],
              [
                -81.382021,
                40.768042
              ],
              [
                -81.381688,
                40.768139
              ],
              [
                -81.380143,
                40.768619
              ],
              [
                -81.379928,
                40.768694
              ],
              [
                -81.379824,
                40.768736
              ],
              [
                -81.379725,
                40.768785
              ],
              [
                -81.379631,
                40.768839
              ],
              [
                -81.379609,
                40.768853
              ],
              [
                -81.379303,
                40.768612
              ],
              [
                -81.378769,
                40.768681
              ],
              [
                -81.378695,
                40.768704
              ],
              [
                -81.378645,
                40.768711
              ],
              [
                -81.377371,
                40.768676
              ],
              [
                -81.375651,
                40.768635
              ],
              [
                -81.375613,
                40.768634
              ],
              [
                -81.375599,
                40.768597
              ],
              [
                -81.375437,
                40.768166
              ],
              [
                -81.37486,
                40.766633
              ],
              [
                -81.374498,
                40.76567
              ],
              [
                -81.3742,
                40.764878
              ],
              [
                -81.373985,
                40.764306
              ],
              [
                -81.373681,
                40.763494
              ],
              [
                -81.373457,
                40.762895
              ],
              [
                -81.373382,
                40.762695
              ],
              [
                -81.373308,
                40.762498
              ],
              [
                -81.373232,
                40.762296
              ],
              [
                -81.373116,
                40.761984
              ],
              [
                -81.373085,
                40.761901
              ],
              [
                -81.373063,
                40.761843
              ],
              [
                -81.371973,
                40.75888
              ],
              [
                -81.371662,
                40.758049
              ],
              [
                -81.37205,
                40.75805
              ],
              [
                -81.37289,
                40.758052
              ],
              [
                -81.372819,
                40.757651
              ],
              [
                -81.372782,
                40.757444
              ],
              [
                -81.372758,
                40.757306
              ],
              [
                -81.372752,
                40.757216
              ],
              [
                -81.372715,
                40.756667
              ],
              [
                -81.372694,
                40.756354
              ],
              [
                -81.372681,
                40.756162
              ],
              [
                -81.372678,
                40.756112
              ],
              [
                -81.372637,
                40.755561
              ],
              [
                -81.372632,
                40.755491
              ],
              [
                -81.372722,
                40.755494
              ],
              [
                -81.372641,
                40.755046
              ],
              [
                -81.372631,
                40.755011
              ],
              [
                -81.372605,
                40.754922
              ],
              [
                -81.372579,
                40.754829
              ],
              [
                -81.372434,
                40.754318
              ],
              [
                -81.371991,
                40.752759
              ],
              [
                -81.371871,
                40.752445
              ],
              [
                -81.371866,
                40.752433
              ],
              [
                -81.371844,
                40.752376
              ],
              [
                -81.371602,
                40.751743
              ],
              [
                -81.371528,
                40.751636
              ],
              [
                -81.371382,
                40.751428
              ],
              [
                -81.371214,
                40.751188
              ],
              [
                -81.371186,
                40.751149
              ],
              [
                -81.371179,
                40.751314
              ],
              [
                -81.371152,
                40.75194
              ],
              [
                -81.371081,
                40.751684
              ],
              [
                -81.370751,
                40.751147
              ],
              [
                -81.370684,
                40.751083
              ],
              [
                -81.370194,
                40.750614
              ],
              [
                -81.369549,
                40.749997
              ],
              [
                -81.369464,
                40.749909
              ],
              [
                -81.369271,
                40.749903
              ],
              [
                -81.369259,
                40.750033
              ],
              [
                -81.369254,
                40.750619
              ],
              [
                -81.369261,
                40.750799
              ],
              [
                -81.369278,
                40.750935
              ],
              [
                -81.369305,
                40.751069
              ],
              [
                -81.369342,
                40.751201
              ],
              [
                -81.369431,
                40.751463
              ],
              [
                -81.369469,
                40.751561
              ],
              [
                -81.369217,
                40.751617
              ],
              [
                -81.369164,
                40.751474
              ],
              [
                -81.36876,
                40.750399
              ],
              [
                -81.368598,
                40.749968
              ],
              [
                -81.368564,
                40.749875
              ],
              [
                -81.36845,
                40.749872
              ],
              [
                -81.368336,
                40.749868
              ],
              [
                -81.369026,
                40.751707
              ],
              [
                -81.363626,
                40.751543
              ],
              [
                -81.36102,
                40.751464
              ],
              [
                -81.360922,
                40.753232
              ],
              [
                -81.360895,
                40.753709
              ],
              [
                -81.359091,
                40.753655
              ],
              [
                -81.358903,
                40.757004
              ],
              [
                -81.361089,
                40.757073
              ],
              [
                -81.360978,
                40.758875
              ],
              [
                -81.36113,
                40.758878
              ],
              [
                -81.361922,
                40.758904
              ],
              [
                -81.361926,
                40.758847
              ],
              [
                -81.361969,
                40.758159
              ],
              [
                -81.362254,
                40.758168
              ],
              [
                -81.36232,
                40.757112
              ],
              [
                -81.362953,
                40.757133
              ],
              [
                -81.363553,
                40.757151
              ],
              [
                -81.364452,
                40.75718
              ],
              [
                -81.364786,
                40.757191
              ],
              [
                -81.365403,
                40.75721
              ],
              [
                -81.367414,
                40.757233
              ],
              [
                -81.367518,
                40.757238
              ],
              [
                -81.367827,
                40.757253
              ],
              [
                -81.368304,
                40.757275
              ],
              [
                -81.368932,
                40.757302
              ],
              [
                -81.370527,
                40.757367
              ],
              [
                -81.37075,
                40.757376
              ],
              [
                -81.370927,
                40.757383
              ],
              [
                -81.371039,
                40.75739
              ],
              [
                -81.372191,
                40.760464
              ],
              [
                -81.372351,
                40.760892
              ],
              [
                -81.372418,
                40.761013
              ],
              [
                -81.372636,
                40.761405
              ],
              [
                -81.372796,
                40.761833
              ],
              [
                -81.372819,
                40.761894
              ],
              [
                -81.372848,
                40.761972
              ],
              [
                -81.373934,
                40.76487
              ],
              [
                -81.373958,
                40.764931
              ],
              [
                -81.374775,
                40.767104
              ],
              [
                -81.375334,
                40.76859
              ],
              [
                -81.375347,
                40.768626
              ],
              [
                -81.37449,
                40.768601
              ],
              [
                -81.374485,
                40.768652
              ],
              [
                -81.374359,
                40.770793
              ],
              [
                -81.376318,
                40.770843
              ],
              [
                -81.377325,
                40.770867
              ],
              [
                -81.3776,
                40.770876
              ],
              [
                -81.377775,
                40.770514
              ],
              [
                -81.378609,
                40.770183
              ],
              [
                -81.378858,
                40.770022
              ],
              [
                -81.379165,
                40.770012
              ],
              [
                -81.379712,
                40.770153
              ],
              [
                -81.379762,
                40.770172
              ],
              [
                -81.379869,
                40.7702
              ],
              [
                -81.37984,
                40.770774
              ],
              [
                -81.379813,
                40.771581
              ],
              [
                -81.3798,
                40.772391
              ],
              [
                -81.379796,
                40.772445
              ],
              [
                -81.379671,
                40.772442
              ],
              [
                -81.377426,
                40.77238
              ],
              [
                -81.377266,
                40.772504
              ],
              [
                -81.377089,
                40.772613
              ],
              [
                -81.376995,
                40.772669
              ],
              [
                -81.376281,
                40.773058
              ],
              [
                -81.375942,
                40.773154
              ],
              [
                -81.37576,
                40.77325
              ],
              [
                -81.375213,
                40.773524
              ],
              [
                -81.373874,
                40.774348
              ],
              [
                -81.373173,
                40.774968
              ],
              [
                -81.372852,
                40.775252
              ],
              [
                -81.372725,
                40.775242
              ],
              [
                -81.372481,
                40.77536
              ],
              [
                -81.372166,
                40.775724
              ],
              [
                -81.37126,
                40.776348
              ],
              [
                -81.369844,
                40.77675
              ],
              [
                -81.369753,
                40.776793
              ],
              [
                -81.36976,
                40.776679
              ],
              [
                -81.369781,
                40.776229
              ],
              [
                -81.36979,
                40.776083
              ],
              [
                -81.368172,
                40.776039
              ],
              [
                -81.36823,
                40.775038
              ],
              [
                -81.368279,
                40.774873
              ],
              [
                -81.36833,
                40.774821
              ],
              [
                -81.368417,
                40.774732
              ],
              [
                -81.368605,
                40.774652
              ],
              [
                -81.368757,
                40.774631
              ],
              [
                -81.369872,
                40.774664
              ],
              [
                -81.369878,
                40.77456
              ],
              [
                -81.369917,
                40.773894
              ],
              [
                -81.368028,
                40.773843
              ],
              [
                -81.367987,
                40.772986
              ],
              [
                -81.367493,
                40.77297
              ],
              [
                -81.367545,
                40.772091
              ],
              [
                -81.367108,
                40.772077
              ],
              [
                -81.364933,
                40.772013
              ],
              [
                -81.363455,
                40.771975
              ],
              [
                -81.360251,
                40.771872
              ],
              [
                -81.3602,
                40.772236
              ],
              [
                -81.360171,
                40.772641
              ],
              [
                -81.36001,
                40.775566
              ],
              [
                -81.359898,
                40.7775
              ],
              [
                -81.359806,
                40.778933
              ],
              [
                -81.35978,
                40.779299
              ],
              [
                -81.359718,
                40.780371
              ],
              [
                -81.359694,
                40.780802
              ],
              [
                -81.359677,
                40.78109
              ],
              [
                -81.359728,
                40.781092
              ],
              [
                -81.360214,
                40.781109
              ],
              [
                -81.360198,
                40.781383
              ],
              [
                -81.359711,
                40.781366
              ],
              [
                -81.359661,
                40.781364
              ],
              [
                -81.359659,
                40.781407
              ],
              [
                -81.359646,
                40.781633
              ],
              [
                -81.35962,
                40.781956
              ],
              [
                -81.359674,
                40.781958
              ],
              [
                -81.359769,
                40.781961
              ],
              [
                -81.36014,
                40.781973
              ],
              [
                -81.36122,
                40.782007
              ],
              [
                -81.362452,
                40.782051
              ],
              [
                -81.361936,
                40.782766
              ],
              [
                -81.360973,
                40.783442
              ],
              [
                -81.359769,
                40.783796
              ],
              [
                -81.359509,
                40.783792
              ],
              [
                -81.3595,
                40.783965
              ],
              [
                -81.359496,
                40.784015
              ],
              [
                -81.358344,
                40.78441
              ],
              [
                -81.357945,
                40.784222
              ],
              [
                -81.357492,
                40.784016
              ],
              [
                -81.357358,
                40.78406
              ],
              [
                -81.35728,
                40.784086
              ],
              [
                -81.355801,
                40.783401
              ],
              [
                -81.355545,
                40.783282
              ],
              [
                -81.355379,
                40.783213
              ],
              [
                -81.355251,
                40.783128
              ],
              [
                -81.355113,
                40.783003
              ],
              [
                -81.354784,
                40.783485
              ],
              [
                -81.354617,
                40.783479
              ],
              [
                -81.354668,
                40.782719
              ],
              [
                -81.354674,
                40.782594
              ],
              [
                -81.354677,
                40.782557
              ],
              [
                -81.354642,
                40.782533
              ],
              [
                -81.354327,
                40.782434
              ],
              [
                -81.353686,
                40.782232
              ],
              [
                -81.353391,
                40.782125
              ],
              [
                -81.3531,
                40.78203
              ],
              [
                -81.352784,
                40.781933
              ],
              [
                -81.35255,
                40.78163
              ],
              [
                -81.352451,
                40.781484
              ],
              [
                -81.35235,
                40.781345
              ],
              [
                -81.352261,
                40.781222
              ],
              [
                -81.352239,
                40.781222
              ],
              [
                -81.352085,
                40.781217
              ],
              [
                -81.352006,
                40.781215
              ],
              [
                -81.350055,
                40.781154
              ],
              [
                -81.349883,
                40.783547
              ],
              [
                -81.349811,
                40.784538
              ],
              [
                -81.349737,
                40.785578
              ],
              [
                -81.349628,
                40.786772
              ],
              [
                -81.349517,
                40.786768
              ],
              [
                -81.349231,
                40.786758
              ],
              [
                -81.34911,
                40.786633
              ],
              [
                -81.349094,
                40.786617
              ],
              [
                -81.34911,
                40.786341
              ],
              [
                -81.348818,
                40.786331
              ],
              [
                -81.348713,
                40.786214
              ],
              [
                -81.348631,
                40.786138
              ],
              [
                -81.348132,
                40.785626
              ],
              [
                -81.347973,
                40.785695
              ],
              [
                -81.347904,
                40.785723
              ],
              [
                -81.347825,
                40.785759
              ],
              [
                -81.347737,
                40.785749
              ],
              [
                -81.34778,
                40.78582
              ],
              [
                -81.347896,
                40.786054
              ],
              [
                -81.346548,
                40.786424
              ],
              [
                -81.345437,
                40.786913
              ],
              [
                -81.345086,
                40.78685
              ],
              [
                -81.345026,
                40.787123
              ],
              [
                -81.343703,
                40.787141
              ],
              [
                -81.342332,
                40.786889
              ],
              [
                -81.342101,
                40.786846
              ],
              [
                -81.339864,
                40.786137
              ],
              [
                -81.339885,
                40.785881
              ],
              [
                -81.339309,
                40.785872
              ],
              [
                -81.338405,
                40.785498
              ],
              [
                -81.337502,
                40.785233
              ],
              [
                -81.337387,
                40.7852
              ],
              [
                -81.33736,
                40.785199
              ],
              [
                -81.337364,
                40.785175
              ],
              [
                -81.337373,
                40.785125
              ],
              [
                -81.337393,
                40.784898
              ],
              [
                -81.336876,
                40.784882
              ],
              [
                -81.336766,
                40.784849
              ],
              [
                -81.3352,
                40.784386
              ],
              [
                -81.335057,
                40.784344
              ],
              [
                -81.333085,
                40.783868
              ],
              [
                -81.331891,
                40.783675
              ],
              [
                -81.33024,
                40.783539
              ],
              [
                -81.330146,
                40.783523
              ],
              [
                -81.329881,
                40.783474
              ],
              [
                -81.329363,
                40.783418
              ],
              [
                -81.327726,
                40.783394
              ],
              [
                -81.325383,
                40.783359
              ],
              [
                -81.325383,
                40.782685
              ],
              [
                -81.323884,
                40.782651
              ],
              [
                -81.323901,
                40.783123
              ],
              [
                -81.322924,
                40.782904
              ],
              [
                -81.322928,
                40.782591
              ],
              [
                -81.321436,
                40.782546
              ],
              [
                -81.321429,
                40.782243
              ],
              [
                -81.320963,
                40.782229
              ],
              [
                -81.321021,
                40.780681
              ],
              [
                -81.320708,
                40.780664
              ],
              [
                -81.320498,
                40.780664
              ],
              [
                -81.320397,
                40.781607
              ],
              [
                -81.318881,
                40.781624
              ],
              [
                -81.318578,
                40.781826
              ],
              [
                -81.318101,
                40.781794
              ],
              [
                -81.318072,
                40.78232
              ],
              [
                -81.317331,
                40.78279
              ],
              [
                -81.314893,
                40.782709
              ],
              [
                -81.313935,
                40.782678
              ],
              [
                -81.313908,
                40.783137
              ],
              [
                -81.313889,
                40.783478
              ],
              [
                -81.313856,
                40.784038
              ],
              [
                -81.313351,
                40.784021
              ],
              [
                -81.31241,
                40.782838
              ],
              [
                -81.31158,
                40.781841
              ],
              [
                -81.311413,
                40.781857
              ],
              [
                -81.311101,
                40.781873
              ],
              [
                -81.311062,
                40.781875
              ],
              [
                -81.311138,
                40.781329
              ],
              [
                -81.311071,
                40.781252
              ],
              [
                -81.310976,
                40.781147
              ],
              [
                -81.310255,
                40.780346
              ],
              [
                -81.31007,
                40.780133
              ],
              [
                -81.309787,
                40.779795
              ],
              [
                -81.309759,
                40.779761
              ],
              [
                -81.309541,
                40.779497
              ],
              [
                -81.309379,
                40.779314
              ],
              [
                -81.309211,
                40.779151
              ],
              [
                -81.309122,
                40.779076
              ],
              [
                -81.308965,
                40.778959
              ],
              [
                -81.308787,
                40.778843
              ],
              [
                -81.308306,
                40.778546
              ],
              [
                -81.307637,
                40.778121
              ],
              [
                -81.307479,
                40.778002
              ],
              [
                -81.307374,
                40.777907
              ],
              [
                -81.3073,
                40.77783
              ],
              [
                -81.307187,
                40.777694
              ],
              [
                -81.307064,
                40.777518
              ],
              [
                -81.306954,
                40.77734
              ],
              [
                -81.306908,
                40.77725
              ],
              [
                -81.306874,
                40.777155
              ],
              [
                -81.306869,
                40.777108
              ],
              [
                -81.306871,
                40.777059
              ],
              [
                -81.306797,
                40.777045
              ],
              [
                -81.306735,
                40.777028
              ],
              [
                -81.306559,
                40.77697
              ],
              [
                -81.306414,
                40.776917
              ],
              [
                -81.306279,
                40.776859
              ],
              [
                -81.305643,
                40.776586
              ],
              [
                -81.305588,
                40.776563
              ],
              [
                -81.305231,
                40.776404
              ],
              [
                -81.304919,
                40.776269
              ],
              [
                -81.304396,
                40.776044
              ],
              [
                -81.303367,
                40.775599
              ],
              [
                -81.302758,
                40.775337
              ],
              [
                -81.302453,
                40.775198
              ],
              [
                -81.302205,
                40.775074
              ],
              [
                -81.301965,
                40.774941
              ],
              [
                -81.30131,
                40.774554
              ],
              [
                -81.300339,
                40.773966
              ],
              [
                -81.300151,
                40.773858
              ],
              [
                -81.300006,
                40.773782
              ],
              [
                -81.299905,
                40.773736
              ],
              [
                -81.299833,
                40.773708
              ],
              [
                -81.299906,
                40.773621
              ],
              [
                -81.299958,
                40.773569
              ],
              [
                -81.300061,
                40.773491
              ],
              [
                -81.300426,
                40.773197
              ],
              [
                -81.300702,
                40.772963
              ],
              [
                -81.30089,
                40.772789
              ],
              [
                -81.301068,
                40.772609
              ],
              [
                -81.301237,
                40.772426
              ],
              [
                -81.301362,
                40.772274
              ],
              [
                -81.301478,
                40.772118
              ],
              [
                -81.30173,
                40.771762
              ],
              [
                -81.30182,
                40.771647
              ],
              [
                -81.301951,
                40.771497
              ],
              [
                -81.30212,
                40.771325
              ],
              [
                -81.302136,
                40.770644
              ],
              [
                -81.302153,
                40.770319
              ],
              [
                -81.302156,
                40.770294
              ],
              [
                -81.302196,
                40.769911
              ],
              [
                -81.30219,
                40.769753
              ],
              [
                -81.302176,
                40.769704
              ],
              [
                -81.302156,
                40.769659
              ],
              [
                -81.302125,
                40.769613
              ],
              [
                -81.302052,
                40.769559
              ],
              [
                -81.302014,
                40.769536
              ],
              [
                -81.30197,
                40.769517
              ],
              [
                -81.301917,
                40.769503
              ],
              [
                -81.301799,
                40.769489
              ],
              [
                -81.301495,
                40.76947
              ],
              [
                -81.300957,
                40.769448
              ],
              [
                -81.300167,
                40.769408
              ],
              [
                -81.299813,
                40.769385
              ],
              [
                -81.299694,
                40.769371
              ],
              [
                -81.299577,
                40.769345
              ],
              [
                -81.299535,
                40.769331
              ],
              [
                -81.29945,
                40.769288
              ],
              [
                -81.299425,
                40.76927
              ],
              [
                -81.29938,
                40.769221
              ],
              [
                -81.299359,
                40.769192
              ],
              [
                -81.299337,
                40.769148
              ],
              [
                -81.299323,
                40.769102
              ],
              [
                -81.299315,
                40.769048
              ],
              [
                -81.299314,
                40.768906
              ],
              [
                -81.299328,
                40.768696
              ],
              [
                -81.299333,
                40.768338
              ],
              [
                -81.299331,
                40.767936
              ],
              [
                -81.299324,
                40.767668
              ],
              [
                -81.299326,
                40.767488
              ],
              [
                -81.299407,
                40.765
              ],
              [
                -81.299413,
                40.764673
              ],
              [
                -81.299439,
                40.764094
              ],
              [
                -81.299534,
                40.762813
              ],
              [
                -81.299542,
                40.762543
              ],
              [
                -81.299539,
                40.762229
              ],
              [
                -81.299536,
                40.762164
              ],
              [
                -81.292949,
                40.761978
              ],
              [
                -81.292896,
                40.763137
              ],
              [
                -81.291934,
                40.763061
              ],
              [
                -81.291898,
                40.763108
              ],
              [
                -81.291898,
                40.763337
              ],
              [
                -81.291916,
                40.763361
              ],
              [
                -81.29194,
                40.763361
              ],
              [
                -81.292137,
                40.763357
              ],
              [
                -81.292887,
                40.763344
              ],
              [
                -81.292785,
                40.765604
              ],
              [
                -81.28948,
                40.765513
              ],
              [
                -81.289412,
                40.767085
              ],
              [
                -81.289385,
                40.767697
              ],
              [
                -81.290362,
                40.767748
              ],
              [
                -81.290299,
                40.769164
              ],
              [
                -81.290703,
                40.769175
              ],
              [
                -81.290519,
                40.772673
              ],
              [
                -81.29046,
                40.772758
              ],
              [
                -81.288484,
                40.775604
              ],
              [
                -81.288273,
                40.775633
              ],
              [
                -81.288237,
                40.776501
              ],
              [
                -81.288056,
                40.77649
              ],
              [
                -81.287958,
                40.776487
              ],
              [
                -81.287795,
                40.776483
              ],
              [
                -81.284987,
                40.776454
              ],
              [
                -81.284881,
                40.778463
              ],
              [
                -81.284823,
                40.779566
              ],
              [
                -81.284835,
                40.779987
              ],
              [
                -81.284801,
                40.779985
              ],
              [
                -81.284723,
                40.781465
              ],
              [
                -81.284711,
                40.7817
              ],
              [
                -81.284706,
                40.781783
              ],
              [
                -81.287476,
                40.781903
              ],
              [
                -81.287492,
                40.781788
              ],
              [
                -81.287534,
                40.781523
              ]
            ],
            [
              [
                -81.42695,
                40.750261
              ],
              [
                -81.426871,
                40.751562
              ],
              [
                -81.426869,
                40.751603
              ],
              [
                -81.426386,
                40.751614
              ],
              [
                -81.425907,
                40.751585
              ],
              [
                -81.425428,
                40.751542
              ],
              [
                -81.424948,
                40.751512
              ],
              [
                -81.424993,
                40.750763
              ],
              [
                -81.425062,
                40.750765
              ],
              [
                -81.426162,
                40.750801
              ],
              [
                -81.426435,
                40.750813
              ],
              [
                -81.426461,
                40.750244
              ],
              [
                -81.4268,
                40.750257
              ],
              [
                -81.42695,
                40.750261
              ]
            ],
            [
              [
                -81.423117,
                40.750707
              ],
              [
                -81.42309,
                40.751235
              ],
              [
                -81.423088,
                40.751456
              ],
              [
                -81.41971,
                40.751353
              ],
              [
                -81.419776,
                40.750597
              ],
              [
                -81.422099,
                40.750673
              ],
              [
                -81.423117,
                40.750707
              ]
            ],
            [
              [
                -81.410559,
                40.761866
              ],
              [
                -81.410555,
                40.762686
              ],
              [
                -81.410515,
                40.762842
              ],
              [
                -81.41048,
                40.76286
              ],
              [
                -81.409956,
                40.763152
              ],
              [
                -81.409734,
                40.763281
              ],
              [
                -81.409652,
                40.763328
              ],
              [
                -81.409393,
                40.763472
              ],
              [
                -81.40927,
                40.765449
              ],
              [
                -81.407437,
                40.765375
              ],
              [
                -81.407436,
                40.765574
              ],
              [
                -81.407436,
                40.765708
              ],
              [
                -81.406909,
                40.765962
              ],
              [
                -81.406259,
                40.765194
              ],
              [
                -81.406152,
                40.765056
              ],
              [
                -81.406001,
                40.765128
              ],
              [
                -81.404392,
                40.765899
              ],
              [
                -81.404205,
                40.765988
              ],
              [
                -81.40404,
                40.766067
              ],
              [
                -81.404051,
                40.766079
              ],
              [
                -81.404077,
                40.76611
              ],
              [
                -81.40478,
                40.766937
              ],
              [
                -81.403875,
                40.767385
              ],
              [
                -81.401429,
                40.768595
              ],
              [
                -81.401468,
                40.768638
              ],
              [
                -81.399297,
                40.769704
              ],
              [
                -81.399285,
                40.769935
              ],
              [
                -81.399211,
                40.771014
              ],
              [
                -81.399175,
                40.771657
              ],
              [
                -81.397378,
                40.771617
              ],
              [
                -81.397293,
                40.772965
              ],
              [
                -81.397146,
                40.772959
              ],
              [
                -81.394045,
                40.772864
              ],
              [
                -81.394007,
                40.772863
              ],
              [
                -81.393834,
                40.772858
              ],
              [
                -81.391607,
                40.772788
              ],
              [
                -81.39156,
                40.77276
              ],
              [
                -81.390659,
                40.772223
              ],
              [
                -81.390892,
                40.771664
              ],
              [
                -81.39121,
                40.771447
              ],
              [
                -81.39165,
                40.770965
              ],
              [
                -81.391701,
                40.770909
              ],
              [
                -81.391756,
                40.770854
              ],
              [
                -81.393151,
                40.769871
              ],
              [
                -81.393688,
                40.769485
              ],
              [
                -81.394622,
                40.768777
              ],
              [
                -81.395304,
                40.768326
              ],
              [
                -81.397349,
                40.766857
              ],
              [
                -81.397629,
                40.76666
              ],
              [
                -81.399053,
                40.765664
              ],
              [
                -81.399578,
                40.765296
              ],
              [
                -81.400068,
                40.764953
              ],
              [
                -81.401084,
                40.764198
              ],
              [
                -81.402594,
                40.762531
              ],
              [
                -81.403237,
                40.761471
              ],
              [
                -81.403384,
                40.760917
              ],
              [
                -81.403557,
                40.760361
              ],
              [
                -81.404102,
                40.758447
              ],
              [
                -81.407448,
                40.758555
              ],
              [
                -81.408987,
                40.758529
              ],
              [
                -81.409619,
                40.758567
              ],
              [
                -81.409446,
                40.761274
              ],
              [
                -81.409955,
                40.761325
              ],
              [
                -81.409961,
                40.76186
              ],
              [
                -81.410559,
                40.761866
              ]
            ],
            [
              [
                -81.409695,
                40.751314
              ],
              [
                -81.409692,
                40.751365
              ],
              [
                -81.409654,
                40.752595
              ],
              [
                -81.409044,
                40.752582
              ],
              [
                -81.409074,
                40.75176
              ],
              [
                -81.409124,
                40.751296
              ],
              [
                -81.409695,
                40.751314
              ]
            ],
            [
              [
                -81.403346,
                40.841697
              ],
              [
                -81.40334,
                40.841869
              ],
              [
                -81.403324,
                40.842328
              ],
              [
                -81.403113,
                40.843154
              ],
              [
                -81.40215,
                40.843518
              ],
              [
                -81.402122,
                40.843975
              ],
              [
                -81.402011,
                40.844246
              ],
              [
                -81.401855,
                40.844626
              ],
              [
                -81.401844,
                40.844653
              ],
              [
                -81.401504,
                40.844989
              ],
              [
                -81.401448,
                40.845679
              ],
              [
                -81.401428,
                40.845937
              ],
              [
                -81.401429,
                40.846343
              ],
              [
                -81.401441,
                40.846432
              ],
              [
                -81.401457,
                40.846472
              ],
              [
                -81.401473,
                40.846492
              ],
              [
                -81.401496,
                40.846509
              ],
              [
                -81.401539,
                40.846536
              ],
              [
                -81.401642,
                40.84658
              ],
              [
                -81.401828,
                40.846645
              ],
              [
                -81.401936,
                40.846696
              ],
              [
                -81.402011,
                40.846742
              ],
              [
                -81.4021,
                40.84681
              ],
              [
                -81.402222,
                40.84694
              ],
              [
                -81.402288,
                40.847057
              ],
              [
                -81.402298,
                40.847094
              ],
              [
                -81.402299,
                40.84713
              ],
              [
                -81.402277,
                40.847214
              ],
              [
                -81.402262,
                40.847247
              ],
              [
                -81.40223,
                40.847294
              ],
              [
                -81.402161,
                40.847367
              ],
              [
                -81.402065,
                40.84745
              ],
              [
                -81.401649,
                40.847779
              ],
              [
                -81.401589,
                40.847815
              ],
              [
                -81.401139,
                40.848242
              ],
              [
                -81.400987,
                40.848368
              ],
              [
                -81.400882,
                40.848456
              ],
              [
                -81.399478,
                40.848177
              ],
              [
                -81.39939,
                40.848158
              ],
              [
                -81.397896,
                40.847838
              ],
              [
                -81.397501,
                40.847776
              ],
              [
                -81.396537,
                40.848384
              ],
              [
                -81.396297,
                40.848819
              ],
              [
                -81.396312,
                40.850048
              ],
              [
                -81.396313,
                40.850111
              ],
              [
                -81.395165,
                40.850077
              ],
              [
                -81.394741,
                40.850064
              ],
              [
                -81.394725,
                40.850373
              ],
              [
                -81.394081,
                40.850464
              ],
              [
                -81.393131,
                40.850601
              ],
              [
                -81.393038,
                40.850239
              ],
              [
                -81.392986,
                40.850037
              ],
              [
                -81.392689,
                40.848878
              ],
              [
                -81.392635,
                40.848669
              ],
              [
                -81.39414,
                40.8487
              ],
              [
                -81.394128,
                40.848563
              ],
              [
                -81.394207,
                40.848565
              ],
              [
                -81.394338,
                40.848572
              ],
              [
                -81.394355,
                40.848279
              ],
              [
                -81.394365,
                40.848092
              ],
              [
                -81.394284,
                40.848061
              ],
              [
                -81.393433,
                40.848033
              ],
              [
                -81.393396,
                40.848038
              ],
              [
                -81.39333,
                40.848055
              ],
              [
                -81.392598,
                40.848044
              ],
              [
                -81.392477,
                40.848046
              ],
              [
                -81.39247,
                40.848018
              ],
              [
                -81.392447,
                40.847927
              ],
              [
                -81.392326,
                40.84747
              ],
              [
                -81.392285,
                40.847313
              ],
              [
                -81.392201,
                40.847035
              ],
              [
                -81.392072,
                40.846551
              ],
              [
                -81.392028,
                40.846355
              ],
              [
                -81.391944,
                40.84602
              ],
              [
                -81.391827,
                40.845489
              ],
              [
                -81.391799,
                40.845375
              ],
              [
                -81.391576,
                40.844444
              ],
              [
                -81.391412,
                40.843743
              ],
              [
                -81.391387,
                40.84364
              ],
              [
                -81.391234,
                40.84301
              ],
              [
                -81.391197,
                40.842859
              ],
              [
                -81.391037,
                40.842216
              ],
              [
                -81.391009,
                40.842102
              ],
              [
                -81.390968,
                40.841938
              ],
              [
                -81.390763,
                40.841192
              ],
              [
                -81.390712,
                40.840976
              ],
              [
                -81.391417,
                40.840925
              ],
              [
                -81.391967,
                40.840897
              ],
              [
                -81.392085,
                40.840888
              ],
              [
                -81.392797,
                40.840835
              ],
              [
                -81.392857,
                40.840831
              ],
              [
                -81.392904,
                40.839713
              ],
              [
                -81.394146,
                40.83974
              ],
              [
                -81.394109,
                40.840745
              ],
              [
                -81.394427,
                40.840723
              ],
              [
                -81.394559,
                40.840723
              ],
              [
                -81.394557,
                40.840776
              ],
              [
                -81.394666,
                40.840761
              ],
              [
                -81.395129,
                40.840768
              ],
              [
                -81.395309,
                40.84077
              ],
              [
                -81.39549,
                40.840773
              ],
              [
                -81.395671,
                40.840776
              ],
              [
                -81.395851,
                40.840779
              ],
              [
                -81.396032,
                40.840781
              ],
              [
                -81.396135,
                40.840783
              ],
              [
                -81.396214,
                40.840816
              ],
              [
                -81.396376,
                40.840885
              ],
              [
                -81.39642,
                40.840903
              ],
              [
                -81.39652,
                40.840946
              ],
              [
                -81.396834,
                40.841078
              ],
              [
                -81.397408,
                40.841322
              ],
              [
                -81.397605,
                40.841405
              ],
              [
                -81.397804,
                40.841489
              ],
              [
                -81.397953,
                40.841553
              ],
              [
                -81.398162,
                40.84156
              ],
              [
                -81.398436,
                40.841569
              ],
              [
                -81.398618,
                40.841577
              ],
              [
                -81.399101,
                40.841592
              ],
              [
                -81.399102,
                40.841578
              ],
              [
                -81.399752,
                40.8416
              ],
              [
                -81.399973,
                40.841608
              ],
              [
                -81.400132,
                40.84162
              ],
              [
                -81.400276,
                40.841632
              ],
              [
                -81.400687,
                40.841646
              ],
              [
                -81.401429,
                40.841671
              ],
              [
                -81.401576,
                40.841676
              ],
              [
                -81.401718,
                40.841681
              ],
              [
                -81.402407,
                40.8417
              ],
              [
                -81.403037,
                40.841688
              ],
              [
                -81.403346,
                40.841697
              ]
            ],
            [
              [
                -81.397598,
                40.824788
              ],
              [
                -81.397615,
                40.824856
              ],
              [
                -81.397402,
                40.824753
              ],
              [
                -81.396774,
                40.82445
              ],
              [
                -81.396661,
                40.82443
              ],
              [
                -81.396492,
                40.82438
              ],
              [
                -81.396441,
                40.824355
              ],
              [
                -81.395879,
                40.824157
              ],
              [
                -81.395746,
                40.82411
              ],
              [
                -81.395674,
                40.824083
              ],
              [
                -81.394879,
                40.823766
              ],
              [
                -81.394961,
                40.823642
              ],
              [
                -81.39479,
                40.823561
              ],
              [
                -81.395167,
                40.822949
              ],
              [
                -81.395285,
                40.82277
              ],
              [
                -81.395313,
                40.822727
              ],
              [
                -81.39537,
                40.82266
              ],
              [
                -81.395427,
                40.822655
              ],
              [
                -81.395492,
                40.822657
              ],
              [
                -81.395632,
                40.822662
              ],
              [
                -81.395909,
                40.822678
              ],
              [
                -81.396301,
                40.822682
              ],
              [
                -81.396417,
                40.822685
              ],
              [
                -81.396511,
                40.822688
              ],
              [
                -81.396571,
                40.822693
              ],
              [
                -81.396787,
                40.822699
              ],
              [
                -81.39689,
                40.822699
              ],
              [
                -81.396911,
                40.822769
              ],
              [
                -81.396934,
                40.822846
              ],
              [
                -81.396991,
                40.823049
              ],
              [
                -81.397027,
                40.823178
              ],
              [
                -81.397064,
                40.823311
              ],
              [
                -81.397202,
                40.823678
              ],
              [
                -81.397213,
                40.823703
              ],
              [
                -81.397306,
                40.823928
              ],
              [
                -81.397387,
                40.823931
              ],
              [
                -81.397372,
                40.824272
              ],
              [
                -81.397538,
                40.824604
              ],
              [
                -81.397572,
                40.82471
              ],
              [
                -81.397598,
                40.824788
              ]
            ],
            [
              [
                -81.375228,
                40.841073
              ],
              [
                -81.375225,
                40.84113
              ],
              [
                -81.375205,
                40.841567
              ],
              [
                -81.375178,
                40.842181
              ],
              [
                -81.375177,
                40.842209
              ],
              [
                -81.375067,
                40.842205
              ],
              [
                -81.372821,
                40.842139
              ],
              [
                -81.372869,
                40.841173
              ],
              [
                -81.372877,
                40.841008
              ],
              [
                -81.373654,
                40.84103
              ],
              [
                -81.375228,
                40.841073
              ]
            ],
            [
              [
                -81.365586,
                40.840458
              ],
              [
                -81.36558,
                40.840584
              ],
              [
                -81.365542,
                40.841358
              ],
              [
                -81.365485,
                40.842476
              ],
              [
                -81.365424,
                40.843648
              ],
              [
                -81.365405,
                40.844025
              ],
              [
                -81.365392,
                40.844296
              ],
              [
                -81.365334,
                40.845559
              ],
              [
                -81.364426,
                40.84553
              ],
              [
                -81.363244,
                40.845502
              ],
              [
                -81.362371,
                40.845467
              ],
              [
                -81.362064,
                40.845459
              ],
              [
                -81.360885,
                40.845425
              ],
              [
                -81.360818,
                40.845423
              ],
              [
                -81.360865,
                40.844571
              ],
              [
                -81.360887,
                40.844133
              ],
              [
                -81.360909,
                40.843694
              ],
              [
                -81.360933,
                40.843227
              ],
              [
                -81.36131,
                40.843239
              ],
              [
                -81.361388,
                40.842869
              ],
              [
                -81.361025,
                40.842898
              ],
              [
                -81.361028,
                40.842828
              ],
              [
                -81.361082,
                40.841755
              ],
              [
                -81.360633,
                40.841742
              ],
              [
                -81.36066,
                40.841184
              ],
              [
                -81.360705,
                40.840316
              ],
              [
                -81.36117,
                40.840329
              ],
              [
                -81.361532,
                40.84034
              ],
              [
                -81.362576,
                40.84037
              ],
              [
                -81.362532,
                40.841246
              ],
              [
                -81.363083,
                40.841265
              ],
              [
                -81.36313,
                40.840716
              ],
              [
                -81.363187,
                40.840663
              ],
              [
                -81.363201,
                40.840389
              ],
              [
                -81.365586,
                40.840458
              ]
            ],
            [
              [
                -81.351379,
                40.826969
              ],
              [
                -81.35136,
                40.827321
              ],
              [
                -81.351304,
                40.827486
              ],
              [
                -81.351186,
                40.827811
              ],
              [
                -81.350846,
                40.828321
              ],
              [
                -81.350785,
                40.828508
              ],
              [
                -81.350756,
                40.828562
              ],
              [
                -81.350564,
                40.828557
              ],
              [
                -81.350726,
                40.827006
              ],
              [
                -81.350731,
                40.826955
              ],
              [
                -81.351138,
                40.826964
              ],
              [
                -81.351288,
                40.826968
              ],
              [
                -81.351379,
                40.826969
              ]
            ],
            [
              [
                -81.351149,
                40.823704
              ],
              [
                -81.351111,
                40.823998
              ],
              [
                -81.350986,
                40.82497
              ],
              [
                -81.350866,
                40.824966
              ],
              [
                -81.348369,
                40.824853
              ],
              [
                -81.347136,
                40.824796
              ],
              [
                -81.346154,
                40.824757
              ],
              [
                -81.345611,
                40.824759
              ],
              [
                -81.343359,
                40.824653
              ],
              [
                -81.341588,
                40.824637
              ],
              [
                -81.341604,
                40.8243
              ],
              [
                -81.341597,
                40.824283
              ],
              [
                -81.34162,
                40.823774
              ],
              [
                -81.341627,
                40.823747
              ],
              [
                -81.341645,
                40.823727
              ],
              [
                -81.341681,
                40.823715
              ],
              [
                -81.341728,
                40.823712
              ],
              [
                -81.341748,
                40.823713
              ],
              [
                -81.342135,
                40.823734
              ],
              [
                -81.342153,
                40.823409
              ],
              [
                -81.342155,
                40.823383
              ],
              [
                -81.343656,
                40.823444
              ],
              [
                -81.34568,
                40.823526
              ],
              [
                -81.347009,
                40.823578
              ],
              [
                -81.348104,
                40.823612
              ],
              [
                -81.3493,
                40.823648
              ],
              [
                -81.349914,
                40.823652
              ],
              [
                -81.349904,
                40.823762
              ],
              [
                -81.349892,
                40.823773
              ],
              [
                -81.349885,
                40.823856
              ],
              [
                -81.349877,
                40.823948
              ],
              [
                -81.349874,
                40.824016
              ],
              [
                -81.350764,
                40.824035
              ],
              [
                -81.350925,
                40.824044
              ],
              [
                -81.350929,
                40.823993
              ],
              [
                -81.350943,
                40.82389
              ],
              [
                -81.350969,
                40.823698
              ],
              [
                -81.351033,
                40.8237
              ],
              [
                -81.351149,
                40.823704
              ]
            ],
            [
              [
                -81.33913,
                40.798793
              ],
              [
                -81.339116,
                40.799053
              ],
              [
                -81.339097,
                40.799416
              ],
              [
                -81.339047,
                40.800315
              ],
              [
                -81.339024,
                40.800728
              ],
              [
                -81.339019,
                40.800812
              ],
              [
                -81.339017,
                40.800844
              ],
              [
                -81.338825,
                40.800832
              ],
              [
                -81.337734,
                40.800793
              ],
              [
                -81.336234,
                40.800755
              ],
              [
                -81.335443,
                40.800734
              ],
              [
                -81.334906,
                40.800716
              ],
              [
                -81.334912,
                40.800637
              ],
              [
                -81.334914,
                40.800582
              ],
              [
                -81.334918,
                40.800526
              ],
              [
                -81.33493,
                40.800304
              ],
              [
                -81.334931,
                40.800286
              ],
              [
                -81.334946,
                40.800017
              ],
              [
                -81.334948,
                40.799987
              ],
              [
                -81.334949,
                40.799921
              ],
              [
                -81.335551,
                40.799759
              ],
              [
                -81.336275,
                40.799565
              ],
              [
                -81.33649,
                40.799507
              ],
              [
                -81.337344,
                40.799272
              ],
              [
                -81.337569,
                40.799214
              ],
              [
                -81.337942,
                40.799117
              ],
              [
                -81.338045,
                40.799089
              ],
              [
                -81.33804,
                40.798923
              ],
              [
                -81.338065,
                40.79855
              ],
              [
                -81.338434,
                40.798486
              ],
              [
                -81.338507,
                40.798963
              ],
              [
                -81.338986,
                40.798833
              ],
              [
                -81.33913,
                40.798793
              ]
            ],
            [
              [
                -81.336663,
                40.823211
              ],
              [
                -81.336605,
                40.824198
              ],
              [
                -81.336387,
                40.824192
              ],
              [
                -81.336107,
                40.824191
              ],
              [
                -81.336114,
                40.824364
              ],
              [
                -81.336034,
                40.82437
              ],
              [
                -81.336034,
                40.824489
              ],
              [
                -81.336034,
                40.824715
              ],
              [
                -81.335548,
                40.824715
              ],
              [
                -81.335536,
                40.824948
              ],
              [
                -81.335112,
                40.824948
              ],
              [
                -81.335061,
                40.826203
              ],
              [
                -81.335046,
                40.826559
              ],
              [
                -81.334493,
                40.826546
              ],
              [
                -81.334479,
                40.827016
              ],
              [
                -81.334466,
                40.82725
              ],
              [
                -81.334016,
                40.827238
              ],
              [
                -81.334012,
                40.827473
              ],
              [
                -81.333404,
                40.827456
              ],
              [
                -81.333403,
                40.827579
              ],
              [
                -81.333403,
                40.827825
              ],
              [
                -81.332825,
                40.827823
              ],
              [
                -81.332509,
                40.827822
              ],
              [
                -81.332516,
                40.827423
              ],
              [
                -81.332651,
                40.824749
              ],
              [
                -81.331121,
                40.824669
              ],
              [
                -81.328596,
                40.824628
              ],
              [
                -81.328631,
                40.824096
              ],
              [
                -81.328705,
                40.822976
              ],
              [
                -81.3292,
                40.822953
              ],
              [
                -81.329507,
                40.822969
              ],
              [
                -81.330225,
                40.82299
              ],
              [
                -81.33123,
                40.823018
              ],
              [
                -81.332255,
                40.823047
              ],
              [
                -81.333251,
                40.823076
              ],
              [
                -81.334215,
                40.823103
              ],
              [
                -81.33517,
                40.82313
              ],
              [
                -81.336127,
                40.823158
              ],
              [
                -81.336229,
                40.823161
              ],
              [
                -81.336226,
                40.823198
              ],
              [
                -81.336663,
                40.823211
              ]
            ],
            [
              [
                -81.333804,
                40.799122
              ],
              [
                -81.333797,
                40.799249
              ],
              [
                -81.333749,
                40.800095
              ],
              [
                -81.333754,
                40.800243
              ],
              [
                -81.333588,
                40.800288
              ],
              [
                -81.333585,
                40.800323
              ],
              [
                -81.333583,
                40.800349
              ],
              [
                -81.33358,
                40.800376
              ],
              [
                -81.333569,
                40.800476
              ],
              [
                -81.333561,
                40.800539
              ],
              [
                -81.333555,
                40.800606
              ],
              [
                -81.333547,
                40.800671
              ],
              [
                -81.332762,
                40.800645
              ],
              [
                -81.332853,
                40.800517
              ],
              [
                -81.332603,
                40.800511
              ],
              [
                -81.332676,
                40.800407
              ],
              [
                -81.333199,
                40.800251
              ],
              [
                -81.333262,
                40.799104
              ],
              [
                -81.333382,
                40.79911
              ],
              [
                -81.333804,
                40.799122
              ]
            ],
            [
              [
                -81.322464,
                40.84477
              ],
              [
                -81.321656,
                40.845415
              ],
              [
                -81.321151,
                40.845822
              ],
              [
                -81.321231,
                40.845879
              ],
              [
                -81.321474,
                40.846375
              ],
              [
                -81.321461,
                40.84707
              ],
              [
                -81.320967,
                40.847422
              ],
              [
                -81.320356,
                40.848426
              ],
              [
                -81.320222,
                40.848422
              ],
              [
                -81.319097,
                40.847669
              ],
              [
                -81.319002,
                40.84774
              ],
              [
                -81.318133,
                40.848406
              ],
              [
                -81.318701,
                40.848812
              ],
              [
                -81.318345,
                40.849121
              ],
              [
                -81.317768,
                40.848677
              ],
              [
                -81.317555,
                40.848849
              ],
              [
                -81.317392,
                40.848981
              ],
              [
                -81.316913,
                40.849371
              ],
              [
                -81.316828,
                40.849436
              ],
              [
                -81.316747,
                40.850728
              ],
              [
                -81.315327,
                40.85051
              ],
              [
                -81.315569,
                40.850326
              ],
              [
                -81.31606,
                40.849936
              ],
              [
                -81.316563,
                40.849528
              ],
              [
                -81.316693,
                40.844058
              ],
              [
                -81.316694,
                40.843987
              ],
              [
                -81.316073,
                40.843964
              ],
              [
                -81.316093,
                40.843551
              ],
              [
                -81.316586,
                40.843571
              ],
              [
                -81.317138,
                40.843594
              ],
              [
                -81.317137,
                40.843611
              ],
              [
                -81.317129,
                40.843769
              ],
              [
                -81.317114,
                40.844013
              ],
              [
                -81.318076,
                40.844048
              ],
              [
                -81.318346,
                40.844056
              ],
              [
                -81.318413,
                40.844059
              ],
              [
                -81.318608,
                40.844069
              ],
              [
                -81.32024,
                40.844065
              ],
              [
                -81.322464,
                40.84477
              ]
            ],
            [
              [
                -81.3217,
                40.839831
              ],
              [
                -81.32167,
                40.840552
              ],
              [
                -81.317285,
                40.840405
              ],
              [
                -81.31729,
                40.840257
              ],
              [
                -81.317242,
                40.840252
              ],
              [
                -81.315888,
                40.840218
              ],
              [
                -81.315417,
                40.8402
              ],
              [
                -81.315424,
                40.839903
              ],
              [
                -81.316128,
                40.839757
              ],
              [
                -81.316186,
                40.839744
              ],
              [
                -81.31733,
                40.839502
              ],
              [
                -81.317324,
                40.839614
              ],
              [
                -81.31732,
                40.839684
              ],
              [
                -81.317582,
                40.839695
              ],
              [
                -81.3217,
                40.839831
              ]
            ],
            [
              [
                -81.318702,
                40.841898
              ],
              [
                -81.318643,
                40.84325
              ],
              [
                -81.317157,
                40.843202
              ],
              [
                -81.317165,
                40.843043
              ],
              [
                -81.317112,
                40.843043
              ],
              [
                -81.315595,
                40.842982
              ],
              [
                -81.315607,
                40.842708
              ],
              [
                -81.31562,
                40.842434
              ],
              [
                -81.315649,
                40.841839
              ],
              [
                -81.315651,
                40.841788
              ],
              [
                -81.315902,
                40.841784
              ],
              [
                -81.316556,
                40.841816
              ],
              [
                -81.317065,
                40.841836
              ],
              [
                -81.317222,
                40.841844
              ],
              [
                -81.318702,
                40.841898
              ]
            ],
            [
              [
                -81.318315,
                40.840943
              ],
              [
                -81.318281,
                40.841662
              ],
              [
                -81.317232,
                40.841625
              ],
              [
                -81.317243,
                40.841402
              ],
              [
                -81.317037,
                40.841396
              ],
              [
                -81.315964,
                40.841364
              ],
              [
                -81.315364,
                40.841347
              ],
              [
                -81.315396,
                40.840659
              ],
              [
                -81.315888,
                40.840673
              ],
              [
                -81.317221,
                40.840712
              ],
              [
                -81.317275,
                40.840715
              ],
              [
                -81.318315,
                40.840943
              ]
            ],
            [
              [
                -81.312436,
                40.842022
              ],
              [
                -81.312358,
                40.843818
              ],
              [
                -81.31164,
                40.843806
              ],
              [
                -81.310834,
                40.843757
              ],
              [
                -81.310879,
                40.842138
              ],
              [
                -81.311215,
                40.84214
              ],
              [
                -81.311496,
                40.842138
              ],
              [
                -81.311643,
                40.842155
              ],
              [
                -81.312436,
                40.842022
              ]
            ],
            [
              [
                -81.291798,
                40.779883
              ],
              [
                -81.290875,
                40.779097
              ],
              [
                -81.291874,
                40.778404
              ],
              [
                -81.293162,
                40.778862
              ],
              [
                -81.293096,
                40.778905
              ],
              [
                -81.292924,
                40.779027
              ],
              [
                -81.292221,
                40.77957
              ],
              [
                -81.291798,
                40.779883
              ]
            ]
          ],
          [
            [
              [
                -81.424418,
                40.803852
              ],
              [
                -81.424442,
                40.803441
              ],
              [
                -81.424354,
                40.803437
              ],
              [
                -81.42424,
                40.803433
              ],
              [
                -81.424216,
                40.803845
              ],
              [
                -81.424418,
                40.803852
              ]
            ]
          ]
        ]
      },
      "properties": {
        "geoid": "3912000",
        "name": "Canton",
        "sourceRefs": [
          "census-tigerline-canton-place-2025"
        ]
      }
    }
  ]
}
