{"type":"FeatureCollection","features":[{"type":"Feature","geometry":{"type":"MultiPolygon","coordinates":[[[[-81.429290000379055,40.74424200001414],[-81.428861999858569,40.744247000316982],[-81.421043999670118,40.74412399969993],[-81.420845000376801,40.744350999997252],[-81.420561999621285,40.744694000146005],[-81.420349999909178,40.744963999834312],[-81.420237999756168,40.745121000109421],[-81.420159999938349,40.745242000016539],[-81.420067999876863,40.745406999844491],[-81.419986999686017,40.745574999929296],[-81.419917000264107,40.745746000248189],[-81.419862999837449,40.745920000097513],[-81.41982100000466,40.746097000134249],[-81.419785000019644,40.746318999675829],[-81.419761999555107,40.746543999779405],[-81.419676000239704,40.748278000055357],[-81.419569999934495,40.750431999968654],[-81.419452999758619,40.750438000181852],[-81.419349999826451,40.75133699980681],[-81.41766000018076,40.751287000050738],[-81.417498999623973,40.751282000277257],[-81.417491999951267,40.751332999718855],[-81.4174869999284,40.751417999835432],[-81.415474000242511,40.75135300015635],[-81.415783999863905,40.746754999892687],[-81.415937000024783,40.743906999965603],[-81.414491999703145,40.743857999861774],[-81.414275999793091,40.747753999804083],[-81.414043999989488,40.751138000241667],[-81.409999000351135,40.751017999860352],[-81.410021000092456,40.75057299973156],[-81.410170999880265,40.747507999745125],[-81.407451999839566,40.747768000183981],[-81.407158999936598,40.747788000332726],[-81.407201999594292,40.747665000139598],[-81.407731000397121,40.746290999664097],[-81.408979000176956,40.743683000265655],[-81.408529999740054,40.743668999706387],[-81.40810700014076,40.743656000302515],[-81.407676000145543,40.743643000215542],[-81.406932999980796,40.745035000334056],[-81.405877999646492,40.747853000093912],[-81.404525000284693,40.747774999692304],[-81.403238000146814,40.747773000221727],[-81.402884000144496,40.746156000268627],[-81.401918000396961,40.746165000146135],[-81.401882000411959,40.747070000209426],[-81.400463000029589,40.747201999879088],[-81.400333000333234,40.747212000039333],[-81.400325999762245,40.747481999713386],[-81.400259999639999,40.749655000110742],[-81.401252000225099,40.749706000119673],[-81.401195000323696,40.750775000058184],[-81.401192999775546,40.750808000033047],[-81.401185000277948,40.750904999802401],[-81.40021500033248,40.750875000302749],[-81.399862999979973,40.758168000021548],[-81.398112000234903,40.758132000198039],[-81.397883999730951,40.758103000136991],[-81.397872000035392,40.75832499974242],[-81.399970000110073,40.758314000315785],[-81.400553000441278,40.758332999757236],[-81.402950000266713,40.758409999765917],[-81.402460999646863,40.760183999851016],[-81.402300999813292,40.760696999732872],[-81.401795000373312,40.761928999787933],[-81.400880999606017,40.762986999821571],[-81.399645000420065,40.764098999710846],[-81.398754000117322,40.76486499979638],[-81.397875000408433,40.765481000109787],[-81.397682000064592,40.765615999730493],[-81.397559999865848,40.765611999821232],[-81.397478999675002,40.765609000059264],[-81.396866999929799,40.765587999680498],[-81.39663599995113,40.765591000123798],[-81.396395999751618,40.765558000002642],[-81.396352000269005,40.765563000063267],[-81.396316000283989,40.765564999679185],[-81.395510000370038,40.765555000238187],[-81.395430999829017,40.765554000089892],[-81.395425999806136,40.765651000116563],[-81.395399000041962,40.766085999974898],[-81.395038000366924,40.766074000331372],[-81.395064000306206,40.765646000062503],[-81.395065999956032,40.765614000116059],[-81.395070000153993,40.765554000089892],[-81.394968999871651,40.765554000089892],[-81.394420999700557,40.765536000139527],[-81.393620999634393,40.765501999841987],[-81.393589999672258,40.765505999757806],[-81.392048000164564,40.765450000233777],[-81.390684000033787,40.765396000283495],[-81.39026999975701,40.765387000287504],[-81.389911999556716,40.765369000291905],[-81.389693000171917,40.76541400027179],[-81.389463000018139,40.765546999731804],[-81.388903000151501,40.76602099966869],[-81.388261000269068,40.766546000324944],[-81.387950999749364,40.766768999756913],[-81.387814000380331,40.766875999975369],[-81.387538000195804,40.766910999697856],[-81.387135999614571,40.766974000240424],[-81.386386999602038,40.767114000174033],[-81.386337000271638,40.767122999936149],[-81.386060000262205,40.767164000273247],[-81.385726000351355,40.767214999777778],[-81.385497000022525,40.767257000180834],[-81.385327999968098,40.767296000191116],[-81.385106000210257,40.767357000126395],[-81.384797000413769,40.767454000242843],[-81.384127999868852,40.767678000146006],[-81.383527999819236,40.767869999753664],[-81.383280999947033,40.767941000286584],[-81.383080000105579,40.767986999997305],[-81.382897999632391,40.768008999729346],[-81.382777000156878,40.768009999840693],[-81.382480000055963,40.767983999662178],[-81.382439999873,40.767983999662178],[-81.382362999880087,40.767983000230807],[-81.382247000427455,40.767994000098369],[-81.382133999551229,40.76801400028593],[-81.382020999573328,40.768041999994139],[-81.381688000385722,40.768138999791027],[-81.380142999606647,40.768619000223055],[-81.37992800041981,40.768693999679719],[-81.379823999764426,40.768735999828309],[-81.379725000030234,40.768784999968105],[-81.379631000318909,40.768838999885965],[-81.379608999679277,40.768852999907864],[-81.379303000255831,40.76861200018778],[-81.378769000328447,40.768680999725511],[-81.378694999810307,40.768704000009059],[-81.378644999581581,40.7687110000346],[-81.377370999862492,40.768675999899479],[-81.375651000079557,40.7686349998149],[-81.375613000444744,40.768633999712961],[-81.375599000201021,40.768597000012612],[-81.3754369998193,40.768166000017892],[-81.374860000234222,40.766633000305234],[-81.374497999835981,40.76567000018234],[-81.374199999910147,40.76487799981669],[-81.373984999824984,40.764305999919671],[-81.373681000051377,40.763494000128013],[-81.3734569997454,40.762895000250502],[-81.373382000300637,40.762694999708366],[-81.373307999782483,40.762497999827701],[-81.373231999614489,40.762295999737468],[-81.373116000161858,40.761984000035504],[-81.373085000199708,40.761901000225812],[-81.373062999560091,40.761842999977617],[-81.371972999964015,40.758879999935289],[-81.371661999619391,40.758048999661071],[-81.372049999956914,40.758049999922292],[-81.372890000206041,40.758051999764298],[-81.372819000060929,40.757650999966927],[-81.372782000251021,40.757444000126071],[-81.37275799996155,40.757306000100897],[-81.372752000113778,40.757216000018879],[-81.37271500030387,40.75666699987422],[-81.372694000387469,40.756354000002169],[-81.372680999968665,40.756161999788418],[-81.372677999595609,40.756112000258412],[-81.372636999587741,40.755560999925976],[-81.372631999564859,40.755491000076745],[-81.372721999976548,40.755494000295371],[-81.372640999785702,40.755045999943455],[-81.372630999739968,40.755011000097127],[-81.372604999800686,40.754921999938404],[-81.372578999861418,40.754828999782845],[-81.372434000096462,40.754318000163011],[-81.371991000405686,40.75275900018493],[-81.371870999856768,40.752444999942085],[-81.371865999833886,40.752432999877357],[-81.37184400009258,40.752375999880698],[-81.371602000243243,40.751742999999841],[-81.371527999725103,40.75163599991803],[-81.371382000135213,40.751428000042196],[-81.371213999905734,40.751188000109785],[-81.371186000316655,40.751149000175026],[-81.371178999745638,40.751314000318402],[-81.371151999981464,40.751939999770123],[-81.371080999836352,40.751684000058695],[-81.370751000123462,40.751147000125421],[-81.370684000176311,40.751082999866931],[-81.370193999731541,40.750614000069866],[-81.369549000374406,40.749996999742706],[-81.369463999985584,40.74990900006123],[-81.369270999641728,40.749902999800291],[-81.369258999946169,40.750032999888191],[-81.369253999923288,40.750618999893632],[-81.36926099959598,40.750799000103413],[-81.369278000212731,40.750934999969004],[-81.369304999976919,40.75106900018497],[-81.36934199978684,40.751201000082958],[-81.369431000373609,40.751462999733121],[-81.369469000008451,40.75156100026684],[-81.36921700011338,40.751616999923641],[-81.369164000409924,40.751474000293243],[-81.368760000178881,40.750398999807246],[-81.368597999797174,40.749968000216278],[-81.368564000360308,40.749874999936544],[-81.368449999659177,40.749872000144862],[-81.368335999856356,40.749867999968764],[-81.36902600031766,40.751707000099685],[-81.363625999871061,40.751542999929619],[-81.361019999808235,40.751464000093449],[-81.360921999898949,40.753231999797237],[-81.360895000134775,40.753709000072824],[-81.359090999787924,40.753655000110676],[-81.358903000365288,40.757004000160784],[-81.361089000303522,40.757073000182388],[-81.360977999975447,40.758875000052349],[-81.36113000031142,40.758878000118251],[-81.361921999981647,40.758903999776621],[-81.361926000179608,40.758846999884213],[-81.361968999837316,40.758158999727314],[-81.362254000242672,40.758168000021548],[-81.362320000364903,40.757112000044565],[-81.362953000026494,40.757132999699209],[-81.363553000076124,40.757150999883926],[-81.364451999876493,40.757179999679813],[-81.36478599978733,40.757190999974512],[-81.365402999555386,40.757209999736922],[-81.367413999591449,40.757232999907622],[-81.367518000246847,40.757237999914111],[-81.367827000043334,40.757252999931247],[-81.368304000069301,40.757274999814243],[-81.368931999708025,40.757301999691578],[-81.370526999817486,40.757366999678936],[-81.370750000298543,40.757376000080455],[-81.370926999850553,40.757382999938223],[-81.371039000003563,40.757389999795315],[-81.37219100042222,40.760464000132714],[-81.37235100025579,40.760891999751635],[-81.372418000202941,40.761013000218924],[-81.372635999762821,40.761405000293081],[-81.372795999596406,40.761832999976612],[-81.372819000060929,40.761894000163373],[-81.372848000373253,40.761972000331767],[-81.373933999771367,40.764869999909145],[-81.373958000060796,40.764931000030188],[-81.374774999845414,40.767104000285777],[-81.375333999887161,40.768589999975013],[-81.375347000305936,40.768626000257548],[-81.374490000338383,40.768600999742148],[-81.374485000315502,40.768652000184879],[-81.374358999918798,40.770792999692972],[-81.376318000076338,40.770842999745298],[-81.377324999831743,40.770867000029185],[-81.37760000019135,40.770875999963309],[-81.377775000093521,40.770514000138974],[-81.37860899959658,40.770183000107053],[-81.378858000016905,40.77002200017786],[-81.379165000163582,40.770012000046869],[-81.379711999611445,40.770152999782205],[-81.379761999840142,40.770171999921445],[-81.37986899997027,40.770200000081047],[-81.37983999965796,40.770773999731247],[-81.379812999893787,40.771581000087309],[-81.379800000373294,40.772391000302605],[-81.379796000175347,40.772445000011231],[-81.379670999603547,40.772441999877394],[-81.37742600011407,40.772379999802276],[-81.3772660002805,40.77250399989461],[-81.377088999830193,40.772612999806668],[-81.376995000118853,40.772669000097594],[-81.376281000266403,40.773058000026388],[-81.375942000332714,40.773153999950438],[-81.375759999859497,40.773249999735832],[-81.375213000411648,40.773523999905159],[-81.373874000395219,40.7743479997877],[-81.373173000063275,40.774967999979168],[-81.372851999672889,40.775251999890223],[-81.372725000349604,40.775241999866026],[-81.372480999952131,40.775360000055123],[-81.372166000307871,40.775723999998306],[-81.371259999936484,40.776348000217077],[-81.36984399992717,40.776750000112173],[-81.36975299969059,40.776792999909524],[-81.369760000261593,40.776679000148491],[-81.36978100017798,40.77622899975443],[-81.369790000398808,40.776083000038909],[-81.368171999824824,40.776038999791453],[-81.368229999551133,40.775037999725036],[-81.368278999954939,40.774872999963094],[-81.368330000008569,40.774821000204696],[-81.368417000047202,40.774732000039691],[-81.368605000368191,40.774651999858456],[-81.368756999805825,40.774631000296601],[-81.369872000414588,40.77466399999382],[-81.369878000262361,40.774560000109155],[-81.369916999722093,40.773893999840226],[-81.368027999884788,40.773843000019426],[-81.367986999876891,40.772986000162369],[-81.367493000132484,40.772970000257551],[-81.36754500001102,40.772091000290757],[-81.369564000443006,40.772157000151054],[-81.369691999591211,40.772163999812882],[-81.369898000353857,40.772152999955239],[-81.370012999981583,40.772138999948297],[-81.370156999921619,40.769764999938921],[-81.370228999891651,40.768481999690763],[-81.370257000379041,40.76805799972491],[-81.370284999968135,40.767472999793149],[-81.370382999877421,40.765901000297085],[-81.370422000235493,40.765181999671178],[-81.370448999999681,40.764756000101826],[-81.368880999654394,40.764709000034756],[-81.36713499993219,40.764656999806085],[-81.367021999954289,40.764654000000959],[-81.366088999818743,40.764626000226052],[-81.365544000020705,40.764609999668998],[-81.365124999721033,40.764597000276659],[-81.364563000204569,40.764580999712621],[-81.3640019996147,40.764563999661931],[-81.363440999923128,40.764547000287294],[-81.362880000231556,40.764530999711219],[-81.361757000125209,40.764497000260263],[-81.361383000031395,40.764485999813857],[-81.360634999843768,40.764464000276277],[-81.360438000200276,40.767886000206204],[-81.360321000024413,40.769939000201404],[-81.360312999628491,40.770066000328256],[-81.361742000056594,40.770109999769168],[-81.361638000299521,40.771916000168588],[-81.360250999704206,40.771871999882606],[-81.36019999965059,40.77223599988735],[-81.360171000236605,40.772641000298215],[-81.360009999679789,40.775565999882964],[-81.359898000425119,40.777499999769439],[-81.359806000363605,40.778932999718855],[-81.359780000424337,40.77929899969439],[-81.359717999601742,40.780370999672421],[-81.359694000210609,40.780802000082581],[-81.359676999593859,40.781089999879043],[-81.35972799964749,40.781091999707932],[-81.360213999894285,40.781109000291728],[-81.360198000000779,40.781383000017811],[-81.35971099992905,40.781366000184356],[-81.359660999700338,40.781363999683499],[-81.359659000050527,40.78140699989531],[-81.359645999631724,40.781633000186872],[-81.359619999692455,40.781955999741271],[-81.359674000119114,40.7819580002243],[-81.359768999655358,40.781960999928415],[-81.360140000274441,40.781973000103932],[-81.361219999824783,40.782007000135927],[-81.36245199971107,40.782050999831469],[-81.361936000225342,40.782765999980903],[-81.360972999952565,40.78344199988247],[-81.359768999655358,40.783796000336039],[-81.359509000262676,40.783792000160837],[-81.359500000041834,40.783964999866043],[-81.359495999843887,40.784015000207994],[-81.358344000323527,40.784410000225925],[-81.357945000115365,40.784222000271043],[-81.357492000378855,40.784016000078466],[-81.357357999586213,40.784059999803411],[-81.357279999768394,40.784085999812746],[-81.355801000009905,40.783401000067336],[-81.355544999916873,40.783281999996028],[-81.35537900023553,40.783212999977067],[-81.355251000189,40.783127999707276],[-81.355113000096736,40.783002999833137],[-81.354784000208767,40.783485000109344],[-81.354616999804193,40.783479000158444],[-81.35466799985781,40.782718999728907],[-81.354673999705611,40.782593999765176],[-81.354677000078652,40.782556999676387],[-81.354641999918556,40.782533000214421],[-81.354327000274282,40.782433999876467],[-81.353686000216783,40.782231999849124],[-81.353390999765665,40.782124999871968],[-81.353100000410862,40.782029999887662],[-81.352784000043343,40.781932999963914],[-81.352549999691632,40.781629999787725],[-81.352450999957426,40.781483999698779],[-81.352349999675084,40.781345000023975],[-81.352260999986626,40.781222000020264],[-81.352239000245305,40.781222000020264],[-81.352085000259535,40.781216999777492],[-81.3520059997185,40.781214999952368],[-81.350054999956882,40.781153999815366],[-81.349883000427752,40.783547000023646],[-81.349810999559409,40.784537999760495],[-81.349736999939594,40.785577999671816],[-81.349628000159626,40.786771999978988],[-81.349516999831565,40.786767999983027],[-81.349230999601289,40.786758000332206],[-81.349110000125776,40.786632999808347],[-81.349094000232242,40.786616999789622],[-81.349110000125776,40.786341000219792],[-81.348818000047729,40.786330999824507],[-81.348712999567439,40.78621399991659],[-81.348630999551659,40.786137999993883],[-81.348131999784385,40.785625999787264],[-81.347972999775706,40.785695000020034],[-81.347904000178744,40.785722999758875],[-81.347824999637709,40.78575900028023],[-81.34773699977417,40.785748999797292],[-81.347780000330175,40.785820000268927],[-81.347895999782821,40.786053999906571],[-81.346548000443889,40.786424000109996],[-81.345437000033101,40.786913000192477],[-81.345086000403825,40.786850000191983],[-81.345026000129366,40.787123000215949],[-81.343703000006471,40.787140999759565],[-81.342332000203001,40.786889000264104],[-81.342101000224318,40.786846000200725],[-81.339864000232438,40.786137000155414],[-81.339885000148826,40.785881000201599],[-81.339309000388667,40.785872000259651],[-81.338404999667119,40.785498000309126],[-81.337501999668788,40.785232999904096],[-81.337387000041062,40.785200000015756],[-81.337360000276888,40.785199000163153],[-81.337363999576525,40.785175000295496],[-81.337372999797353,40.785125000146671],[-81.337392999888834,40.784898000317071],[-81.336875999679904,40.784881999880348],[-81.336766000075031,40.784848999817584],[-81.335200000277894,40.784386000073191],[-81.335057000162763,40.784344000295135],[-81.333084999586433,40.783868000047555],[-81.331891000233298,40.783674999861056],[-81.33024000004734,40.783539000323195],[-81.330146000336001,40.7835230002392],[-81.329881000022155,40.783474000085633],[-81.329362999988277,40.783418000060145],[-81.327726000046042,40.78339400022908],[-81.325382999748939,40.78335899966639],[-81.325382999748939,40.782685000061321],[-81.323883999898968,40.782650999696187],[-81.323900999617408,40.783123000288199],[-81.322923999999219,40.782904000195742],[-81.322928000197194,40.782591000089653],[-81.321436000019887,40.782546000179138],[-81.321429000347194,40.78224300007858],[-81.320963000191867,40.782229000157258],[-81.32102099991819,40.780681000275017],[-81.320707999923755,40.780664000261957],[-81.320714999596433,40.780522999705425],[-81.320729999665048,40.780114000011267],[-81.3209099995901,40.776891999811824],[-81.320959999818825,40.776092999936459],[-81.319097999745679,40.776025999913777],[-81.318027000416166,40.775988000256682],[-81.316384999552739,40.775929000065815],[-81.313950999917367,40.775850999952084],[-81.313939000221808,40.776082000049065],[-81.313867000251776,40.77607900007947],[-81.313858999855867,40.776209999986634],[-81.313170000117779,40.776183000307334],[-81.312989000367821,40.779448000322368],[-81.312934999941135,40.780395999840451],[-81.314095999682337,40.780441999771398],[-81.320054000345749,40.780676999912252],[-81.320023000383614,40.781231999824463],[-81.320019000185667,40.781259000172561],[-81.320009000139919,40.781285999829414],[-81.319993000246399,40.781312000244448],[-81.319973000154917,40.781335000236844],[-81.319948000040554,40.781354999809651],[-81.319918999728245,40.78137300023635],[-81.31988600011627,40.78138599974789],[-81.319851999781093,40.781396000207614],[-81.319815999796077,40.781400999756684],[-81.319778999986141,40.781401999666464],[-81.318341000235534,40.78135599972012],[-81.318146000241867,40.781353999899174],[-81.318101000036023,40.781793999868405],[-81.318071999723699,40.78232000027328],[-81.317331000107075,40.782790000038837],[-81.314893000273756,40.782709000148586],[-81.313935000023847,40.782678000147612],[-81.313908000259673,40.783137000021085],[-81.313888999993097,40.783478000279949],[-81.313856000381122,40.78403799994458],[-81.313350999867751,40.784021000110478],[-81.312410000234593,40.782838000128734],[-81.311580000031185,40.781841000094737],[-81.311412999626626,40.781856999903709],[-81.311101000355407,40.781872999708824],[-81.311061999997335,40.781875000194312],[-81.311138000165329,40.781329000091723],[-81.311071000218178,40.781252000108559],[-81.310975999783608,40.781146999740301],[-81.310255000258479,40.780346000175172],[-81.310070000310546,40.780133000022907],[-81.309786999555016,40.779795000078344],[-81.309758999965922,40.779761000274483],[-81.309541000406043,40.779497000044927],[-81.309379000024336,40.779314000174487],[-81.309210999794828,40.779151000036379],[-81.309122000106385,40.779076000138922],[-81.308964999747545,40.77895899969446],[-81.308787000370643,40.778842999672491],[-81.3083060001467,40.778546000082684],[-81.307636999601797,40.77812099975484],[-81.307479000316349,40.778001999747211],[-81.307373999836045,40.777906999988204],[-81.307300000216202,40.777830000119685],[-81.307187000238301,40.777694000178023],[-81.307064000214666,40.777517999880281],[-81.306953999711482,40.777339999854668],[-81.306907999680732,40.777249999690724],[-81.306874000243837,40.777155000216837],[-81.306869000220985,40.777108000076041],[-81.30687099987081,40.777058999951734],[-81.306797000250953,40.777045000298259],[-81.306735000326682,40.777028000034861],[-81.306558999701267,40.776970000063848],[-81.306413999936311,40.776916999928773],[-81.306279000217103,40.776858999860806],[-81.305643000182471,40.776585999822643],[-81.305587999930879,40.776563000226652],[-81.305230999555505,40.776404000080937],[-81.304919000284286,40.776268999927993],[-81.304396000227541,40.776043999743735],[-81.303366999832534,40.775598999795996],[-81.30275799956209,40.775337000034732],[-81.302452999963549,40.775197999741899],[-81.30220500026644,40.775073999915506],[-81.301965000066915,40.774940999795049],[-81.301309999765721,40.774554000032353],[-81.300338999995333,40.773966000080861],[-81.300150999674358,40.773857999690641],[-81.300005999909402,40.773781999915528],[-81.29990499962706,40.77373600013474],[-81.299832999657028,40.773708000104719],[-81.299906000350276,40.773620999863134],[-81.299958000228827,40.773568999805065],[-81.300061000160994,40.773491000322004],[-81.300426000033966,40.773197000034436],[-81.300702000218479,40.772963000000367],[-81.300889999641143,40.772789000173411],[-81.301067999916398,40.772609000318624],[-81.301236999970783,40.77242599984158],[-81.301361999644243,40.772274000329844],[-81.3014779999952,40.772118000272464],[-81.301729999890284,40.771762000060704],[-81.301820000301959,40.771646999773886],[-81.301950999823219,40.771496999958451],[-81.302119999877618,40.771324999816805],[-81.302135999771139,40.770644000062276],[-81.302153000387889,40.770318999777118],[-81.302155999862634,40.770293999898676],[-81.302196000045612,40.769910999931874],[-81.302190000197825,40.769753000279366],[-81.302175999954102,40.769704000173029],[-81.302155999862634,40.769658999696418],[-81.302124999900499,40.769612999782474],[-81.302052000105576,40.769558999813299],[-81.302013999572424,40.769535999825699],[-81.301970000089796,40.769517000184877],[-81.301917000386354,40.769503000302826],[-81.301799000385572,40.769488999737483],[-81.30149499971364,40.769470000083224],[-81.300956999588294,40.769448000154519],[-81.300166999567878,40.769407999956272],[-81.299812999565546,40.769384999916412],[-81.299693999739858,40.769371000006544],[-81.299576999563996,40.769344999680186],[-81.299534999731208,40.769330999761891],[-81.299450000240711,40.769287999897273],[-81.299425000126348,40.769270000277935],[-81.299379999920504,40.769220999815417],[-81.299359000004117,40.769191999830149],[-81.29933700026281,40.769147999781367],[-81.299323000019101,40.769102000193982],[-81.299314999623178,40.769047999809544],[-81.299313999798272,40.768905999672619],[-81.299328000041967,40.768695999881778],[-81.299333000064834,40.768338000172591],[-81.299331000415009,40.767935999724514],[-81.29932399984402,40.767667999662258],[-81.299326000392142,40.767488000222087],[-81.299406999684678,40.764999999987985],[-81.299413000430775,40.764672999671433],[-81.299439000370057,40.76409400022041],[-81.299533999906302,40.762812999726798],[-81.29954200030221,40.762542999710249],[-81.299538999929155,40.762229000090727],[-81.299535999556127,40.762164000094636],[-81.292949000327354,40.76197800018393],[-81.292895999725587,40.763136999795691],[-81.291934000176042,40.763061000005315],[-81.291898000191026,40.763107999876993],[-81.291898000191026,40.763336999688256],[-81.291915999734385,40.763360999961535],[-81.291940000023814,40.763360999961535],[-81.292136999667321,40.763356999916546],[-81.292887000403084,40.763344000279133],[-81.292785000295837,40.765604000002099],[-81.289479999550878,40.765513000120272],[-81.289411999778821,40.76708499994961],[-81.289385000014633,40.76769700031263],[-81.290361999632793,40.767748000088488],[-81.290298999883603,40.769163999926143],[-81.290703000114661,40.769175000278622],[-81.290518999991633,40.772673000262344],[-81.290460000440419,40.772758000304975],[-81.288483999666127,40.775603999781389],[-81.28827299977894,40.775632999689286],[-81.288236999793924,40.776500999915626],[-81.288056000043952,40.776490000095734],[-81.287958000134665,40.776487000144556],[-81.287794999928053,40.776483000209431],[-81.284987000198868,40.776453999992349],[-81.284880999893659,40.778462999870591],[-81.284823000167336,40.779565999842902],[-81.284834999862909,40.779987000044535],[-81.284801000426043,40.779985000182386],[-81.284722999709913,40.781465000073581],[-81.28471100001434,40.781699999996121],[-81.284705999991473,40.781783000244793],[-81.287476000085817,40.781903000183256],[-81.287491999979338,40.781787999764745],[-81.28753399981214,40.781523000201211],[-81.287685000323194,40.780437000150137],[-81.287969000005319,40.780459999765291],[-81.287998000317643,40.780261000317623],[-81.289247999747289,40.780918000084668],[-81.289472999878186,40.781035999714746],[-81.289578000358475,40.780347000100825],[-81.290453999694307,40.780775000228942],[-81.290276000317391,40.780888999763008],[-81.289877999934149,40.781143999999436],[-81.289477000076147,40.781405999985608],[-81.289246000097464,40.781559000278392],[-81.289068999647156,40.781693999883963],[-81.288971999562762,40.781778999948344],[-81.289149999838003,40.781807999881416],[-81.28955099969599,40.781872999708824],[-81.28975099971251,40.781904999987667],[-81.28981699983477,40.782005000334593],[-81.291951999719387,40.782096999976659],[-81.291858999832968,40.783944999718742],[-81.293847000302819,40.783990999912518],[-81.29482999976878,40.784015000207994],[-81.298223000377277,40.784095999865905],[-81.298778000221063,40.784109000204893],[-81.299235000155548,40.78412000012348],[-81.301001999794138,40.784161000174912],[-81.310437999658276,40.784356000040113],[-81.310786999637727,40.784371000058378],[-81.310754000025753,40.784961000128831],[-81.310812999576996,40.784962999841163],[-81.312507000318959,40.785018999924326],[-81.314141999713087,40.78507999991254],[-81.313765999969434,40.78457699982998],[-81.31486099958839,40.784114000229941],[-81.316643000193906,40.784075999758038],[-81.317684000284501,40.784201000333468],[-81.318891999881345,40.784534000310167],[-81.319184999784326,40.784712999963041],[-81.318415999680298,40.784678999955879],[-81.317846999592803,40.784754000328626],[-81.317581000352334,40.784793000271321],[-81.317080000036924,40.78495899973629],[-81.317080000036924,40.785138000284242],[-81.316852000431297,40.788932000007463],[-81.317367000092091,40.788965999877611],[-81.318276999763114,40.789018000125452],[-81.319557000228301,40.789107999987316],[-81.319641999718812,40.789114000109805],[-81.320200999760544,40.789154000005659],[-81.322062999833705,40.789314999818828],[-81.322063999658596,40.789219999917123],[-81.32215800026826,40.787600999892035],[-81.322277000093933,40.785556000315772],[-81.321523999883439,40.785530000201788],[-81.321514999662611,40.785681999991503],[-81.321502999967038,40.785879999679082],[-81.321477999852689,40.786276999840304],[-81.32099099978096,40.786260999735809],[-81.321015999895323,40.78586500000165],[-81.32102099991819,40.785795999945563],[-81.321049000405594,40.785781000249152],[-81.321072999796741,40.785764000181061],[-81.321092999888208,40.785743000050935],[-81.321107999956823,40.785720000224678],[-81.321118000002571,40.785695999865162],[-81.321122000200532,40.78566999980599],[-81.321112999979704,40.785614000271764],[-81.321098999735995,40.785589999873949],[-81.321081000192649,40.785568999688785],[-81.321057999728112,40.785549999871833],[-81.321030999963938,40.785534000272321],[-81.321000999826708,40.785522000060055],[-81.320969000039653,40.785513000069457],[-81.320934999704463,40.785508999997653],[-81.320891000221835,40.785513000069457],[-81.320891000221835,40.785221000317584],[-81.320892000046754,40.785075999814666],[-81.324119000075598,40.784346000026062],[-81.324461000382357,40.784316999840797],[-81.324856000392572,40.784284000177493],[-81.325361000007646,40.784240999787741],[-81.32950299973038,40.784341000018472],[-81.329541000263518,40.784341999883978],[-81.33019200036675,40.784364000322348],[-81.331087999794079,40.784393999671622],[-81.33336300031911,40.784765000140389],[-81.333810000207862,40.784838000019732],[-81.335001999911185,40.78520199972089],[-81.335059999637494,40.785278000034566],[-81.334975999971903,40.785612999745275],[-81.334967999575994,40.785730000031791],[-81.335012999781824,40.785731999720973],[-81.335954000313308,40.785760999968538],[-81.33591499995525,40.785921999846067],[-81.336294000071931,40.785933999986099],[-81.336331999706772,40.785773000137652],[-81.336341999752506,40.785611000052512],[-81.33724099955289,40.785886999935499],[-81.337284000108895,40.7859009997659],[-81.337351999880966,40.785921999846067],[-81.33744599959229,40.785955999897048],[-81.337767999807554,40.786073000259499],[-81.338178999711303,40.78624399979055],[-81.338261999551975,40.78627799967667],[-81.338345000290971,40.786313000061391],[-81.338326000024381,40.786380999745525],[-81.338608000056695,40.786416999910237],[-81.338752999821651,40.786494000026877],[-81.338791000354803,40.786514000086797],[-81.338756000194707,40.786640999816285],[-81.338853000279087,40.786672999838316],[-81.339794999737151,40.786988999908431],[-81.342449000378863,40.787773999877373],[-81.343640000257281,40.787979000165002],[-81.343636000059334,40.788115000132684],[-81.343631999861358,40.788280000329685],[-81.343629000386628,40.788474999662967],[-81.343528000104286,40.789958000147955],[-81.343518999883457,40.790171999854877],[-81.343492999944189,40.790438999822101],[-81.343403000430826,40.790829999966199],[-81.343157000383528,40.790788999951268],[-81.342398000325247,40.79066100022294],[-81.341636999718816,40.790536000244799],[-81.341347000188904,40.790489000050663],[-81.341172000286733,40.790462000054305],[-81.34056300001626,40.790366999753246],[-81.339598000093659,40.79021300025078],[-81.339584999674855,40.790470000281097],[-81.339548999689868,40.791292999671107],[-81.339552000062909,40.791334999815128],[-81.33950799968197,40.791908999800938],[-81.339484000290852,40.792351000062297],[-81.33945800035157,40.792782999997925],[-81.339456999628354,40.792847000227894],[-81.339432000412316,40.793292999968948],[-81.339309000388667,40.793287999954892],[-81.337819999686118,40.79323799979381],[-81.336545999967015,40.793194999761162],[-81.335962999635839,40.793178999963331],[-81.335031000223509,40.793146999676033],[-81.334951999682474,40.793143999797074],[-81.334535999755857,40.793127000253733],[-81.334422999777956,40.793122000227171],[-81.333620000237048,40.793081000267378],[-81.333338000204748,40.793071000207007],[-81.333058999647179,40.79306800032461],[-81.332826999843576,40.793092000060071],[-81.325587999788368,40.792844000335428],[-81.325393999619607,40.79282999992845],[-81.324870999562862,40.792814000042661],[-81.32284700000632,40.792751999938716],[-81.322917000326541,40.79358699972434],[-81.323032999779173,40.794974000074511],[-81.323137000434556,40.796224999930949],[-81.321327000239947,40.796168000089651],[-81.321342000308562,40.795905000164204],[-81.320980999735212,40.795894000157553],[-81.32102099991819,40.795151999766574],[-81.321015000070403,40.795066999816527],[-81.320661000068085,40.795080000047967],[-81.32065900041826,40.795151000063825],[-81.320634000303897,40.795607000328971],[-81.32062699973288,40.79574400000859],[-81.320503999709246,40.795746000076228],[-81.319906000207766,40.795723000314283],[-81.319810999773196,40.795713999666063],[-81.319756000419929,40.796878999833481],[-81.319743000001154,40.79713599990356],[-81.319734999605217,40.797262999719024],[-81.320362000317346,40.79724999991506],[-81.321359000026987,40.797295000062583],[-81.323231000145896,40.797354000315551],[-81.323282000199512,40.797961999971733],[-81.323294999720005,40.798127000180536],[-81.323812999753855,40.798099000231659],[-81.324319999917051,40.799369000310953],[-81.324672000269544,40.80025000032628],[-81.324874999760837,40.800756000223871],[-81.324873999935917,40.800799999737002],[-81.324703000231708,40.800825999991972],[-81.324539000200176,40.800859000274777],[-81.324374000343724,40.800900000191177],[-81.324263999840554,40.800934000052862],[-81.324102000357172,40.800990999881932],[-81.323909999838222,40.801066000190843],[-81.325277000342055,40.802993000273652],[-81.325049999663008,40.80396500016009],[-81.324924000164629,40.804347000044103],[-81.324668000071583,40.805446999845913],[-81.32155700039371,40.80390300027058],[-81.319847999583118,40.803055000333252],[-81.319517999870257,40.802850999940794],[-81.319516000220418,40.802924999922297],[-81.319413000288264,40.804426999816144],[-81.320165999600448,40.804453000010248],[-81.320464000424579,40.804462000153542],[-81.320415999845693,40.805321000278916],[-81.319385999625766,40.805286999944649],[-81.319369999732231,40.805560000317264],[-81.319296000112388,40.806500000035889],[-81.321569999914189,40.806572000287112],[-81.321522000233628,40.807438999841246],[-81.320591999572798,40.807440000038888],[-81.320410999822812,40.810703999785041],[-81.320398000302347,40.810873000177679],[-81.320369999814943,40.810849000071705],[-81.319937999994821,40.810660000038638],[-81.319763999917541,40.810584000222512],[-81.319662999635213,40.810476000226693],[-81.319569999748779,40.810436999731714],[-81.319384999800846,40.810166000017801],[-81.319235000013038,40.810166000017801],[-81.319062999585583,40.81019599994778],[-81.318993999988606,40.810201000048103],[-81.318908999599785,40.810202000204114],[-81.31777200014804,40.810171000120391],[-81.316905999959658,40.810141000179122],[-81.315244999727938,40.810101000009638],[-81.312447000044514,40.810012999687935],[-81.311011999768624,40.809971999961761],[-81.309893999685144,40.809944999730298],[-81.309502000047985,40.809931000210305],[-81.309316000275146,40.809920999968533],[-81.30928399958978,40.810095999901776],[-81.309266000046421,40.810674000084695],[-81.309245000130034,40.810991999753384],[-81.309216999642615,40.81137000010947],[-81.309213000342979,40.811747999671887],[-81.309198000274364,40.811955000300415],[-81.309036999717563,40.814490000221561],[-81.314416000247789,40.814704999799481],[-81.314313000315622,40.816075999705653],[-81.314258000064044,40.81706000031334],[-81.318639999986274,40.815379000019092],[-81.318650999856928,40.815166000068359],[-81.319947000215635,40.814831999991164],[-81.320292999822044,40.814843999664809],[-81.320394999929306,40.81484800000883],[-81.320731000388292,40.814859999679527],[-81.321123000025452,40.814875000284708],[-81.321246999874006,40.814878999946984],[-81.321283999683928,40.814804999697735],[-81.32222000019253,40.812922999683813],[-81.32273800022638,40.811883999901411],[-81.322807999648276,40.811664000030774],[-81.322942000440889,40.811688999975559],[-81.323759000225479,40.811846999816609],[-81.324192999695455,40.811930999905904],[-81.324842000148863,40.812183999661997],[-81.325216000242676,40.812319999677726],[-81.325470999612492,40.812456000094599],[-81.32598799982145,40.812783999873005],[-81.326041000423217,40.812817000328934],[-81.326136999784353,40.81278000008448],[-81.328687999595587,40.811676999731283],[-81.336771000097912,40.808181000235251],[-81.337980000417986,40.808123000274307],[-81.338206000373802,40.808054000231245],[-81.338317999628472,40.808021000126175],[-81.338413999887948,40.807985000116446],[-81.338653000262553,40.80797699996053],[-81.338500000101675,40.808200999881791],[-81.338534000436852,40.808283000137436],[-81.338521999842982,40.808418999989776],[-81.33854799978225,40.809208999689254],[-81.338461999568523,40.810757000151632],[-81.336850999565527,40.810703999785041],[-81.336265999584526,40.81068499968179],[-81.335559000303093,40.810666000252965],[-81.335569000348841,40.810762000209678],[-81.335716999588527,40.811338999891518],[-81.333702000252813,40.812206999839219],[-81.331550999576365,40.813132999701537],[-81.331625000094505,40.811610999708762],[-81.327160000331588,40.813462000319291],[-81.327555000341803,40.813708999737777],[-81.32751500015884,40.813936000324759],[-81.327230999578404,40.813926000006767],[-81.32685300018494,40.813810999980809],[-81.325833000010746,40.814558000280407],[-81.32582600033804,40.815013999793912],[-81.326177999792236,40.815021999781273],[-81.326366999938116,40.815274999988134],[-81.326258999983096,40.815324999866476],[-81.326086999555656,40.815401999768596],[-81.323528000246824,40.816572000034398],[-81.320770999672945,40.817830999690138],[-81.318456999688166,40.818884999854134],[-81.31778899986648,40.81919400009388],[-81.317781000368882,40.81941000007992],[-81.317727999767115,40.821806000034385],[-81.317658000345219,40.822842000201874],[-81.317635999705615,40.823249999805419],[-81.317439999887029,40.823035000050574],[-81.317389999658303,40.822964999916735],[-81.31698700015049,40.823152000322899],[-81.316891999715935,40.823195999942023],[-81.316194999581938,40.823517999911964],[-81.315381000170404,40.82388700004951],[-81.31510900018381,40.824005000126334],[-81.315371000124628,40.82440499983862],[-81.315503000369119,40.824658000287236],[-81.31556899959304,40.824879999762324],[-81.315592000057592,40.825031999862276],[-81.316727999684417,40.825046000274362],[-81.317507999659099,40.825092999791032],[-81.317495000138621,40.825256999911851],[-81.317475999872045,40.825624999967026],[-81.317453000305818,40.826042999976139],[-81.317423999993508,40.826554999782985],[-81.31739700022932,40.827043999931959],[-81.317388000008492,40.827202999808286],[-81.317377999962758,40.827370999737852],[-81.317266999634668,40.829333999924437],[-81.317242000418631,40.829788999959128],[-81.316616000429732,40.829764000038253],[-81.316637000346134,40.830488000183209],[-81.317723999569168,40.83053099984361],[-81.317748999683516,40.83053099984361],[-81.317730000315251,40.831092000050077],[-81.317393999856264,40.831074000189815],[-81.31610599989348,40.831029999680183],[-81.316172999840632,40.831764999775636],[-81.315670999700288,40.831782000297324],[-81.315704000210573,40.832227000248366],[-81.315570000316285,40.832233999695291],[-81.315545000201908,40.832255000070596],[-81.315491999600155,40.832273000289895],[-81.315419999630137,40.832278999908759],[-81.315159000412521,40.832274999936324],[-81.31429400004906,40.832239999997384],[-81.314208999660238,40.832242000324513],[-81.313811000175278,40.832312000181851],[-81.313755000098794,40.83232099994455],[-81.313581000021529,40.832347999904975],[-81.313649999618491,40.832605999727271],[-81.313837999939466,40.833316999890343],[-81.31394500006958,40.833557999958096],[-81.314028999735186,40.833746000200769],[-81.314297000422087,40.834340000335004],[-81.315161000062361,40.834357000196476],[-81.315181000153842,40.8351220003237],[-81.31527099966722,40.835675000211182],[-81.316278000320921,40.835712999689932],[-81.316227000267304,40.836623000160678],[-81.31592900034147,40.836615999817852],[-81.315547999676653,40.836606999958519],[-81.314550000142091,40.836567999874468],[-81.313040000421438,40.83650800006626],[-81.313040000421438,40.83647199988345],[-81.31304799991905,40.836344999667546],[-81.313074999683224,40.835882000255857],[-81.312714000008199,40.835868000092624],[-81.312678999848103,40.836494000035238],[-81.312573000441205,40.836490000317099],[-81.310812999576996,40.836408000265273],[-81.310825999995785,40.835057000300687],[-81.311627999711774,40.835057000300687],[-81.311627999711774,40.834686000214461],[-81.311625000237044,40.83452699993034],[-81.311647999803256,40.834527999719597],[-81.312349999960119,40.834555000140547],[-81.312765000061816,40.834571000158292],[-81.312868999818903,40.834572999735414],[-81.312972999575976,40.834569999690004],[-81.31307700023136,40.834562999810061],[-81.313180000163527,40.834551000305432],[-81.313271000400107,40.834536999861115],[-81.313360000088579,40.834520000045856],[-81.313447999952132,40.834498999708309],[-81.313517000447405,40.834481999883295],[-81.313616000181625,40.834455999902588],[-81.313478000089361,40.834127000102534],[-81.31334699966979,40.833817000309239],[-81.313211000125662,40.833473000262622],[-81.313150999851203,40.833299999762254],[-81.312965000078364,40.832642999788092],[-81.312917000397789,40.832450999854309],[-81.312569000243244,40.831190000034091],[-81.312245000378141,40.829910999845424],[-81.312019000422339,40.829113000276436],[-81.311445000311991,40.829060000300537],[-81.31057499992562,40.829063999787188],[-81.309291999985703,40.829098000172145],[-81.308243000397511,40.829125000085533],[-81.307992000327332,40.833435999985319],[-81.307943999748431,40.834156000276543],[-81.307930000403047,40.834409000225293],[-81.307920000357313,40.834523000093533],[-81.308847999571668,40.834523000093533],[-81.3095320001852,40.834532000235733],[-81.30942300040526,40.836341999702327],[-81.308879000432142,40.836320999941918],[-81.308640000057537,40.836321999704069],[-81.30852299988166,40.836329999840032],[-81.307819000074971,40.836304999666865],[-81.307805999656182,40.836499000192319],[-81.307655999868359,40.839515000106516],[-81.307582000248516,40.840580000294715],[-81.307515000301365,40.840545999681417],[-81.307434999935424,40.840506999875991],[-81.307152999903096,40.840370999886908],[-81.306982000198886,40.840190000048295],[-81.30672699993076,40.83991599975397],[-81.306567999922095,40.839751000158884],[-81.306417000309366,40.839512999998831],[-81.306279000217103,40.839293000016013],[-81.306251999554618,40.839251000319365],[-81.306156000193454,40.838992000129394],[-81.30589000005466,40.838274000173513],[-81.305747999764463,40.838269000150362],[-81.305694000236102,40.838269999883131],[-81.305678000342553,40.838577000058393],[-81.30565599970295,40.838997999819853],[-81.305696999710818,40.839131999788357],[-81.30563800015959,40.840095999955892],[-81.305583999732917,40.84099200030343],[-81.305541000075223,40.840988000177084],[-81.305300999875698,40.840982999679042],[-81.305299000225887,40.841190999827532],[-81.305233000103627,40.842343999951133],[-81.305223999882813,40.842453000057951],[-81.30240500028296,40.843366999729298],[-81.301599000369023,40.843627999797057],[-81.300997999596177,40.84382399993509],[-81.300396999721642,40.844003000071332],[-81.299683999694111,40.844226999982176],[-81.297734999582332,40.844811999877045],[-81.297727000084734,40.844959000296825],[-81.29769799977241,40.845494999948585],[-81.297691000099718,40.845615000230083],[-81.299610000074267,40.845676000250222],[-81.299509999616845,40.84748299972081],[-81.301427999766489,40.847544000060083],[-81.306423999982059,40.84770099983966],[-81.306843000281717,40.847715000221783],[-81.307236999568701,40.847727000061582],[-81.307272999553717,40.847128999851542],[-81.309409999986471,40.848965999855636],[-81.310944999821473,40.850305999867523],[-81.311124999746525,40.850173000299293],[-81.311288999778057,40.850051000327767],[-81.312555999824454,40.851124000119086],[-81.313474999716306,40.851901000156609],[-81.313288000118547,40.852034000333227],[-81.31306299998765,40.852187000216361],[-81.313504999853535,40.852548999780964],[-81.313556999732072,40.852592000080229],[-81.313638999747837,40.852572000228925],[-81.315218999788684,40.852431999741988],[-81.316665999760119,40.852420000074744],[-81.316668000308269,40.852398999972387],[-81.317437000412298,40.852397000253511],[-81.317705000200903,40.852397000253511],[-81.317705000200903,40.853794000169792],[-81.315263000169608,40.853829000279241],[-81.315566999943229,40.854065999815504],[-81.316591000315384,40.854954000257344],[-81.316500999903695,40.85505399993486],[-81.316541000086673,40.855099999762984],[-81.316587000117423,40.855164999834962],[-81.317425999643319,40.856666000324203],[-81.317928999608569,40.857553999887195],[-81.318173999830947,40.857995999731521],[-81.31820499979311,40.858040000006532],[-81.318259000219768,40.858096999686232],[-81.318294000379865,40.858126000243523],[-81.318361000327016,40.858165999983882],[-81.31838899991611,40.858177999969215],[-81.318379999695281,40.858315000213985],[-81.321671000196545,40.858340999668059],[-81.321646999907074,40.859444999891352],[-81.322600999959036,40.85936700008088],[-81.324151999687558,40.859406000337309],[-81.325908000353806,40.859448000169692],[-81.325937999592739,40.858869000327658],[-81.325986000171625,40.858199999710216],[-81.326013999760718,40.858091999799726],[-81.325426000304972,40.858100000025622],[-81.325458000092027,40.857451999661109],[-81.325705999789122,40.85737900016224],[-81.326043999897934,40.857280000043176],[-81.326036000400336,40.857396000229556],[-81.326022000156641,40.85766400023477],[-81.32601700013376,40.857754000074458],[-81.326171000119558,40.858011000091075],[-81.326243000089576,40.858116999907907],[-81.326386000204707,40.858298999813158],[-81.326633999901816,40.858485999754926],[-81.326878000299288,40.858658999743284],[-81.327099000232238,40.85879300004418],[-81.327285999829982,40.858902000271577],[-81.327378999716402,40.858944999844468],[-81.327604999672204,40.859022000052725],[-81.327782999947445,40.859060999832849],[-81.327866999613022,40.85908500015649],[-81.328008000078327,40.859115999797368],[-81.328192000201355,40.859140000101085],[-81.328264000171373,40.859143999811124],[-81.328331999943444,40.859047999908675],[-81.328478000431616,40.858886000012596],[-81.32809599994188,40.858582999898282],[-81.328497999624801,40.858355999949431],[-81.328750000418182,40.857942000311411],[-81.328516000066443,40.857642999756365],[-81.328408000111423,40.85750500003801],[-81.328203000072008,40.857240999893868],[-81.328133999576721,40.8571000003124],[-81.328163999713951,40.857027999875505],[-81.328001000405649,40.856880999731317],[-81.327967999895364,40.856671000318329],[-81.327909000344121,40.856599000094612],[-81.327976000291287,40.856338000156235],[-81.327983999788898,40.856032000184179],[-81.327427000295287,40.856015999911364],[-81.327185000445951,40.856009000257941],[-81.327080999790567,40.856056000246355],[-81.326956999942013,40.856112000131269],[-81.32689900021569,40.857012999972795],[-81.326857000382887,40.857017999940744],[-81.326674999909713,40.857202999848319],[-81.326052000293856,40.857180000328597],[-81.32609800032462,40.856540999668731],[-81.326168999571408,40.855361999977127],[-81.326211000302521,40.854740000195797],[-81.326289000120326,40.853706000065344],[-81.326339000349037,40.852847000033037],[-81.326445999580855,40.851237999779336],[-81.326028999829319,40.851227000112729],[-81.323806999906083,40.851137000239255],[-81.323832999845337,40.850619000010227],[-81.323862000157646,40.850111000107887],[-81.323845000439206,40.850056000141635],[-81.324934000210376,40.850109999874199],[-81.324936999685107,40.849992000049291],[-81.324959000324739,40.849600999905142],[-81.325006000180409,40.848672000158054],[-81.326173999594275,40.848723000254573],[-81.326578999650224,40.848739000250148],[-81.326597999916814,40.848397000013769],[-81.326201000256773,40.848421000123722],[-81.32507399995248,40.848273000326593],[-81.325078000150427,40.848239999844672],[-81.326212999952347,40.848273999908528],[-81.326602999939681,40.848286999908325],[-81.326613999810334,40.848086999681172],[-81.326715999917582,40.846170000149655],[-81.326801000306403,40.844733999826985],[-81.326813000001962,40.844459999968961],[-81.326474000068245,40.844473999676644],[-81.32496299962439,40.844456999691424],[-81.324979000416221,40.844190000270565],[-81.324615000368141,40.844181000080461],[-81.323245000389576,40.844146999955285],[-81.323518000201062,40.843930000024791],[-81.323115999619844,40.843656999892133],[-81.322742000424341,40.843237999816189],[-81.323266000305978,40.842779999982469],[-81.324018999618161,40.843342000171397],[-81.324133000319293,40.843433000093519],[-81.324254999619725,40.843334000202155],[-81.32479000027034,40.84292300014274],[-81.325369000403555,40.842465999840513],[-81.326365000288305,40.8416889999421],[-81.326586000221241,40.841519000225368],[-81.326494000159741,40.841403000104435],[-81.326058999966548,40.840873000179577],[-81.325916999676338,40.840697999889194],[-81.324433999719872,40.84064600003618],[-81.324369000320857,40.840641999888945],[-81.324375999993535,40.840484999696805],[-81.324437999917834,40.839579000123145],[-81.324483999948583,40.839581999941878],[-81.326414999618692,40.839659000226881],[-81.326920999956997,40.839678999897927],[-81.327030999561856,40.839683000103271],[-81.327029999736936,40.839984000250176],[-81.326997000124976,40.840757999982543],[-81.32699600030007,40.84086200015161],[-81.326966000162841,40.841238999821385],[-81.327095999859182,40.84114899997428],[-81.327317999617037,40.841019999821782],[-81.32786099976525,40.840735000191025],[-81.328347999836964,40.840493000009914],[-81.328589999686301,40.840375999751508],[-81.328536000157953,40.841671999922113],[-81.328202000247103,40.841656000259078],[-81.328132999751816,40.842830999856396],[-81.326884999971995,40.842794999709604],[-81.32686999990338,40.84315900029334],[-81.328099000314936,40.843183999920271],[-81.328028000169837,40.844388000066289],[-81.329968999885693,40.844463999885711],[-81.3300330003581,40.843067000334585],[-81.33011299982573,40.841338999810183],[-81.330146000336001,40.840589000294216],[-81.3301809995978,40.839770000091988],[-81.330188999993709,40.839673000269109],[-81.330244000245315,40.839650000101109],[-81.329732000059238,40.838274999906261],[-81.33041400012462,40.838267000005033],[-81.331708999760096,40.838317999953418],[-81.331702000087418,40.838474999841331],[-81.331671999950174,40.839041000077628],[-81.33186500029403,40.838958000060771],[-81.332066000135484,40.838869000238404],[-81.332521000420144,40.838671000266018],[-81.332737000330198,40.838572999786301],[-81.332815999972937,40.838537000045278],[-81.332862000003686,40.837258000222043],[-81.334282000210962,40.837305999665816],[-81.334519000037432,40.83731800003104],[-81.33457799958866,40.837325000299735],[-81.334637999863105,40.837336999981915],[-81.334828999658811,40.837406000151091],[-81.335217999821253,40.837158000193099],[-81.335329999974235,40.837087000264503],[-81.334969000299225,40.836564999919347],[-81.334894999781056,40.83644399980323],[-81.334864999643827,40.836388000286981],[-81.334923000268461,40.836374000230606],[-81.335369000332307,40.836261999673262],[-81.335925000000984,40.83612200006975],[-81.336109999948917,40.836075000214265],[-81.336294000071931,40.836029000092047],[-81.336400000377139,40.836003000038424],[-81.336412999897618,40.835405000068143],[-81.335063000010564,40.835735999864703],[-81.335083000102031,40.835794999921823],[-81.335249999608308,40.836219000331376],[-81.334898000154098,40.836308000313423],[-81.334830000382055,40.836318999737813],[-81.334695999589442,40.835986999686618],[-81.334647999908839,40.835845999733039],[-81.33449599957288,40.835886999779383],[-81.334442000044533,40.835661999776391],[-81.335119999911967,40.835507000251397],[-81.33544299995215,40.835429999901038],[-81.335740999877984,40.835359000160679],[-81.336418999745391,40.835188000062338],[-81.336860999611275,40.83506799993264],[-81.337524000308406,40.834873999977205],[-81.338238999985762,40.834657000272287],[-81.338838000210458,40.834462999793821],[-81.339896999844413,40.834107000115779],[-81.339899000392549,40.833954999747228],[-81.339904000415416,40.833591000274232],[-81.339625999682752,40.833579999717585],[-81.339162999900481,40.833557999958096],[-81.337813999838318,40.833511000323838],[-81.336977999787138,40.833488999861814],[-81.336629999632606,40.833482999672697],[-81.336499999936265,40.833475999677987],[-81.336099000078264,40.833456999979894],[-81.33574199970289,40.83344699988622],[-81.335444999601975,40.833446000080663],[-81.335324999951368,40.833456000174536],[-81.33520600012568,40.833474000067781],[-81.335196999904852,40.833442999984257],[-81.335181000011318,40.833327000003628],[-81.335191999881971,40.832947999888432],[-81.335196999904852,40.832826000152622],[-81.333795000139247,40.832771999930458],[-81.33378799956823,40.832910000184235],[-81.333764000177112,40.833290000324538],[-81.333763000352192,40.833390000071041],[-81.333763000352192,40.833480000257651],[-81.333392999558029,40.83346600026686],[-81.33074700021055,40.833369000055235],[-81.330661999821729,40.833365000148568],[-81.330547000194002,40.833352999747405],[-81.330133999742131,40.83332799981099],[-81.330051999726365,40.833323999901843],[-81.330049000251634,40.833253999753616],[-81.330052999551285,40.83318199991237],[-81.330067999619885,40.832871999778519],[-81.330081999863609,40.832584000324282],[-81.330106999977957,40.832525000128292],[-81.329553999783982,40.832212000168823],[-81.329342000071875,40.83210099988257],[-81.329183999888144,40.83203499978962],[-81.329077999582921,40.832002000058367],[-81.328953999734367,40.831975999784781],[-81.328890000160271,40.831966999975251],[-81.32874799987006,40.831947000016619],[-81.328497999624801,40.831928999708815],[-81.3283849996469,40.831927000051898],[-81.32826900019424,40.831931999873731],[-81.328152999843297,40.831942000195923],[-81.328124000429284,40.831946000188445],[-81.328038000215571,40.831957000336551],[-81.327960000397766,40.831970999966273],[-81.328006000428516,40.830992000236101],[-81.328042000413532,40.830245999977905],[-81.328117999683201,40.83024900021897],[-81.328141000147738,40.8297709997452],[-81.328620999648436,40.829793000081537],[-81.328988999894463,40.829811000289489],[-81.329686999853394,40.829826000232487],[-81.33094800005199,40.82986600006393],[-81.331832999608665,40.829895999921654],[-81.332015000081853,40.829901999755656],[-81.332389000175667,40.829914999960472],[-81.332960999737892,40.82993499985237],[-81.335336999646927,40.830019000148063],[-81.336032000131112,40.830043000115914],[-81.337180000351836,40.830090000169385],[-81.337254999796585,40.830091999881709],[-81.337807999990531,40.830111999720167],[-81.338619999752268,40.830147999958044],[-81.338665999783018,40.829369999904934],[-81.339219999801884,40.829390999827936],[-81.339172000121309,40.830169000314328],[-81.339282999551074,40.830172999734131],[-81.339829000072342,40.830193000227887],[-81.340444000190587,40.830217000132755],[-81.340995999661317,40.830237999787514],[-81.34127199984583,40.83024900021897],[-81.341553999878144,40.830261999676047],[-81.341646999764578,40.830265999769914],[-81.341804999948295,40.830269999863546],[-81.342237999593351,40.830282999996264],[-81.342531000394629,40.830291000181241],[-81.343285000430043,40.83032099984667],[-81.343612999594797,40.83033399996939],[-81.344779000257162,40.830381999668326],[-81.34533999994872,40.830398999864933],[-81.345739999981802,40.830411999972306],[-81.345724999913188,40.830962000194539],[-81.345827999845355,40.830968999774953],[-81.346263000038519,40.830986999663729],[-81.346271000434456,40.830848000320614],[-81.34642299987209,40.830854999913065],[-81.346447000161561,40.830435999797913],[-81.346776999874422,40.830448000047312],[-81.346996999982466,40.828599000070326],[-81.347023999746639,40.828381000337508],[-81.347038999815254,40.827692999829424],[-81.347141999747421,40.826882999865482],[-81.347443000046283,40.82688399976994],[-81.348094000149544,40.826897999791058],[-81.348693000374254,40.826919999721142],[-81.348684999978332,40.827040000323478],[-81.348673000282773,40.827137000277851],[-81.348789999560324,40.827137000277851],[-81.350444000119325,40.8271739999918],[-81.350310000225022,40.828542000165712],[-81.350122999728953,40.830636000272413],[-81.350105000185607,40.83083799983342],[-81.350128999576739,40.830997999970933],[-81.348608999810352,40.831220999811627],[-81.348597000114779,40.831508999748806],[-81.348592999916832,40.831687999836966],[-81.348075999707874,40.831674000147487],[-81.348069000035196,40.83179999996532],[-81.348054999791472,40.832069000010499],[-81.348042000271022,40.832255000070596],[-81.346858000065282,40.832208000192345],[-81.346721999622858,40.832200000238728],[-81.346704000079498,40.832627999802654],[-81.348023000004432,40.832674000245625],[-81.347968999577745,40.833924999687014],[-81.350464000210792,40.833993000211905],[-81.350486999777019,40.834262000195274],[-81.350485999952113,40.834275000224963],[-81.350486999777019,40.835089000089958],[-81.35035299988273,40.836888999726895],[-81.350310000225022,40.83750400031721],[-81.350289000308635,40.83780000010573],[-81.350282999562523,40.837854000310344],[-81.350357999905611,40.837855999788445],[-81.353752000339014,40.837943000136207],[-81.356012999722012,40.838003999741673],[-81.356028999615546,40.838003999741673],[-81.356059999577681,40.837489999816881],[-81.356109999806392,40.836648999971139],[-81.355348000273381,40.836626000113185],[-81.354452999772661,40.836600000293657],[-81.353610999873695,40.836575000222368],[-81.353619000269603,40.836440000082078],[-81.353634000338232,40.836357999968399],[-81.353743999943092,40.835968999796052],[-81.353733000072438,40.835958000313589],[-81.35372300002669,40.835936999751887],[-81.353712000156037,40.835741000078897],[-81.353695000437597,40.835637000030985],[-81.353656999904459,40.835550999828932],[-81.353581999561385,40.835451999718956],[-81.35326799974203,40.835102999738019],[-81.35322199971128,40.835055999839732],[-81.353148000091423,40.834959999698185],[-81.353112000106407,40.834895999979672],[-81.353052999656867,40.834759000247082],[-81.353036999763361,40.834687000001324],[-81.353026999717613,40.834610000057857],[-81.353030000090641,40.834469999684323],[-81.353044000334364,40.834217999762288],[-81.353066999900577,40.833834000304769],[-81.353064000425846,40.833661999869008],[-81.353051999831962,40.833554000062819],[-81.353020000044907,40.833435000179591],[-81.352968000166371,40.833319999992455],[-81.352890000348566,40.833210999820054],[-81.352849000340683,40.833123000248513],[-81.352826999701065,40.83304000029846],[-81.352820000028359,40.832922999799294],[-81.352821999678184,40.832886999708748],[-81.352074000388882,40.832886999708748],[-81.352075000213787,40.83240999972206],[-81.351794999831299,40.831578999700305],[-81.351783000135754,40.831564000153875],[-81.351788000158606,40.831490000166738],[-81.351809999899928,40.831123999713967],[-81.351810999724833,40.831105999862451],[-81.351835999839182,40.830716000293293],[-81.351840999862063,40.83054600030345],[-81.351783999960645,40.83054600030345],[-81.35162699960182,40.830548000002018],[-81.351094000397666,40.830570999929492],[-81.351096999872382,40.830447000196529],[-81.351184999735949,40.828666999940133],[-81.351187000284085,40.828570000184598],[-81.351533999715386,40.828572999821809],[-81.351566000400766,40.828572999821809],[-81.353054000380112,40.828616000044335],[-81.353121000327249,40.827408000000986],[-81.355324999808843,40.827479999994608],[-81.356621000167564,40.827520999776638],[-81.356990000238511,40.827480999890071],[-81.359217000184628,40.827552999804432],[-81.361830999745052,40.827641999864262],[-81.362338999733169,40.827658000190766],[-81.363860000222772,40.827708000251533],[-81.364882999871725,40.827741000080685],[-81.366134000024573,40.827780999810372],[-81.366228999560818,40.827777000246343],[-81.366240000329796,40.827441999875539],[-81.366374000224084,40.827439000187212],[-81.366390000117605,40.827938000181568],[-81.366389000292713,40.828401000012342],[-81.366370999851057,40.829093000136602],[-81.366365999828176,40.829240000071906],[-81.366358000330578,40.829501000027932],[-81.366351999584481,40.829708000317339],[-81.366334000041121,40.830035999758017],[-81.366318000147601,40.830227000033886],[-81.366269999568715,40.83051100013148],[-81.366207999644416,40.830850999854732],[-81.366180999880243,40.830911000024727],[-81.366123999978839,40.830984000135707],[-81.366040000313248,40.832108999848195],[-81.365992999559268,40.832827999782374],[-81.365974000191017,40.833124000058952],[-81.365942000403948,40.833593999684304],[-81.365906000418946,40.834150999942793],[-81.365852999817179,40.835185999824041],[-81.365800999938642,40.836246000063632],[-81.365750999709945,40.837215000166943],[-81.365723999945757,40.837724000120843],[-81.364892000092539,40.837695999889796],[-81.363418000356916,40.83765300011882],[-81.363411999610804,40.837751999660419],[-81.36332200009744,40.837748999758823],[-81.363317999899479,40.837818000178835],[-81.362874000383783,40.837803999744821],[-81.362852999569071,40.838203000080981],[-81.362144999564407,40.838182000230454],[-81.361790999562075,40.838172000169855],[-81.361491999811335,40.838162999842183],[-81.361193000060595,40.838154999927433],[-81.360894000309855,40.838146000277085],[-81.36059499966079,40.838136999945831],[-81.360295999910051,40.838128000293047],[-81.359527999630942,40.83811000030412],[-81.359327999614393,40.838486999994934],[-81.358867000380272,40.839338999912158],[-81.35839200000413,40.840160999795422],[-81.358280999676026,40.840325000027327],[-81.358077000359856,40.840560999914175],[-81.357991999971034,40.840648999806625],[-81.358032999978917,40.840693000048837],[-81.358082000382709,40.840733999815818],[-81.358174000444222,40.840780999766075],[-81.358082000382709,40.84255599993805],[-81.358068999963919,40.842840999893724],[-81.35802499958298,40.843804999804917],[-81.357990000321209,40.844570000310938],[-81.357426000256595,40.844552999670775],[-81.356994000436458,40.844540000297556],[-81.356861000367061,40.844535999705762],[-81.356830000404941,40.845242999805329],[-81.356828999681696,40.845295000129113],[-81.356791000046883,40.845293999822673],[-81.355713000146352,40.845268000005298],[-81.352362000268982,40.845185999939382],[-81.353668999600032,40.842292999702458],[-81.353462999735697,40.842296000077951],[-81.353649000406847,40.841788000251867],[-81.353577000436843,40.841788999931616],[-81.352770999624568,40.841797999766946],[-81.352577000354117,40.841801999844414],[-81.351865999976411,40.841818000151754],[-81.351425999760366,40.841833000096663],[-81.351253000406317,40.841843000284506],[-81.351244000185474,40.843291000011085],[-81.351251999683086,40.843421999810829],[-81.349978999788902,40.843411000205947],[-81.350008000101241,40.845167999828462],[-81.349726000068927,40.845156000204838],[-81.346037999907637,40.845031999889507],[-81.345981999831125,40.846117000218491],[-81.34581199995182,40.84912299966367],[-81.345772999593763,40.849122000094546],[-81.345775999966818,40.849798999842491],[-81.34573400013403,40.850563999786132],[-81.345604000437675,40.853940000193411],[-81.345540999790174,40.858452000175404],[-81.345488000086732,40.859642000214492],[-81.346243999771971,40.859666000327678],[-81.347385000319989,40.859702000141361],[-81.347755000215827,40.859712999759722],[-81.348288000318291,40.859727000321328],[-81.348440999580859,40.859729999907465],[-81.348667000435,40.85973499967033],[-81.349555000364688,40.859755000076809],[-81.350974999673667,40.859797999775395],[-81.351675000180705,40.859812999726877],[-81.352544999668751,40.85984300029903],[-81.353677999820846,40.859875999757755],[-81.35495699956283,40.859912000136724],[-81.355814000428708,40.859935000066663],[-81.35818299976674,40.859980999902554],[-81.358611000287226,40.859992000153945],[-81.359308000421237,40.860002999724145],[-81.361381000381584,40.860045999941093],[-81.361891999844417,40.860056000098169],[-81.362506000137756,40.860067999741112],[-81.362764999705519,40.860072000074531],[-81.363096999966544,40.860075999728352],[-81.364617999557851,40.860113000081363],[-81.364692999900896,40.858477000147708],[-81.364718999840179,40.858026999881979],[-81.364783000312599,40.856763999868726],[-81.364913000008926,40.856757000294337],[-81.364984999978958,40.856757000294337],[-81.365036999857494,40.85648400000899],[-81.365621999838496,40.856500000168765],[-81.367478000063869,40.856551999811941],[-81.370141999853004,40.85662599967808],[-81.371940000352055,40.856675000177511],[-81.374457999653004,40.856742000330229],[-81.374598000293403,40.853228000220227],[-81.374661999867513,40.853229999914028],[-81.37649999965123,40.853289000027104],[-81.384253000440651,40.853378000190368],[-81.384349999626707,40.853378999695288],[-81.384349999626707,40.853412000335744],[-81.384332000083376,40.853765999933046],[-81.385409999983878,40.853783999746859],[-81.385418000379801,40.853509999937579],[-81.385420000029612,40.853427999878505],[-81.386232999616269,40.853449999837991],[-81.386314999632035,40.853449000334194],[-81.386413000439632,40.853455000074852],[-81.387765999801445,40.853492000049272],[-81.387857999862945,40.85349399973515],[-81.388732000447277,40.853512000302352],[-81.389194000404629,40.853533000051925],[-81.38932400010097,40.853542000330812],[-81.393189999639176,40.853643000281615],[-81.393904000389938,40.853653000046393],[-81.395575999593973,40.853710000103483],[-81.397193000343051,40.853764999754482],[-81.400971999842625,40.853887999858898],[-81.401062000254299,40.853890999709442],[-81.40270500004435,40.853944999713811],[-81.403197999963837,40.853960000311183],[-81.403664999944056,40.853975999721598],[-81.408250000255904,40.854122000023622],[-81.408252999730649,40.853928000119808],[-81.40825100008081,40.853434000300552],[-81.408367000431753,40.851715999712269],[-81.40853399993803,40.849443000306373],[-81.408160999669121,40.848908000221954],[-81.407693999688888,40.848229999942468],[-81.407124999601407,40.848343999825154],[-81.406384999809703,40.84849500023811],[-81.406285000250591,40.848506999936667],[-81.406156000379156,40.848510000030849],[-81.406153000006114,40.848566000178337],[-81.403633000157029,40.848429000158433],[-81.403873000356541,40.847788999765477],[-81.403902999595445,40.847692000126365],[-81.403945000326559,40.847502000155565],[-81.403972000090747,40.847329999848121],[-81.403983999786291,40.847208000078446],[-81.403993000007134,40.84710800011085],[-81.404020999596227,40.846568000124741],[-81.404044000060765,40.846002000286198],[-81.40412000022873,40.844261000066261],[-81.404132999749208,40.843744999751564],[-81.40413799977209,40.843582999811858],[-81.404156000213746,40.843027999973707],[-81.404157000038666,40.842830999856396],[-81.404147999817837,40.842755999868302],[-81.404135000297345,40.842694999878759],[-81.404095999939301,40.842561999985513],[-81.404083000418808,40.84243899992336],[-81.404186000350975,40.842580999792439],[-81.404189999650626,40.842463999821874],[-81.40460999977519,40.842933000166177],[-81.405023000227061,40.843405999890649],[-81.405507999750654,40.843978999720463],[-81.40590399958576,40.844459999968961],[-81.406368999916168,40.845042000274304],[-81.406823000375937,40.84562899969378],[-81.407265000241793,40.84622100013317],[-81.407697000061944,40.846818000099049],[-81.412242000190801,40.853346999902769],[-81.412216000251533,40.853397999798368],[-81.412337999551937,40.853726999753434],[-81.412247000213668,40.854001000024212],[-81.412211000228652,40.8541019999547],[-81.412437000184468,40.854338999873313],[-81.412407000047253,40.854633999731448],[-81.412566000055904,40.854739000031934],[-81.413068000196247,40.854861999686946],[-81.413234999702496,40.85490300020065],[-81.413239999725377,40.85478100010554],[-81.41333900035788,40.854923000027703],[-81.413349000403628,40.854804999941514],[-81.413390000411511,40.854862999848891],[-81.413696999659876,40.855306000137737],[-81.414254000051784,40.856065000182539],[-81.414596000358543,40.856574000092984],[-81.415033000201547,40.857217000260995],[-81.415495000158913,40.857823000049954],[-81.416133999668276,40.858548000262189],[-81.417153000017564,40.859643999714727],[-81.417450000118478,40.85994999998708],[-81.418957000364387,40.861595000091121],[-81.419092000083594,40.861741999965041],[-81.419008000418003,40.861763999881134],[-81.418907999960581,40.861775999894043],[-81.418922000204276,40.861791000076948],[-81.418999000197175,40.861876000143553],[-81.419117000197957,40.862005999834537],[-81.419257999764952,40.86216900030422],[-81.420155999740402,40.863015999925437],[-81.421279999671668,40.864283999718694],[-81.421417999763932,40.864452000103064],[-81.421477000213471,40.864523999943245],[-81.421514999848327,40.86457100000424],[-81.421585999993425,40.864526999991462],[-81.421714999864847,40.864676000179102],[-81.421986999851427,40.865041000138667],[-81.422215000355365,40.865372000021082],[-81.422468999900261,40.865771000136952],[-81.422463999877394,40.865863999818487],[-81.422459999679432,40.865933000177186],[-81.42352500005947,40.867606000288689],[-81.424202000101985,40.868661999813206],[-81.424739000402411,40.869764999930595],[-81.424864999900805,40.870253999907554],[-81.42495899961213,40.870600999696819],[-81.424991000297496,40.870868999935844],[-81.424981000251762,40.871171000309445],[-81.425013999863708,40.872369999819647],[-81.425073000313262,40.874428000327057],[-81.425187999940988,40.881719999664362],[-81.425217000253298,40.883031999863789],[-81.425151000131066,40.883208999865744],[-81.42513199986449,40.88329200014104],[-81.425111999773009,40.883355999979479],[-81.425085000008821,40.883426999908274],[-81.425059999894458,40.883519000190518],[-81.425002000168149,40.883514000185869],[-81.423432999997942,40.883439999800878],[-81.423349000332365,40.883721000199181],[-81.424811000372443,40.883793999865759],[-81.425013000038803,40.883795999995051],[-81.425186000291163,40.883786000027172],[-81.425191000314044,40.884019000108395],[-81.425285999850274,40.888162999924454],[-81.425295999896008,40.88857900008643],[-81.425326999858171,40.890009999809294],[-81.425375000437057,40.894048000123391],[-81.425373999713813,40.898186999708905],[-81.425373999713813,40.898251000079853],[-81.425371000239096,40.899264999964181],[-81.425453000254862,40.899267999796123],[-81.425532999722464,40.905049999752038],[-81.425515000179132,40.90589000020212],[-81.425471999623127,40.906664999794316],[-81.425576000278497,40.906667999969571],[-81.425645999700393,40.906670000086351],[-81.425689000256398,40.906672000203017],[-81.425719000393642,40.906163999848388],[-81.425741000134934,40.905582999676049],[-81.425748999632532,40.9051079997801],[-81.425750000355777,40.90487800021252],[-81.425669999989822,40.899275000308855],[-81.425726999891239,40.899275999800054],[-81.425705000149946,40.898236000009071],[-81.425702999601782,40.898154999839768],[-81.425609999715377,40.893985000010666],[-81.425578999753242,40.890715999820365],[-81.425561000209882,40.890048999674619],[-81.425516000004052,40.888264999706649],[-81.425504000308464,40.888158000270657],[-81.425440999660964,40.883228999974357],[-81.425428999965405,40.88268700019168],[-81.425562000034802,40.88268700019168],[-81.425548999616012,40.881738000031469],[-81.425408999873937,40.881730999700629],[-81.425304000291945,40.874532999816047],[-81.425244000017472,40.871172000225137],[-81.42522499975091,40.871002999988164],[-81.425094000229663,40.870346000158023],[-81.424963999635011,40.869891999955065],[-81.424590000439494,40.86896999975739],[-81.424044999743145,40.868015000165649],[-81.422477000296183,40.865586999702856],[-81.422488000166837,40.86535399995919],[-81.421703000169288,40.864450000068651],[-81.421575999947663,40.864291999876045],[-81.419508000010197,40.861973000078251],[-81.417706000211524,40.860031000042376],[-81.417272999668143,40.859646999984001],[-81.417034000191862,40.859319000308616],[-81.416096999858354,40.858295000052088],[-81.415855999833937,40.85802599976779],[-81.415623000205429,40.857752999956148],[-81.415398000074532,40.857475999888287],[-81.415181000339558,40.857195000193535],[-81.414971000277276,40.856911000272547],[-81.414827000337212,40.856707999855566],[-81.413354000426494,40.854592000244125],[-81.413135000143399,40.854277999674245],[-81.412223999749145,40.852965999720418],[-81.411519999942442,40.851865000180446],[-81.406905000391703,40.845409000304016],[-81.406831999698454,40.845313000205536],[-81.406485000267139,40.844867999751806],[-81.406121000219073,40.844414000228959],[-81.406112999823137,40.844403000109089],[-81.405874000346856,40.844110999843735],[-81.405864000301108,40.844099000028727],[-81.405614000055849,40.843798000220545],[-81.405181000410821,40.843289000017343],[-81.404680000095397,40.842717000004001],[-81.40419999969636,40.84218499968582],[-81.404213000115149,40.84183399977568],[-81.404223999985817,40.841506999941068],[-81.404228000183778,40.841403000104435],[-81.404232000381739,40.841284999726277],[-81.404287999559912,40.839659000226881],[-81.404340000336774,40.839659999938739],[-81.404639999912419,40.839657000123545],[-81.406070999990348,40.839676999795188],[-81.406018000286906,40.840052999702934],[-81.406008000241158,40.840130999825114],[-81.408822999643021,40.840226000250837],[-81.409200999934811,40.840238000087446],[-81.409184000216371,40.840977000168202],[-81.409697000227354,40.840997000121178],[-81.409620000234455,40.843127000322148],[-81.409611999838546,40.84338900031107],[-81.411423999682967,40.843399000264199],[-81.41162200004969,40.843403999900382],[-81.411842000157719,40.842354999733153],[-81.411929000196352,40.84235800010584],[-81.411550999904591,40.841070000000244],[-81.411957999610365,40.84108599980474],[-81.412243000015707,40.841094000045359],[-81.412241000365896,40.841023000254914],[-81.41225600043451,40.840576000143507],[-81.412260999559052,40.840508999953684],[-81.412114999969205,40.840488000154096],[-81.412010000387212,40.840459999731401],[-81.411960000158501,40.840440000295999],[-81.411914000127751,40.840415000313669],[-81.411872000294963,40.840381000295395],[-81.411826000264213,40.840325000027327],[-81.411577999668765,40.839919000237067],[-81.411489999805227,40.839796000027398],[-81.411463999865944,40.83977799981183],[-81.411402999766565,40.839761999691603],[-81.411292000336815,40.839753999969837],[-81.410917000418095,40.839746000247096],[-81.410766999731948,40.839734000321421],[-81.410734000119987,40.83972399981532],[-81.410674999670434,40.839690999833564],[-81.410653999754047,40.839669000063161],[-81.410642000058473,40.839647999997489],[-81.410636000210701,40.83961799979501],[-81.410637999860512,40.839548000175895],[-81.41069399993701,40.839138999865447],[-81.410707000355814,40.839121999871068],[-81.410735999769798,40.839111999952273],[-81.410892000303733,40.839102999752178],[-81.41113599980288,40.839070000140886],[-81.411303000207468,40.839033000268891],[-81.411361999758697,40.839014000124486],[-81.411458000018172,40.838968000002808],[-81.411721999608801,40.838805999940682],[-81.41214699975626,40.838496000278617],[-81.412217999901372,40.838433000305976],[-81.412434999636332,40.838203000080981],[-81.411636000293385,40.837396999719417],[-81.411361999758697,40.837106000281601],[-81.411117000434629,40.836859000314647],[-81.410958000425964,40.836705999702936],[-81.410836000227221,40.836618000012955],[-81.410785000173618,40.836589000236238],[-81.410722000424414,40.836562999722595],[-81.41064899973118,40.836541000273314],[-81.410484999699648,40.836505999867846],[-81.409968000389,40.836448999964027],[-81.409242999767599,40.836357000206739],[-81.408980999826795,40.836312000042547],[-81.408683999725866,40.836600000293657],[-81.408621999801582,40.836676999964766],[-81.408534999762935,40.836802999789697],[-81.40850299997588,40.836866999706146],[-81.408451999922278,40.837016000259865],[-81.408437999678554,40.837104000101178],[-81.408427999632821,40.837210999812662],[-81.408425999982995,40.837334000061539],[-81.408446000074491,40.83760200033845],[-81.40848799990728,40.837959999753359],[-81.408493999755066,40.838049000116591],[-81.408482000059493,40.83813900009509],[-81.40845799977005,40.838221999778156],[-81.40842500015809,40.83828799982863],[-81.408417999587073,40.838302000160418],[-81.408328999898615,40.838418000271332],[-81.408209000248021,40.838509999886845],[-81.408106000315854,40.838566000329031],[-81.408049000414465,40.838589999921531],[-81.407940999561092,40.838626000313411],[-81.407773000229923,40.838669999859661],[-81.406932999980796,40.838840999811417],[-81.406759999728436,40.838872000089317],[-81.406305000342087,40.838968000002808],[-81.406164999701673,40.839004000189398],[-81.406122999868884,40.839305999738734],[-81.406102999777389,40.839448999918524],[-81.404357999880105,40.838928999948521],[-81.403435999615198,40.838591000329139],[-81.401593999633533,40.83770399985994],[-81.401181999904907,40.837526999870541],[-81.401128000376545,40.837480000331531],[-81.400678999939643,40.837128000222982],[-81.400454999633666,40.83707100017439],[-81.400410000326147,40.837027999997993],[-81.400407999778011,40.836133000204661],[-81.40026100036323,40.835923000279926],[-81.39986800000284,40.835475999759183],[-81.399405000220568,40.834789999715277],[-81.399339999923242,40.83473000033689],[-81.398580999864947,40.834034999841556],[-81.398422999681216,40.833626000179727],[-81.398147000394999,40.832947999888432],[-81.398856000224569,40.832786000067799],[-81.399031000126755,40.832785000252272],[-81.399494999733946,40.832756000158255],[-81.399953000391662,40.832734000125349],[-81.399934999949991,40.832544000093463],[-81.399482000213467,40.832046999749636],[-81.39939500017482,40.832107000196757],[-81.399351999618816,40.832140999701011],[-81.399191999785231,40.832264999664368],[-81.399144000104656,40.832293000150251],[-81.399067999936676,40.832329999706026],[-81.398975999875162,40.832361000309916],[-81.398910999577836,40.832375999676053],[-81.398877000140956,40.83238000032209],[-81.398830000285301,40.832382999786894],[-81.398780000056604,40.83237899982074],[-81.398704999713516,40.832365000277157],[-81.398553000275868,40.83232000012201],[-81.398332000342918,40.832240999821131],[-81.398256999999859,40.832221999769132],[-81.398168000311401,40.832212000168823],[-81.398050000310619,40.832208000192345],[-81.397671000193938,40.832190999779897],[-81.397646999904495,40.832053999895216],[-81.397624000338283,40.831875999944685],[-81.397589000178172,40.831605000129557],[-81.397359999849314,40.829716999753707],[-81.39734399995578,40.829564000332198],[-81.397518999857979,40.829228000283607],[-81.397665000346151,40.829229000152729],[-81.398296000357902,40.829245999965217],[-81.398492000176503,40.829250999989213],[-81.398867999920142,40.82740600020778],[-81.398901000430413,40.827261000082913],[-81.39893700041543,40.827264999678064],[-81.399304999763132,40.82730899996718],[-81.399329999877494,40.827311999661376],[-81.399421999939008,40.827311999661376],[-81.399975999957888,40.827326000271832],[-81.3999779996077,40.827284999689532],[-81.39998000015585,40.827257999706639],[-81.400001000072237,40.82692900021565],[-81.400210000309599,40.826935000318116],[-81.400216999982291,40.826824999939952],[-81.400222000005158,40.826757000220482],[-81.400426000219667,40.826837000163096],[-81.400631000259082,40.826917000009153],[-81.400836000298497,40.826995999855939],[-81.40092300033713,40.82703500013281],[-81.400904000070554,40.827287000166145],[-81.40100299980476,40.827297999727669],[-81.401400000363111,40.827313000239187],[-81.401393999617014,40.82740199994138],[-81.401387999769241,40.827491000203871],[-81.401376999898574,40.827668999690751],[-81.40136600002792,40.82784700005935],[-81.401355000157267,40.828024999950145],[-81.401344000286613,40.828190000182062],[-81.401334000240865,40.828354000121124],[-81.401323000370212,40.8285190002142],[-81.401313000324464,40.828683000019318],[-81.40130300027873,40.828847999973441],[-81.401292000408077,40.829012000324298],[-81.401282000362329,40.829177000139545],[-81.401272000316581,40.829338000074287],[-81.401361999829959,40.82934099967671],[-81.401460999564165,40.827774999784509],[-81.401485999678513,40.827381000068229],[-81.401503000295264,40.827105999950454],[-81.401545000128067,40.826434999662489],[-81.401464999762126,40.826403999686733],[-81.401047000185685,40.826242000191449],[-81.401052000208566,40.825576000299222],[-81.401063999904125,40.825446999752046],[-81.400630000434163,40.825434000030768],[-81.400520999755912,40.825430000325127],[-81.400514999908125,40.825560000150141],[-81.400502000387661,40.825825999918123],[-81.40047800009819,40.825902999866464],[-81.400425000394776,40.8259969996911],[-81.39980500025365,40.825752000324869],[-81.399764000245781,40.825736000218257],[-81.399781999789113,40.825653999781181],[-81.399782999614033,40.825633000034259],[-81.399807999728381,40.82516800004997],[-81.400023999638449,40.825174000311755],[-81.40045200015895,40.825184000293625],[-81.400534000174716,40.825186000153892],[-81.400541999672299,40.825053999731608],[-81.400549000243302,40.824917999989914],[-81.400472000250417,40.824913000318979],[-81.400037999882144,40.824899999813255],[-81.400044999554851,40.824762999819264],[-81.400555999916008,40.824780000096872],[-81.400570999984623,40.824506000009833],[-81.400597999748797,40.824094000189433],[-81.400598999573717,40.824075999789116],[-81.40060600014472,40.823966000106893],[-81.400627000061121,40.823659000251098],[-81.400630000434163,40.823594999820969],[-81.400540000022488,40.823595999775065],[-81.400365999945208,40.82359100000447],[-81.400382999663663,40.82326199999568],[-81.400387999686515,40.823194999981887],[-81.400648999802428,40.823201999702384],[-81.401090999668313,40.823208000142046],[-81.401437000173033,40.823212999941518],[-81.401454999716378,40.822827000038636],[-81.401280999639113,40.822822000210067],[-81.401195000323696,40.822819000312769],[-81.401201000171483,40.822696000327113],[-81.401633999816511,40.822708999905267],[-81.401720000030238,40.822711999807602],[-81.401723000403294,40.822670999771582],[-81.401750999992387,40.822166999695433],[-81.401228999760562,40.822147000179889],[-81.401243000004271,40.821873000091706],[-81.401761999863041,40.821889999750546],[-81.40177600010675,40.821544999703427],[-81.401796000198232,40.821095000166743],[-81.401718000380413,40.821092000191328],[-81.401284999837074,40.82107800030419],[-81.40128599966198,40.821049999841229],[-81.401293000232997,40.820913000052052],[-81.401299999905689,40.820775999979908],[-81.401306999578381,40.820639000304617],[-81.401320999822062,40.820365000105127],[-81.401755000190349,40.82037800014016],[-81.401843000053901,40.820383000152965],[-81.401843999878793,40.820366000107931],[-81.401853000099635,40.820244000336544],[-81.401863000145369,40.820118000314885],[-81.401878000213998,40.819924000126427],[-81.40188499988669,40.819761999758626],[-81.401908000351227,40.819439999909058],[-81.401934000290481,40.818857999850586],[-81.401997000039671,40.817456000252804],[-81.402028999826726,40.816652000025236],[-81.402063999986822,40.815839999683647],[-81.4021040001698,40.815027000197801],[-81.399369000235566,40.814930000208477],[-81.3977730003012,40.814875000284708],[-81.397647999729401,40.814858000187847],[-81.397571999561421,40.814852999758585],[-81.39775999988241,40.814357000174972],[-81.397784000171839,40.814258999791143],[-81.397758000232571,40.814197000000782],[-81.397791999669437,40.814053999748012],[-81.39783500022547,40.813830999970101],[-81.397877000058259,40.813518000160741],[-81.397912000218355,40.813334000115802],[-81.397966999571636,40.813169000317757],[-81.398015000150522,40.812764000248038],[-81.398092999968327,40.812391000290091],[-81.398154000067692,40.812098999765553],[-81.399816999949209,40.812107000104419],[-81.401631000341794,40.812130000308336],[-81.402352999691828,40.812164999982556],[-81.402340999996269,40.812253000169733],[-81.402278000247065,40.813218000312958],[-81.40228099972181,40.813849999852309],[-81.404485999926635,40.813886000079471],[-81.404572000140362,40.812684000327941],[-81.404589999683694,40.812440000179976],[-81.405181000410821,40.812454999972566],[-81.405188999908418,40.812288999903643],[-81.405436999605541,40.812303000285937],[-81.406763000101478,40.812341000240217],[-81.407228000431886,40.812353999808074],[-81.407569000015442,40.812363999683107],[-81.408062999759835,40.81237800004957],[-81.408435000203824,40.812389000044035],[-81.408917000252686,40.812374999679882],[-81.409728000189503,40.812672999702528],[-81.410052000054591,40.812792000129271],[-81.411017999802127,40.81313399981336],[-81.411076000426746,40.813155000118186],[-81.411443999774463,40.813286000315749],[-81.411524000140403,40.813312999867634],[-81.412262000282297,40.813565999792907],[-81.412463000123736,40.813629000277295],[-81.412500999758578,40.813417000254653],[-81.412533000443943,40.812844000071614],[-81.412556999835061,40.812589999992703],[-81.412581999949424,40.812387999920986],[-81.412617000109535,40.812162000283138],[-81.412639999675747,40.812098000318038],[-81.412658000117418,40.812071999719691],[-81.412612000086654,40.812070000143933],[-81.412452000253083,40.812049000175541],[-81.412297000442393,40.812039000253037],[-81.411924999998391,40.812025999943543],[-81.411724999981857,40.812020999980753],[-81.411714999936109,40.812078999934052],[-81.411705999715295,40.81214500017095],[-81.411644999615916,40.812583999952309],[-81.411500999675866,40.812580000151684],[-81.411326999598586,40.812575000230638],[-81.411211000145968,40.81257099974961],[-81.411196999902259,40.81257099974961],[-81.411155999894376,40.812570000309208],[-81.411170999962991,40.812458999780674],[-81.411344000215337,40.812463999710467],[-81.411380000200353,40.812464999832365],[-81.411398999568618,40.812136999836717],[-81.411403999591499,40.812054000136278],[-81.411402999766565,40.812013000311424],[-81.411473999911678,40.810841999727515],[-81.411499000026041,40.810410999842333],[-81.411487000330467,40.810356000251829],[-81.411519000117536,40.809859999685216],[-81.410673000020608,40.809835999892762],[-81.4098760003275,40.809813999735397],[-81.409848999665016,40.809813000253463],[-81.409718999968675,40.809809000285846],[-81.409553000287303,40.809804000155978],[-81.409235000270002,40.809795000057228],[-81.408911000404885,40.809785999957299],[-81.408593000387583,40.809776999856098],[-81.408273999647022,40.809767999753731],[-81.407644000358488,40.809750000225172],[-81.407657999703872,40.80950200018016],[-81.407687000016196,40.808972999717604],[-81.407702000084811,40.808713000067812],[-81.407736000420002,40.808097000158114],[-81.407860000268556,40.805864999858699],[-81.411786999906141,40.805959999741631],[-81.41189200038643,40.804069999807979],[-81.413711999728477,40.804751999810748],[-81.413772000002922,40.804779999673087],[-81.41441399988534,40.804799999664624],[-81.414674000176348,40.804723999936648],[-81.416547999945067,40.804178000030191],[-81.416533999701372,40.804384999794841],[-81.416453000408822,40.805753999672831],[-81.419595000048858,40.80586300009589],[-81.419632999683685,40.805179000167172],[-81.419148999984998,40.805159000289848],[-81.418477999790269,40.805138999726523],[-81.418533999866767,40.804204000321839],[-81.417963999954381,40.804184000150705],[-81.417968999977248,40.804088000197183],[-81.417877999740654,40.80408500013268],[-81.417878999565573,40.804031999876898],[-81.417931000342421,40.803148999896422],[-81.419257999764952,40.803197000229659],[-81.420574000215154,40.803233000116776],[-81.421897000338063,40.80327700002789],[-81.423215000438063,40.803319000070388],[-81.424539000385877,40.803367000280616],[-81.424613999830626,40.803369000118636],[-81.424602000135067,40.803862000169239],[-81.424842000334579,40.803867000066887],[-81.424859000053019,40.803377000150071],[-81.425773999746909,40.803409000266157],[-81.425914000387294,40.80340999984454],[-81.425967000090751,40.80253999987923],[-81.42601399994642,40.801675999737128],[-81.42604699955838,40.801071000299075],[-81.426066999649862,40.800785000029919],[-81.426119000426709,40.79988000032224],[-81.426194999696392,40.798648999784376],[-81.426253000321012,40.797981000317534],[-81.426290000130948,40.797394999676655],[-81.426338999636428,40.796517000259286],[-81.426340000359659,40.796328000211993],[-81.426357000078099,40.795920000293954],[-81.426359999552815,40.795870999766805],[-81.426655999828824,40.795850999804898],[-81.42692500034066,40.795841999854098],[-81.426995999587461,40.796244999780129],[-81.427513999621311,40.796185999901624],[-81.427210999672624,40.794870000025945],[-81.42664099976021,40.794935999696413],[-81.426413999979502,40.794953999842427],[-81.426465999858038,40.793921999683896],[-81.426470000056,40.79383200022621],[-81.426490000147467,40.79345399994768],[-81.426542999850923,40.792565999959677],[-81.426651999630863,40.790622000325726],[-81.4267520000883,40.788847000255871],[-81.426589999706593,40.788834999962134],[-81.425681999685395,40.788804000100043],[-81.424761000143718,40.788770999945783],[-81.423848999924559,40.788739000254523],[-81.422950999949109,40.788707999667515],[-81.421735999781248,40.78866500010183],[-81.420739000071578,40.788630000276619],[-81.41956800028467,40.788591999668199],[-81.417592000408689,40.788521000119815],[-81.417583000187875,40.788004000189972],[-81.417743000021431,40.78479599984739],[-81.417881000113695,40.784799000103519],[-81.41791399972567,40.784138999669352],[-81.419873999708116,40.784196000314957],[-81.419776999623721,40.783440000124344],[-81.419740999638705,40.783165000158171],[-81.419680000437651,40.78270300012759],[-81.419616999790151,40.782155000232621],[-81.419595999873749,40.781994999966557],[-81.417698999640507,40.782216000130489],[-81.417698999640507,40.782060000291168],[-81.417712000059296,40.781829999798695],[-81.417731000325873,40.781785000052814],[-81.417754999717005,40.781662000183687],[-81.417795999724873,40.781023000134702],[-81.417845999953599,40.780141000133547],[-81.417999999939383,40.779855000169874],[-81.418004000137344,40.779815000114887],[-81.418039000297441,40.779211999972162],[-81.418051999817919,40.779005999886138],[-81.418083999604974,40.778508999779667],[-81.41813100035894,40.777680999943989],[-81.418112000092393,40.777590000274898],[-81.418093999650722,40.777504000323532],[-81.418062999688587,40.777253000287708],[-81.418054000366055,40.777145999772706],[-81.418055000190975,40.776967000134348],[-81.418060000213828,40.776876000167448],[-81.418143000054528,40.775484000028001],[-81.418252999659373,40.773631000131275],[-81.417144999621641,40.773627000024206],[-81.416311999943503,40.773588999675233],[-81.415100999973617,40.773540999704665],[-81.411494000003188,40.773375000276012],[-81.40938699970765,40.77328800027869],[-81.408908000031843,40.773262000124433],[-81.408998000443546,40.771778000256418],[-81.409031999880398,40.771209000071103],[-81.409051000146974,40.770892999760001],[-81.409170999797581,40.770743000283346],[-81.40929299999631,40.77063700024032],[-81.409441999959228,40.77052400019442],[-81.409600999967893,40.770426999797017],[-81.409855000411099,40.770308999690769],[-81.410021999917362,40.770252000054491],[-81.41022199993391,40.770202000237774],[-81.410421000125524,40.770168999684977],[-81.410632999837631,40.770146999987702],[-81.412262000282297,40.770460000221625],[-81.414766000237847,40.771113000058001],[-81.414976000300129,40.770972999705251],[-81.417995999741436,40.768917000067759],[-81.418536000414889,40.768567000332361],[-81.41854599956234,40.768385999819884],[-81.418589999943265,40.767599999870569],[-81.418620000080494,40.767066000288374],[-81.418635999974015,40.766780999955323],[-81.418723000012662,40.765234000169464],[-81.418885000394368,40.762472000214302],[-81.41890399976262,40.762048000006565],[-81.41890700013569,40.761998000140792],[-81.418473999592308,40.762050999929258],[-81.418328000002461,40.761473999829057],[-81.41759700043157,40.761675999695797],[-81.415986000428589,40.762131999832498],[-81.415754999551595,40.762193999943719],[-81.415479000265364,40.762260000108299],[-81.415306000013032,40.762292999825831],[-81.415131000110833,40.762319000189663],[-81.414895000109283,40.762343999666307],[-81.414777000108501,40.762351999877893],[-81.414819999766223,40.762127000194106],[-81.415030999653411,40.760870999923696],[-81.415064000163682,40.760304000018955],[-81.415150000377409,40.758810999747908],[-81.414429999778875,40.75878699987306],[-81.413708000428826,40.758762999989543],[-81.413742999690626,40.757939999675742],[-81.413253000144152,40.757922999967803],[-81.412766000072452,40.757906999838482],[-81.411848000005492,40.757875999832038],[-81.409790999938679,40.757806999963435],[-81.409827999748615,40.756813999662079],[-81.409852000038043,40.756173000251557],[-81.409898999893713,40.754916000129839],[-81.410143000291185,40.754923999874457],[-81.417446999745422,40.755107000234233],[-81.417462999638957,40.754949000090896],[-81.419312000191638,40.755005999923192],[-81.4193160003896,40.754941999976793],[-81.419364000070161,40.754084999979511],[-81.415322999731458,40.753936000316074],[-81.41545300032611,40.751483000131508],[-81.417482999730439,40.751542999929619],[-81.417652999609757,40.751547999683517],[-81.41937800031387,40.751585000028314],[-81.419189999992895,40.753776000141293],[-81.419380999788601,40.753782999697655],[-81.419542000345402,40.753784000023074],[-81.419699999630836,40.751595999887762],[-81.423135000072122,40.751703000033942],[-81.424932999672848,40.751761000282912],[-81.426859000218414,40.751837000063226],[-81.426967999998382,40.751839000092069],[-81.427316000152913,40.75185800002302],[-81.428528999772624,40.751897000222407],[-81.42882000002578,40.751910000056959],[-81.428829000246623,40.751791000063299],[-81.428536000343641,40.75178099991119],[-81.427884000415489,40.751757000220408],[-81.427505000298808,40.751743999675469],[-81.4275119999715,40.751606999745349],[-81.426977000219196,40.751582999991818],[-81.427058000410057,40.750265000282582],[-81.427726000231729,40.750284999680289],[-81.42773100025461,40.750480999992561],[-81.427725000406824,40.750700000116368],[-81.428594999894884,40.750728000313259],[-81.428722000116494,40.750731999757122],[-81.42889500036884,40.750737000252492],[-81.429290000379055,40.74424200001414]],[[-81.341440000075323,40.829710000041118],[-81.34143000002959,40.82984000031221],[-81.341333999770114,40.829836000192643],[-81.341334999595034,40.829803999907099],[-81.341339999617901,40.829705000051739],[-81.341440000075323,40.829710000041118]],[[-81.400798999590251,40.820419000234018],[-81.400785000244866,40.820629000317226],[-81.400694000008258,40.820621000326256],[-81.400259999639999,40.820608000338851],[-81.400252999967307,40.820745000078176],[-81.399820000322265,40.820732000115079],[-81.399724999887709,40.820733000112291],[-81.399731999560402,40.820592999670374],[-81.399826999994957,40.820594999669076],[-81.400259999639999,40.820608000338851],[-81.400267000211002,40.820471000316566],[-81.400271000408964,40.820402000198158],[-81.400798999590251,40.820419000234018]],[[-81.409694999679203,40.751314000318402],[-81.409692000204487,40.751364999735451],[-81.409653999671335,40.752594999887677],[-81.409043999575971,40.752582000187054],[-81.409073999713186,40.75175999992706],[-81.409123999941912,40.751295999914369],[-81.409694999679203,40.751314000318402]],[[-81.351378999904696,40.826968999755429],[-81.35135999963812,40.827321000102742],[-81.351303999561637,40.827486000047159],[-81.351185999560855,40.8278109999317],[-81.350845999802218,40.828320999917331],[-81.350784999702867,40.828508000175461],[-81.350756000288854,40.828561999791987],[-81.350563999769918,40.828556999716092],[-81.350726000151624,40.827006000242868],[-81.350731000174505,40.826954999749304],[-81.351137999880279,40.826964000239116],[-81.351287999668102,40.82696799985218],[-81.351378999904696,40.826968999755429]],[[-81.333804000360075,40.799121999875965],[-81.333796999789058,40.799248999972136],[-81.333749000108483,40.800095000318265],[-81.333754000131364,40.800243000224],[-81.333587999551696,40.800287999702647],[-81.333585000076951,40.800323000182722],[-81.33358300042714,40.800348999944518],[-81.333580000054098,40.800376000000234],[-81.333569000183431,40.800475999733145],[-81.333560999787508,40.800538999725525],[-81.333554999939722,40.8006060001807],[-81.333547000442124,40.800670999969007],[-81.332762000444561,40.800645000333347],[-81.332852999782858,40.800516999886071],[-81.33260300043591,40.800511000114085],[-81.332676000230848,40.800406999899565],[-81.333199000287578,40.80025099995224],[-81.333262000036768,40.799104000180023],[-81.333381999687376,40.799110000079246],[-81.333804000360075,40.799121999875965]],[[-81.426949999556712,40.750261000130131],[-81.426870999913987,40.75156199994516],[-81.426869000264176,40.751602999673629],[-81.426386000390409,40.75161400021058],[-81.425906999816291,40.751585000028314],[-81.425428000140499,40.751542000251014],[-81.424947999741462,40.751511999677753],[-81.424992999947307,40.750762999692114],[-81.425062000442608,40.750764999753265],[-81.426162000084418,40.750801000163484],[-81.426434999895903,40.750812999842218],[-81.426460999835157,40.750243999819723],[-81.426799999768889,40.750256999977395],[-81.426949999556712,40.750261000130131]],[[-81.293161999864381,40.778862000047639],[-81.293095999742135,40.778904999838424],[-81.292924000213006,40.779027000105771],[-81.292221000231223,40.779570000272628],[-81.291797999733618,40.779883000330116],[-81.292149000261205,40.780197000201099],[-81.291736999634239,40.78046500006505],[-81.291397999700521,40.780160000137464],[-81.291448999754138,40.780125999840237],[-81.291797999733618,40.779883000330116],[-81.29087499964379,40.779097000336435],[-81.291873999901597,40.778403999837082],[-81.293161999864381,40.778862000047639]],[[-81.318315000296252,40.840942999758596],[-81.318280999961075,40.841661999708414],[-81.317232000372869,40.841624999924051],[-81.317243000243536,40.841401999739304],[-81.317037000379202,40.841396000266393],[-81.315963999603269,40.841364000123612],[-81.315363999553654,40.841347000020271],[-81.315396000238991,40.840659000173162],[-81.315888000333587,40.84067300000418],[-81.317220999603919,40.840711999711971],[-81.317275000030591,40.840715000159044],[-81.318315000296252,40.840942999758596]],[[-81.423116999630466,40.750706999996567],[-81.423089999866278,40.751235000210109],[-81.423088000216467,40.751455999932524],[-81.41970999967657,40.75135300015635],[-81.419775999798802,40.750596999849698],[-81.422099000004408,40.750673000279917],[-81.423116999630466,40.750706999996567]],[[-81.312436000173861,40.842022000334346],[-81.312358000356042,40.843818000001875],[-81.311640000305658,40.843806000133775],[-81.310834000391708,40.843757000310198],[-81.310878999699227,40.842138000051541],[-81.311215000158214,40.842140000080065],[-81.311496000365608,40.842138000051541],[-81.311642999780375,40.842154999952051],[-81.312436000173861,40.842022000334346]],[[-81.375227999581952,40.841072999751503],[-81.375225000107221,40.841129999756852],[-81.375205000015725,40.841566999981694],[-81.375178000251552,40.842181000311079],[-81.375177000426632,40.842209000006804],[-81.375066999923462,40.8422049999539],[-81.372820999710754,40.842138999726018],[-81.37286900028964,40.841172999990796],[-81.372876999787266,40.841008000126749],[-81.373654000287203,40.841030000132349],[-81.375227999581952,40.841072999751503]],[[-81.39761500011744,40.824855999965102],[-81.397401999682103,40.824752999773871],[-81.396774000043393,40.824449999927161],[-81.396661000065492,40.824429999740524],[-81.396492000011094,40.824379999927253],[-81.396440999957449,40.824355000006499],[-81.395879000440985,40.824157000192457],[-81.395746000371602,40.824110000012411],[-81.39567400040157,40.824083000096465],[-81.394879000358287,40.823765999908261],[-81.394961000374039,40.823641999686131],[-81.394789999771504,40.823561000013392],[-81.395167000238374,40.82294899981752],[-81.395285000239127,40.822769999931324],[-81.395312999828235,40.822726999996796],[-81.395369999729652,40.822660000122347],[-81.39542699963107,40.822655000281202],[-81.395491999928382,40.822657000217724],[-81.395631999670456,40.822662000058727],[-81.395908999679904,40.822678000227171],[-81.396301000215374,40.82268200009873],[-81.39641699966802,40.822685000002274],[-81.396511000277656,40.822687999905639],[-81.39657099965379,40.822692999744305],[-81.396786999563858,40.822699000230017],[-81.396890000394336,40.822699000230017],[-81.396911000310737,40.822768999964765],[-81.39693399987695,40.822846000063542],[-81.396990999778367,40.823049000204442],[-81.397026999763384,40.82317799997778],[-81.397063999573305,40.823311000013639],[-81.397201999665569,40.82367800003766],[-81.397213000434533,40.823703000213605],[-81.397306000320953,40.823928000013602],[-81.397386999613502,40.823930999860742],[-81.397372000443198,40.824271999957276],[-81.397538000124541,40.824604000210677],[-81.397571999561421,40.824709999765496],[-81.397598000399,40.82478800026599],[-81.39761500011744,40.824855999965102]],[[-81.318701999910559,40.84189800027157],[-81.318643000359316,40.843249999787091],[-81.317157000029809,40.843201999890468],[-81.317165000425732,40.843043000324307],[-81.317111999823979,40.843043000324307],[-81.315595000430633,40.842981999919374],[-81.315607000126207,40.842708000293449],[-81.315619999646685,40.842434000214325],[-81.315648999958995,40.841839000209568],[-81.315650999608806,40.841788000251867],[-81.315901999678971,40.841784000173561],[-81.316556000155288,40.84181600011356],[-81.317064999968295,40.841835999813384],[-81.317222000327135,40.84184399996343],[-81.318701999910559,40.84189800027157]],[[-81.32169999961053,40.839831000055035],[-81.321670000371626,40.840551999910886],[-81.317285000076325,40.840404999910312],[-81.317290000099206,40.840256999880957],[-81.317242000418631,40.840252000007382],[-81.315888000333587,40.840217999905441],[-81.315417000155392,40.840199999804462],[-81.315423999828084,40.839903000150883],[-81.316127999634801,40.839756999780647],[-81.316186000259421,40.839744000146375],[-81.317330000282169,40.83950199974516],[-81.317324000434397,40.839614000265364],[-81.317320000236421,40.839683999814774],[-81.317582000177254,40.839695000038184],[-81.32169999961053,40.839831000055035]],[[-81.339130000288506,40.798793000242433],[-81.339116000044811,40.799052999994927],[-81.339096999778249,40.799416000339185],[-81.339047000447849,40.800314999783183],[-81.339023999983326,40.800728000023931],[-81.339018999960444,40.800811999908277],[-81.339017000310605,40.800843999900991],[-81.338824999791683,40.8008319997355],[-81.337734000370702,40.800792999692774],[-81.336233999797486,40.800754999925495],[-81.33544299995215,40.80073399977632],[-81.33490599965171,40.800715999837472],[-81.334912000397807,40.800636999972618],[-81.334914000047632,40.80058199976154],[-81.334918000245594,40.800525999883092],[-81.334929999941153,40.800303999827243],[-81.334930999766073,40.800285999771795],[-81.334945999834687,40.800017000023828],[-81.334948000382823,40.799987000252315],[-81.334949000207729,40.79992100016328],[-81.33555099990717,40.799758999913827],[-81.336274999805354,40.799565000035088],[-81.336489999890517,40.799507000024335],[-81.337344000383354,40.799271999872545],[-81.337568999615939,40.799214000285829],[-81.337941999884833,40.79911700030096],[-81.338044999817001,40.79908900008968],[-81.338039999794134,40.798922999905976],[-81.338064999908482,40.798549999670769],[-81.338433999979429,40.798486000178166],[-81.338506999774367,40.798963000012797],[-81.33898600034847,40.798832999747546],[-81.339130000288506,40.798793000242433]],[[-81.351148999750947,40.823704000166074],[-81.351111000116092,40.823997999810807],[-81.350986000442617,40.824969999944038],[-81.350865999893728,40.824966000210466],[-81.348368999610841,40.824853000159806],[-81.347135999899621,40.824795999754365],[-81.346154000258579,40.824757000200066],[-81.345611000110367,40.824759000073207],[-81.343359000049887,40.824652999916921],[-81.341588000213335,40.824637000224932],[-81.341604000106855,40.8242999997398],[-81.341597000434149,40.82428300001893],[-81.341620000000376,40.823774000199691],[-81.341626999673082,40.823747000146916],[-81.341645000114752,40.823726999748274],[-81.341681000099754,40.82371500032189],[-81.34172799995541,40.823711999785196],[-81.341748000046906,40.823712999737531],[-81.342134999661198,40.823734000092415],[-81.342153000102854,40.823408999940959],[-81.342154999752665,40.823382999696896],[-81.343656000150801,40.823443999782782],[-81.345679999707343,40.823526000233308],[-81.347008999678025,40.823577999919387],[-81.348104000195278,40.823611999718182],[-81.349300000096562,40.823648000085988],[-81.349914000389887,40.823651999899056],[-81.349904000344154,40.823762000102079],[-81.349891999750284,40.823773000248281],[-81.349885000077578,40.823856000242216],[-81.349876999681669,40.823947999671894],[-81.34987400020691,40.824016000232277],[-81.350763999786452,40.824034999916563],[-81.350925000343253,40.824044000122839],[-81.350928999642917,40.823993000070509],[-81.350942999886612,40.823889999898547],[-81.350968999825866,40.823697999771284],[-81.351033000298287,40.823699999676364],[-81.351148999750947,40.823704000166074]],[[-81.336663000142877,40.82321100002175],[-81.336605000416569,40.824197999989593],[-81.336386999958364,40.824192000319279],[-81.336106999575875,40.824190999694437],[-81.336114000146878,40.824364000169396],[-81.336033999780938,40.824369999824157],[-81.336033999780938,40.82448899966198],[-81.336033999780938,40.824715000131512],[-81.335548000432453,40.824715000131512],[-81.335535999838569,40.824948000046881],[-81.335112000414355,40.824948000046881],[-81.335061000360724,40.826203000128011],[-81.33504600029211,40.826559000100488],[-81.334493000098149,40.826545999917421],[-81.334478999854454,40.827015999948479],[-81.334466000333975,40.827249999835487],[-81.334016000072182,40.827237999687085],[-81.334011999874221,40.827473000045828],[-81.333404000326979,40.827455999778849],[-81.333402999603763,40.827578999773131],[-81.333402999603763,40.827824999757063],[-81.33282500019375,40.827822999976419],[-81.33250899982626,40.827822000086059],[-81.332516000397277,40.827422999807872],[-81.332651000116485,40.824749000027211],[-81.331121000304364,40.824669000284821],[-81.328596000432398,40.824628000099089],[-81.328630999694184,40.824096000082562],[-81.328705000212338,40.822976000195169],[-81.329199999781665,40.822952999672736],[-81.329506999928341,40.822968999771028],[-81.330224999978725,40.822989999681688],[-81.331230000084318,40.823018000005462],[-81.332255000281364,40.823047000279736],[-81.333251000166115,40.82307599986158],[-81.334215000263811,40.82310300018748],[-81.335170000140664,40.823129999822683],[-81.336126999667357,40.823158000087297],[-81.336228999774605,40.823160999969318],[-81.33622600029986,40.823197999862181],[-81.336663000142877,40.82321100002175]],[[-81.322463999691692,40.844770000279645],[-81.321656000127916,40.845415000093183],[-81.321150999614531,40.845821999814248],[-81.321230999980472,40.84587899981274],[-81.321473999654714,40.846375000138245],[-81.321461000134249,40.847069999689509],[-81.320967000389828,40.847422000004897],[-81.320355999571234,40.848426000060584],[-81.320221999676932,40.848421999703433],[-81.31909699992076,40.847669000022975],[-81.319002000384529,40.847740000168685],[-81.318132999823078,40.848406000310845],[-81.318701000085639,40.848811999756066],[-81.318345000433496,40.84912099984593],[-81.317767999950092,40.848677000076023],[-81.317555000413051,40.848849000284794],[-81.317392000206453,40.848981000221237],[-81.316912999632322,40.849370999701939],[-81.31682800014184,40.849435999958445],[-81.316746999950993,40.85072800009705],[-81.315326999743704,40.850509999744041],[-81.31556899959304,40.85032599972331],[-81.31605999986273,40.849935999747892],[-81.316562999827966,40.849527999909441],[-81.316693000422632,40.844058000304585],[-81.316694000247551,40.84398700029142],[-81.31607300028152,40.843964000261231],[-81.316093000373002,40.843551000045395],[-81.316586000292503,40.843570999901253],[-81.317137999763233,40.843594000067775],[-81.317136999938327,40.843611000274365],[-81.31712900044073,40.843769000187173],[-81.317114000372115,40.844012999931763],[-81.31807599992166,40.844047999771362],[-81.318346000258387,40.844056000333993],[-81.318413000205538,40.8440589999501],[-81.31860800019922,40.84406899980214],[-81.320240000118602,40.844064999861494],[-81.322463999691692,40.844770000279645]],[[-81.365585999853508,40.840458000331843],[-81.365580000005721,40.840583999766075],[-81.36554200037088,40.841357999967698],[-81.365484999571152,40.842475999932923],[-81.365424000370098,40.84364800030923],[-81.365405000103536,40.84402499976234],[-81.365391999684732,40.844295999774879],[-81.365333999958423,40.84555900030697],[-81.364425999937225,40.845529999685034],[-81.363244000279636,40.845502000033235],[-81.362371000418534,40.845467000282],[-81.362064000271872,40.845458999889708],[-81.360885000089013,40.845424999740615],[-81.360818000141876,40.845422999811277],[-81.360864999997546,40.844570999948729],[-81.360886999738852,40.844133000178523],[-81.36090900037847,40.843693999901312],[-81.360932999769588,40.843227000180775],[-81.361310000236472,40.843239000153659],[-81.361388000054276,40.842868999990166],[-81.361024999831116,40.842897999737815],[-81.361028000204158,40.842828000184703],[-81.361081999732505,40.841754999938537],[-81.360633000193928,40.841742000016517],[-81.360659999958131,40.8411839999671],[-81.360705000163961,40.840315999991986],[-81.361169999596058,40.840329000193691],[-81.361531999994313,40.840340000310057],[-81.362575999559624,40.840370000185771],[-81.36253200007701,40.841245999676019],[-81.363082999722849,40.841264999860186],[-81.363129999578504,40.840715999854922],[-81.363187000378232,40.840663000319367],[-81.363200999723603,40.840388999941439],[-81.365585999853508,40.840458000331843]],[[-81.403346000101834,40.841697000109939],[-81.403340000254062,40.841869000086376],[-81.403324000360541,40.842327999770717],[-81.403112999575015,40.843153999959085],[-81.40215000020055,40.84351799993027],[-81.40212199971316,40.843974999774382],[-81.40201100028338,40.844245999991323],[-81.40185499974946,40.844625999710665],[-81.401843999878793,40.844653000095981],[-81.401504000120184,40.844989000120542],[-81.401448000043686,40.845678999793009],[-81.40142799995219,40.845937000058903],[-81.40142899977711,40.846342999681248],[-81.40144100037098,40.8464319996611],[-81.401457000264514,40.846471999666534],[-81.401473000158049,40.846491999999976],[-81.401495999724261,40.846509000142731],[-81.40153900028028,40.846535999760938],[-81.401642000212448,40.846580000172246],[-81.401827999985287,40.846644999768849],[-81.401935999940306,40.846696000066316],[-81.40201100028338,40.846742000260988],[-81.402099999971838,40.846809999869841],[-81.402222000170568,40.846939999907171],[-81.402288000292828,40.847057000130469],[-81.402298000338561,40.847094000280038],[-81.402299000163467,40.847130000130285],[-81.402277000422174,40.847213999704749],[-81.402262000353545,40.847247000018072],[-81.40222999966818,40.847294000106523],[-81.402161000071217,40.847366999845264],[-81.402064999811742,40.84745000020451],[-81.40164899988514,40.84777899979526],[-81.401588999610681,40.847814999952874],[-81.401139000247198,40.848241999689009],[-81.40098699991124,40.848367999954313],[-81.400882000329247,40.848455999673895],[-81.399478000015506,40.848177000299813],[-81.399390000151953,40.848158000058554],[-81.397896000324835,40.847838000005588],[-81.39750100031462,40.847775999667988],[-81.396537000216938,40.848384000035551],[-81.396297000017412,40.848819000169918],[-81.396312000086041,40.85004800030336],[-81.396312999910933,40.850111000107887],[-81.395164999690238,40.850077000307081],[-81.394741000266023,40.850063999978943],[-81.394725000372489,40.850372999666412],[-81.394080999941934,40.850464000126529],[-81.393131000087948,40.850601000016013],[-81.393038000201528,40.850239000000883],[-81.392986000322992,40.850036999759688],[-81.392689000222077,40.848878000133794],[-81.392634999795391,40.848669000071254],[-81.394140000391488,40.848699999829549],[-81.394127999797604,40.848563000086692],[-81.394207000338639,40.84856499992128],[-81.394337999859886,40.848571999681688],[-81.394354999578326,40.848278999856475],[-81.394364999624059,40.848092000322765],[-81.394284000331538,40.84806100028004],[-81.393433000211729,40.848033000338596],[-81.393396000401822,40.848038000304726],[-81.393330000279576,40.848055000050884],[-81.392597999985483,40.848043999855889],[-81.392476999611645,40.84804599970618],[-81.392469999938953,40.848017999758348],[-81.392447000372741,40.847927000016185],[-81.392325999998917,40.847470000242787],[-81.39228499999102,40.847312999915971],[-81.392201000325429,40.847035000086848],[-81.392071999555696,40.846550999997106],[-81.392028000073083,40.846354999769495],[-81.391944000407491,40.84602000017059],[-81.391827000231629,40.845489000166602],[-81.391798999744225,40.845375000129323],[-81.39157600016145,40.844444000299376],[-81.391412000129932,40.843742999771464],[-81.39138700001557,40.843639999697352],[-81.391233999854691,40.843009999956251],[-81.391197000044784,40.842858999957073],[-81.391037000211199,40.842215999758935],[-81.391008999723795,40.842102000207923],[-81.390967999715926,40.841938000295237],[-81.390762999676511,40.841192000195896],[-81.39071199962288,40.84097599979664],[-81.391417000152799,40.840924999854508],[-81.391966999973718,40.840897000295968],[-81.392084999974486,40.840888000338296],[-81.392797000177097,40.840835000260647],[-81.39285699955326,40.840831000124822],[-81.392904000307226,40.839713000276298],[-81.39414600023926,40.839739999944712],[-81.394109000429353,40.840744999864974],[-81.394427000446655,40.840722999764779],[-81.394558999792821,40.840722999764779],[-81.394557000142996,40.840775999932028],[-81.39466599992295,40.840760999747914],[-81.395128999705221,40.840768000332638],[-81.395308999630274,40.840769999722838],[-81.395490000278571,40.840773000167289],[-81.395671000028514,40.840775999932028],[-81.395850999953581,40.840778999696596],[-81.396031999703538,40.840780999766075],[-81.396134999635706,40.840782999835504],[-81.396214000176755,40.840815999953215],[-81.396375999660123,40.84088499989906],[-81.396420000041061,40.840902999814055],[-81.396519999600187,40.84094600019521],[-81.396834000317853,40.84107800024281],[-81.397408000428214,40.841321999700426],[-81.397605000071692,40.841405000155099],[-81.397804000263335,40.841489000190137],[-81.397953000226252,40.841553000339552],[-81.398161999565303,40.841560000160975],[-81.398436000100006,40.841569000027455],[-81.398617999674869,40.841577000209732],[-81.399101000446962,40.841592000209126],[-81.399102000271853,40.841577999892664],[-81.399751999651883,40.841599999709068],[-81.399972999584833,40.841607999887607],[-81.400131999593469,40.841620000153618],[-81.400276000431845,40.841631999737906],[-81.40068700033558,40.841646000042964],[-81.40142899977711,40.841671000240595],[-81.401576000090202,40.841676000007176],[-81.401718000380413,40.841680999773338],[-81.402407000118501,40.841699999832812],[-81.403037000305375,40.841688000260888],[-81.403346000101834,40.841697000109939]],[[-81.410559000217788,40.761865999906142],[-81.410555000019826,40.762686000027024],[-81.410514999836863,40.76284199977421],[-81.410479999676767,40.762859999773852],[-81.40995599979513,40.76315199984257],[-81.409734000037275,40.763280999697379],[-81.409652000021524,40.763328000093843],[-81.409392999555422,40.76347200026207],[-81.409270000430098,40.765449000083898],[-81.407436999770937,40.765374999837427],[-81.407435999946031,40.765574000331462],[-81.407435999946031,40.765708000297607],[-81.406908999691353,40.765962000152143],[-81.406259000311323,40.765194000156107],[-81.406152000181208,40.765055999891253],[-81.406000999670155,40.765128000183537],[-81.40439200021531,40.76589900001089],[-81.404204999719241,40.765987999761002],[-81.404039999862803,40.766067000028002],[-81.404050999733442,40.7660789996728],[-81.404076999672725,40.7661099999358],[-81.404779999654508,40.766937000296181],[-81.403875000006352,40.767385000111432],[-81.40142899977711,40.768594999807569],[-81.401468000135168,40.768638000120639],[-81.399297000265534,40.769704000173029],[-81.399284999671664,40.769934999872056],[-81.399211000051807,40.771013999707868],[-81.399175000066791,40.771657000339189],[-81.397378000290985,40.77161700011002],[-81.397292999902163,40.772965000073931],[-81.397145999589057,40.772958999853081],[-81.394044999956918,40.772863999685512],[-81.394007000322105,40.772863000327533],[-81.393834000069731,40.772858000135855],[-81.391607000123585,40.772788000133986],[-81.391560000267944,40.772759999704391],[-81.390658999919424,40.772222999945839],[-81.390892000446243,40.771664000053647],[-81.391209999565262,40.771446999717938],[-81.391649999781308,40.770964999851095],[-81.391700999834939,40.77090900016492],[-81.391756000086502,40.770853999819771],[-81.393151000179444,40.769871000012287],[-81.393687999581559,40.76948500006138],[-81.394622000440322,40.76877699985058],[-81.395303999607393,40.768326000255392],[-81.397348999978661,40.766857000254326],[-81.397629000361135,40.766659999783307],[-81.399052999868047,40.765663999983126],[-81.399577999574603,40.765296000108542],[-81.400068000019388,40.76495300009352],[-81.401083999995606,40.764198000157386],[-81.40259399971626,40.76253100010743],[-81.403237000321894,40.761470999880309],[-81.403383999736675,40.760916999765051],[-81.403556999989036,40.760361000022826],[-81.404101999787073,40.758446999694186],[-81.407447999641604,40.758554999955486],[-81.408986999674568,40.758529000160621],[-81.409619000409563,40.758567000276102],[-81.409446000157189,40.761273999773913],[-81.409954999970196,40.761324999715896],[-81.409960999817997,40.76186000004386],[-81.410559000217788,40.761865999906142]]],[[[-81.366216000040339,40.828236000305395],[-81.365640000280166,40.828216999785482],[-81.365632999709149,40.828295000239507],[-81.365612999617682,40.828678999829954],[-81.366056000206783,40.828693000151787],[-81.366092000191799,40.828694000029024],[-81.366195999948872,40.828694000029024],[-81.366216000040339,40.828236000305395]]],[[[-81.424442000301482,40.803440999686806],[-81.424354000437944,40.803437000015094],[-81.424239999736827,40.803432999663087],[-81.42421600034568,40.803844999970522],[-81.424418000012054,40.803851999692917],[-81.424442000301482,40.803440999686806]]]]},"properties":{"GEOID":"3912000","NAME":"Canton city","BASENAME":"Canton","STATE":"39","PLACE":"12000","CENTLAT":"+40.8073762","CENTLON":"-081.3670346","INTPTLAT":"+40.8076499","INTPTLON":"-081.3672284","AREALAND":69235077,"AREAWATER":45455}}]}