{"type":"FeatureCollection","features":[{"type":"Feature","id":747,"geometry":{"type":"LineString","coordinates":[[-81.395071999803818,40.829155000278504],[-81.394465000081496,40.829394000107683],[-81.393643000274025,40.829725999868636],[-81.3934089999223,40.829821000251854],[-81.392984999599761,40.829983999697973],[-81.392663000282795,40.830100000089672],[-81.39241399986247,40.830181999787129],[-81.392125000157463,40.830269000010126],[-81.391827000231629,40.830343000000525],[-81.391754000436691,40.830357999823178],[-81.39148499992487,40.830411999972306],[-81.391196000219864,40.830463999696754],[-81.391142999618111,40.830471000009467],[-81.39090400014183,40.830504999672918],[-81.390608999690713,40.830537000299877],[-81.390313000313014,40.83055899970234],[-81.390017000037005,40.8305719997784],[-81.389719000111171,40.830574000155842],[-81.389422000010271,40.830567999702986],[-81.389125999734262,40.830552000078633],[-81.388712000355781,40.830517999759564],[-81.388060000427615,40.830457000062978],[-81.387738000212352,40.830430999863275],[-81.387366999593269,40.830407000035912],[-81.387010999941126,40.830370000086695],[-81.386232999616269,40.830282999996264],[-81.385762000336371,40.830240000175031],[-81.384595999674005,40.830129999841574],[-81.384480000221373,40.830119000070034],[-81.380838000090833,40.82977499986864],[-81.376363000282169,40.829345999693551],[-81.374714999570955,40.829192000225959],[-81.37299800016109,40.829025000023918],[-81.372358999753388,40.828966999932703],[-81.371618999961683,40.828900000244666]]},"properties":{"BASENAME":"Malone","MTFCC":"S1100","NAME":"Malone Pkwy NW","OBJECTID":747,"OID":"1108296491893","PREDIR":null,"PREDIRABRV":null,"PREQUAL":null,"PREQUALABRV":null,"PRETYP":null,"PRETYPEABRV":null,"RTTYP":"M","SUFDIR":16,"SUFDIRABRV":"NW","SUFQUAL":null,"SUFQUALABRV":null,"SUFTYP":460,"SUFTYPEABRV":"Pkwy"}},{"type":"Feature","id":748,"geometry":{"type":"LineString","coordinates":[[-81.370909000307208,40.82901599981389],[-81.371415999572108,40.829063999787188],[-81.372350000430885,40.829152999858252],[-81.374426999690868,40.829349999842677],[-81.381028999886539,40.829977000013521],[-81.384772000299421,40.830337000206477],[-81.385516000289087,40.830408999738616],[-81.386261999928578,40.830471000009467],[-81.387113999873293,40.830569000231613],[-81.387282000102772,40.83058700022891],[-81.38745199998209,40.830596000225754],[-81.387857000038039,40.830627000281005],[-81.388688000066352,40.830704999939293],[-81.389171999764997,40.830735000097143],[-81.389682000301264,40.830756000267506],[-81.390066000440811,40.830757999959737],[-81.390467000298827,40.830736999789963],[-81.390752999630749,40.830714999766833],[-81.390828999798742,40.830705999786133],[-81.390997999853155,40.830686999973977],[-81.391126999724577,40.830667000308907],[-81.391443999916987,40.830619000136572],[-81.391700000010019,40.830570000080556],[-81.391797999919305,40.830548000002018],[-81.391886999607763,40.830526999765723],[-81.391929000338877,40.830517999759564],[-81.392331999846689,40.830408999738616],[-81.392387999923187,40.830393999927509],[-81.392607000206311,40.830325999789608],[-81.392752999796173,40.830274999810328],[-81.392767000039882,40.830270999717001],[-81.393116000019333,40.830143000001691],[-81.393685000106814,40.829919000075279],[-81.393989999705354,40.829793999942183]]},"properties":{"BASENAME":"Malone","MTFCC":"S1100","NAME":"Malone Pkwy NW","OBJECTID":748,"OID":"1108296491896","PREDIR":null,"PREDIRABRV":null,"PREQUAL":null,"PREQUALABRV":null,"PRETYP":null,"PRETYPEABRV":null,"RTTYP":"M","SUFDIR":16,"SUFDIRABRV":"NW","SUFQUAL":null,"SUFQUALABRV":null,"SUFTYP":460,"SUFTYPEABRV":"Pkwy"}},{"type":"Feature","id":5518,"geometry":{"type":"LineString","coordinates":[[-81.373454000270655,40.787289999799455],[-81.372111000056279,40.78725199978453],[-81.371546999991679,40.78724099970453],[-81.371076999638376,40.78724200020654],[-81.370701999719657,40.787254999929701],[-81.370396000296225,40.787272000296269],[-81.370062000385374,40.787301999692289],[-81.369823000010783,40.787330000113862],[-81.36956299971979,40.787369999724056],[-81.369234999656726,40.787433999730347],[-81.36921399974031,40.787437999686198],[-81.368918000362626,40.787502000307114],[-81.368499000062968,40.787612999728665],[-81.368114000098501,40.787721000201017],[-81.366412999683831,40.788192000321011],[-81.366153000291149,40.788252000308681],[-81.36577900019735,40.788337999947082],[-81.365497000165036,40.788390999811099],[-81.365050000276284,40.788456999800822],[-81.364681000205351,40.788490999914181],[-81.364538000090207,40.788498999698291],[-81.364336000423833,40.788510000250007],[-81.364021999706168,40.788518000031836],[-81.363641999764582,40.78852000031722],[-81.361566000329503,40.788458000284514],[-81.360201000373806,40.788417000165275],[-81.359228999880202,40.788383000013972],[-81.35790099973444,40.788338999752419],[-81.356936999636744,40.788306999852978],[-81.356615000319792,40.788299999851702],[-81.356518000235397,40.788296999753754],[-81.355334999854605,40.78827000022639],[-81.355067999890892,40.788259000315016],[-81.354939999844376,40.788253999921913],[-81.354152000372082,40.788224000275818],[-81.353539999728582,40.788200000141103],[-81.352225999826516,40.78814899974104],[-81.351020999704417,40.788114000323979],[-81.350506999868514,40.788090999958619],[-81.349819999780252,40.788059999749201],[-81.349615999565756,40.788055999830824],[-81.349479000196723,40.788052999721849]]},"properties":{"BASENAME":"43","MTFCC":"S1100","NAME":"State Rte 43","OBJECTID":5518,"OID":"1108296492494","PREDIR":null,"PREDIRABRV":null,"PREQUAL":null,"PREQUALABRV":null,"PRETYP":586,"PRETYPEABRV":"State Rte","RTTYP":"S","SUFDIR":null,"SUFDIRABRV":null,"SUFQUAL":null,"SUFQUALABRV":null,"SUFTYP":null,"SUFTYPEABRV":null}},{"type":"Feature","id":5519,"geometry":{"type":"LineString","coordinates":[[-81.373461999768267,40.787429999774268],[-81.372896999878733,40.78741499976681],[-81.371797000236924,40.787387000061187],[-81.371173999722757,40.787380999782641],[-81.37087099977407,40.787387999880835],[-81.370597999962598,40.787398999936443],[-81.370336999846671,40.78741499976681],[-81.370012000156663,40.787447000096037],[-81.369705999834906,40.787489999770258],[-81.369431000373609,40.787538999681459],[-81.369120000028985,40.787604000021432],[-81.36908900006685,40.787611000096128],[-81.368401999978587,40.787784000055368],[-81.367704999844591,40.787977999674091],[-81.367343000344647,40.788084999743674],[-81.366922000395178,40.788207000152966],[-81.366461000262746,40.788330999949032],[-81.366246000177568,40.788383000013972],[-81.365832999725697,40.788477999752885],[-81.3655580002644,40.788529999702725],[-81.365265000361447,40.788573999837773],[-81.364976999583035,40.788607999891227],[-81.364913000008926,40.788614000058899],[-81.364682999855162,40.78863499996131],[-81.364374999883609,40.788654000255939],[-81.364019000231451,40.788659999739302],[-81.363881000139173,40.788659999739302],[-81.363678999574518,40.788659999739302],[-81.363242999556405,40.788651999974597],[-81.362303999573072,40.78862300030935],[-81.361372999985662,40.788590000065135],[-81.361058000341387,40.788579000206816],[-81.360184999581975,40.788553999718175],[-81.359222000207509,40.78852000031722],[-81.358484999890536,40.78849799989537],[-81.357893000236828,40.788476999949644],[-81.357456000393839,40.788460999695054],[-81.356899999826823,40.788434000234368],[-81.356807999765294,40.788431000142467],[-81.356714000053984,40.788428000050423],[-81.355174000196101,40.788376000020712],[-81.354918000103069,40.788366999736738],[-81.354532000313682,40.788354000231315],[-81.353512999964423,40.788320999853411],[-81.351854000280866,40.788266000320661],[-81.350489000325155,40.788221000174431],[-81.35008199972107,40.788211999869496],[-81.349618999938798,40.788201999755906],[-81.349548999618605,40.788200999948515],[-81.34941899992225,40.788197999846076]]},"properties":{"BASENAME":"43","MTFCC":"S1100","NAME":"State Rte 43","OBJECTID":5519,"OID":"1108296492492","PREDIR":null,"PREDIRABRV":null,"PREQUAL":null,"PREQUALABRV":null,"PRETYP":586,"PRETYPEABRV":"State Rte","RTTYP":"S","SUFDIR":null,"SUFDIRABRV":null,"SUFQUAL":null,"SUFQUALABRV":null,"SUFTYP":null,"SUFTYPEABRV":null}},{"type":"Feature","id":7284,"geometry":{"type":"LineString","coordinates":[[-81.648175999824105,40.796367999842332],[-81.643458000341198,40.794646999706075],[-81.642812000260832,40.794421999889806],[-81.642053000202552,40.794168000027248],[-81.641453000152922,40.793976000252009],[-81.640627000147489,40.793727000024667],[-81.631854999907077,40.791194999911852],[-81.626630000260974,40.789685000216664],[-81.623523999707643,40.788788999722804],[-81.623346000330741,40.788737999775115],[-81.622261999684127,40.788415999680964],[-81.622182000216497,40.788392000295786],[-81.621694000319863,40.788238000293703],[-81.621151000171636,40.788057000320549],[-81.620666999574667,40.78788500020454],[-81.620136000020338,40.787685999878263],[-81.619557999712015,40.787457000323315],[-81.61903700020342,40.78724200020654],[-81.618574000421134,40.787039999839088],[-81.618116999588338,40.786830000233323],[-81.617616999996159,40.786587999915859],[-81.617123000251738,40.786338999868832],[-81.61644000036145,40.785981000003424],[-81.612385999603944,40.78378499968364],[-81.61175899979014,40.783446000078762],[-81.60890699968003,40.781910000178641],[-81.603562000383334,40.779019999806543],[-81.598673000297879,40.776375999814739],[-81.597942999653611,40.775992000221656],[-81.59735099999989,40.775694000134436],[-81.596601000162437,40.77533100002811],[-81.596098000197202,40.775095000017586],[-81.595435000398382,40.774795999979268],[-81.594817999732015,40.774528999706455],[-81.594142000412717,40.774249000176049],[-81.59346100017224,40.773977000318609],[-81.592773000259072,40.773714000257918],[-81.592080000323023,40.773460000100805],[-81.591379999815985,40.773217000016587],[-81.590675000184362,40.772982000016469],[-81.590019999883168,40.77277200018149],[-81.589579999667123,40.772639000214859],[-81.588983999815454,40.772437999698738],[-81.588500999941687,40.772263999857465],[-81.588183999749276,40.772141000046659],[-81.587818999876305,40.77199099998581],[-81.587459999851092,40.771832999836725],[-81.587004999566432,40.771621000338108],[-81.586706999640597,40.771471999842895],[-81.58641600028578,40.771317000005077],[-81.586034999620949,40.771102000026403],[-81.585709000106036,40.770907000029474],[-81.585574000386814,40.770821999659866],[-81.585251000346631,40.770619999697843],[-81.584892000321432,40.770385000036889],[-81.581926000408501,40.76834300002411],[-81.581159999779217,40.767815999728725],[-81.580054000289607,40.767066999733537],[-81.579648000408753,40.766804999665275],[-81.579325000368556,40.766607999720414],[-81.5789479999017,40.766390999882326],[-81.578562000112314,40.766182999905411],[-81.578046999553194,40.76592699992986],[-81.577766000244125,40.765792999724852],[-81.577408999868737,40.765634000339574],[-81.576993999767026,40.765461999989924],[-81.576624999696094,40.76531800005111],[-81.576197999898838,40.765163000146224],[-81.575818999782143,40.765036000174234],[-81.575434999642582,40.764919000178104],[-81.574935999875294,40.764777000063106],[-81.574432000085153,40.764646000066506],[-81.565279999903154,40.76246900031056],[-81.558397000398401,40.760832000225527],[-81.557708999586907,40.760659999696159],[-81.55716299996395,40.760515000015694],[-81.556495000142277,40.760323000252512],[-81.555541999915235,40.760040000043972],[-81.554703000389324,40.759775999700885],[-81.551019000425995,40.758588000151526],[-81.546501999886232,40.757130999829563],[-81.545509000374537,40.75681100018344],[-81.544958999655307,40.756644000188132],[-81.544571000216109,40.756534000336913],[-81.544290999833621,40.756462999866137],[-81.544007999976401,40.75639799967535],[-81.543664999844722,40.756329000314061],[-81.543319000238327,40.756269000071605],[-81.542971000083782,40.756218999941638],[-81.542619999556194,40.756177000048339],[-81.542208999652445,40.756138999927622],[-81.541856000373343,40.756114999768528],[-81.541502000371025,40.756098999884479],[-81.541146999645463,40.75609399979237],[-81.540852000092684,40.756095999693166],[-81.540556999641581,40.756105999876759],[-81.540202999639249,40.75612699984918],[-81.539851000185067,40.756154999802035],[-81.539498999832546,40.756192999913608],[-81.539149999853109,40.756241000166753],[-81.538804000246699,40.756296999964697],[-81.538401999665467,40.756374000290251],[-81.538061999906844,40.756448999956064],[-81.537724999622952,40.756533000052869],[-81.537337000183754,40.756642999905743],[-81.53700900012069,40.756745000052078],[-81.536685000255602,40.756855000234637],[-81.536366000413366,40.75697299973325],[-81.536053000418917,40.757100000141769],[-81.535641999616871,40.757277999952343],[-81.534182000124943,40.757934000139549],[-81.534134000444382,40.757955000214942],[-81.533854999886799,40.758080999847607],[-81.533562999808737,40.758211999855043],[-81.53278700003203,40.758559999862499],[-81.532334000295506,40.758750999704311],[-81.532084000050233,40.758856000085352],[-81.53205999976079,40.758865999853775],[-81.531653000055016,40.759013000222581],[-81.531237000128399,40.759157000213129],[-81.530827000049584,40.759291999750893],[-81.530402999727059,40.759415999770191],[-81.529941999594612,40.759540999796982],[-81.529509999774461,40.759649000322156],[-81.529108000091568,40.759741999858861],[-81.528684999593949,40.759827999665809],[-81.528304999652363,40.759895999924936],[-81.527870000357481,40.759965999898924],[-81.52745600008069,40.760026000206722],[-81.526957000313416,40.760082999768592],[-81.526455000173087,40.760132999714074],[-81.525763000061943,40.760185000080121],[-81.523483000412369,40.76032800002654],[-81.516139999701764,40.760789999844569],[-81.515995999761728,40.760798999782644],[-81.515979999868193,40.760798999782644],[-81.512182000102044,40.76104599987513],[-81.510141999753685,40.761168000276385],[-81.509608999651206,40.761200000322205],[-81.508681000436823,40.761256000025192],[-81.508341999604809,40.761274999986618],[-81.507751999600927,40.761315000317332],[-81.506487999927572,40.761392999804379],[-81.505835000174514,40.761434000274448],[-81.503448000394798,40.761581999935245],[-81.499797000043429,40.761808999832013],[-81.495299999595147,40.762087999872101],[-81.494475000312946,40.762148999824831],[-81.49429899968753,40.762161999695969],[-81.493651999782244,40.762217999949307],[-81.493007000425095,40.762285000287555],[-81.492188000092355,40.762381000126446],[-81.491371000307751,40.762486999730797],[-81.490614999724215,40.762594000039321],[-81.489860999688787,40.762711000046039],[-81.486626999987266,40.763231000078733],[-81.485801999806753,40.763363999824961],[-81.480244999899611,40.764255000223883],[-81.476874999755651,40.764796999858063],[-81.476595000271473,40.764842999703909],[-81.473820999979168,40.765284999794396],[-81.473175999723708,40.765390000059547],[-81.472599000138629,40.765491000242257],[-81.472025999853173,40.765601999706973],[-81.471455999940773,40.765722000298801],[-81.470946000302845,40.765839999705648],[-81.470496999865958,40.765953000232798],[-81.469996000448845,40.766089999855573],[-81.469555000407894,40.766220999727345],[-81.469117999666565,40.766359999750414],[-81.468632000318067,40.766525000242261],[-81.468151000094139,40.766698000012866],[-81.467674999893077,40.766879999808502],[-81.467206000263005,40.767071000235546],[-81.466863000131355,40.767219999713781],[-81.466390000303321,40.767436000126736],[-81.465941999691367,40.767654000071019],[-81.465499999825482,40.767880000207015],[-81.465114000036095,40.768088000315245],[-81.46464000038317,40.768358000256612],[-81.463325999582779,40.769125999746066],[-81.461266000041235,40.770340000021463],[-81.459025999676314,40.771666000166306],[-81.457439999787695,40.772604000107769],[-81.455424999553657,40.773797000280865],[-81.454998999581321,40.774041000305189],[-81.454611999967028,40.774249000176049],[-81.454216999956813,40.774448999961024],[-81.453864999604306,40.774616000119615],[-81.453453999700571,40.774795999979268],[-81.453184000262141,40.774906000220355],[-81.453036000124143,40.774965999965914],[-81.452662999855249,40.775106000068398],[-81.452284999563474,40.775236999853391],[-81.451902000147129,40.775358000053672],[-81.45151499963454,40.775471000041719],[-81.451123999822272,40.775575999858333],[-81.450727999987166,40.775673000221708],[-81.450329999603895,40.775760999811723],[-81.449927999920988,40.775839000031127],[-81.449522000040133,40.775908000227318],[-81.449298999559048,40.77593899998655],[-81.449113999611129,40.775964999773421],[-81.448470999903805,40.776042999753308],[-81.446902999558517,40.776223999816082],[-81.442323000167875,40.776753000051471],[-81.435645999629116,40.777509000165594],[-81.433695999692432,40.777734000149792],[-81.43260100007349,40.777862000305575],[-81.427739999577128,40.778413000110703],[-81.427445999849255,40.778445999970081],[-81.427361000358744,40.778454000283887],[-81.426799999768889,40.778509999732968],[-81.42615200003867,40.778562999957614],[-81.425384999584466,40.778616000139962],[-81.424616000378776,40.778658000138932],[-81.423078999995639,40.778725000228022],[-81.421185999960343,40.778791000300522],[-81.419530999576423,40.778861000099631],[-81.419058999573309,40.778890999893775],[-81.418660000263458,40.778936000239838],[-81.418198000306106,40.778986000286253],[-81.418051999817919,40.779005999886138],[-81.417854000349521,40.779031999833158],[-81.417194999850366,40.779135000255835],[-81.416880000206092,40.779198000092215],[-81.416665000120929,40.779243000230252],[-81.41573899965806,40.77946300008859],[-81.414998999866356,40.779681999962833],[-81.414422000281263,40.779877000053823],[-81.413749000436709,40.780140000204781],[-81.413064999823192,40.78046500006505],[-81.413006000271949,40.780490000197688],[-81.412786999988839,40.780581999897556],[-81.412703000323262,40.780620000327843],[-81.412277000350912,40.780812999868644],[-81.412125999839859,40.780880999742415],[-81.412078999984189,40.780903999884053],[-81.411408999614366,40.781237000066106],[-81.410422999775349,40.781719000234311],[-81.410283000033274,40.781786999860778],[-81.408749999848098,40.782535999892566],[-81.40869499959652,40.782562999710578],[-81.408379999952245,40.782718999728907],[-81.40818999998146,40.782814000088152],[-81.407923000017746,40.782943999750927],[-81.407430000098259,40.783182000211333],[-81.40711499955566,40.783337000255557],[-81.406804000109361,40.783485000109344],[-81.406636999704787,40.783564999856232],[-81.406240000044747,40.783738000152731],[-81.405907999783722,40.783870999665403],[-81.40532000032799,40.784079000046688],[-81.404634999889552,40.784290000055663],[-81.404265999818605,40.784379000338753],[-81.404141000145131,40.784406999952282],[-81.404003000052867,40.78443899969043],[-81.403668000317126,40.784502999800679],[-81.403310999941738,40.784561999858305],[-81.402951000091633,40.784610000027889],[-81.402570000325127,40.784654999900354],[-81.402109000192667,40.784691000320514],[-81.401704999961623,40.784713999822948],[-81.401248000027138,40.784721000202268],[-81.400776000024038,40.784717999942622],[-81.400249999594251,40.784703000002786],[-81.399708999994175,40.784683999938025],[-81.399467000144853,40.784674999833904],[-81.398487999978542,40.784644999931324],[-81.398154999892597,40.784630999836153],[-81.396460000224039,40.78457699982998],[-81.396045999947248,40.78456099999611],[-81.394947000130358,40.784529000316738],[-81.394726000197409,40.784521000054369],[-81.394024000040531,40.784496000078576],[-81.393187000164446,40.784466999958816],[-81.393013999912085,40.784461000096627],[-81.392515000144797,40.78444799982654],[-81.39204899998947,40.784435000234154],[-81.391657000352311,40.784426000096232],[-81.391330000114166,40.784418999685812],[-81.39083600036976,40.784401999949282],[-81.390053999846955,40.784375000198658],[-81.389340999819396,40.784351000033276],[-81.389248999757896,40.784349000302512],[-81.38874300031793,40.784336999876139],[-81.388283000010389,40.784325999993484],[-81.388041999985973,40.784327999724944],[-81.387631000082223,40.78434299974947],[-81.387087000109105,40.784391999942159],[-81.386796999680868,40.784430000233257],[-81.386507999975876,40.784476000091118],[-81.386221999745601,40.784531999904729],[-81.386009000208603,40.784581999819814],[-81.385928000017728,40.784600999913749],[-81.385805999818999,40.784634999960829],[-81.385659000404203,40.784675999694393],[-81.385512000091111,40.784721000202268],[-81.385442999595838,40.784741999975381],[-81.385363999953114,40.784765999999514],[-81.385121000278872,40.784849999675451],[-81.384854000315187,40.784952999918559],[-81.384652999575422,40.785040000283395],[-81.384558000039178,40.785082000301429],[-81.384510000358603,40.785103999814481],[-81.384342999954029,40.785180000240295],[-81.384158999831001,40.785272000245648],[-81.383710000292439,40.785513999917313],[-81.382442000421136,40.78623899992585],[-81.382202000221611,40.786374000221358],[-81.382176000282357,40.786387000114424],[-81.381904000295776,40.786526999952407],[-81.381659000073398,40.786647000161651],[-81.381397999957485,40.786763000157826],[-81.381120999948052,40.786871999799487],[-81.380869999877888,40.786962999675303],[-81.380590000393724,40.787047999798006],[-81.380327999554581,40.787120999888536],[-81.380036000374844,40.787194999721322],[-81.379750000144597,40.787254999929701],[-81.37945899989144,40.787307000157071],[-81.379218999691929,40.787339999678593],[-81.378961999773978,40.787369999724056],[-81.378630000411292,40.787394000158748],[-81.378481000448375,40.787393000339193],[-81.378345000005922,40.787397000297453],[-81.377626000130604,40.787397000297453],[-81.376874999569935,40.787383999921978],[-81.376376999627553,40.787367000264247],[-81.373968000106558,40.787304999835193],[-81.373454000270655,40.787289999799455],[-81.372111000056279,40.78725199978453],[-81.371546999991679,40.78724099970453],[-81.371076999638376,40.78724200020654],[-81.370701999719657,40.787254999929701],[-81.370396000296225,40.787272000296269],[-81.370062000385374,40.787301999692289],[-81.369823000010783,40.787330000113862],[-81.36956299971979,40.787369999724056],[-81.369234999656726,40.787433999730347],[-81.36921399974031,40.787437999686198],[-81.368918000362626,40.787502000307114],[-81.368499000062968,40.787612999728665],[-81.368114000098501,40.787721000201017],[-81.366412999683831,40.788192000321011],[-81.366153000291149,40.788252000308681],[-81.36577900019735,40.788337999947082],[-81.365497000165036,40.788390999811099],[-81.365050000276284,40.788456999800822],[-81.364681000205351,40.788490999914181],[-81.364538000090207,40.788498999698291],[-81.364336000423833,40.788510000250007],[-81.364021999706168,40.788518000031836],[-81.363641999764582,40.78852000031722],[-81.361566000329503,40.788458000284514],[-81.360201000373806,40.788417000165275],[-81.359228999880202,40.788383000013972],[-81.35790099973444,40.788338999752419],[-81.356936999636744,40.788306999852978],[-81.356615000319792,40.788299999851702],[-81.356518000235397,40.788296999753754],[-81.355334999854605,40.78827000022639],[-81.355067999890892,40.788259000315016],[-81.354939999844376,40.788253999921913],[-81.354152000372082,40.788224000275818],[-81.353539999728582,40.788200000141103],[-81.352225999826516,40.78814899974104],[-81.351020999704417,40.788114000323979],[-81.350506999868514,40.788090999958619],[-81.349819999780252,40.788059999749201],[-81.349615999565756,40.788055999830824],[-81.349479000196723,40.788052999721849],[-81.349348999602071,40.788050000292877],[-81.349288000401017,40.788048999803095],[-81.348496999657371,40.788032000315539],[-81.348243000112461,40.788023999795065],[-81.347567999719757,40.78800299969943],[-81.347414999558879,40.787994000045053],[-81.347155000166197,40.787979999975725],[-81.34628499977984,40.787907999961142],[-81.345997999724673,40.787878999971049],[-81.345671000384826,40.787845000224443],[-81.345336999575679,40.787802999913332],[-81.344869999595431,40.787736000139361],[-81.344832999785524,40.787729999892399],[-81.34440699981316,40.787659000102487],[-81.343945999680713,40.787573000264892],[-81.343660000348763,40.787514000161586],[-81.343487999921322,40.787477999911452],[-81.343032999636648,40.787373999683759],[-81.342526000371763,40.787246999995723],[-81.342280000324465,40.78718100016372],[-81.342023000406513,40.787111000290814],[-81.341523999740915,40.786965999833534],[-81.341085000248071,40.786828999725095],[-81.340599000001276,40.786661999662464],[-81.340064000248987,40.78646699976651],[-81.339844000140957,40.786383000095277],[-81.339066999641005,40.786086000211448],[-81.338336000070143,40.785808000108354],[-81.337322999568627,40.785422000247216],[-81.336939000327405,40.785276000331713],[-81.336720000044281,40.785195999925101],[-81.336458999928368,40.785099999718057],[-81.335972999681573,40.784933999925329],[-81.335535000013664,40.784796999706053],[-81.335185000209293,40.784694999761385],[-81.334981999819689,40.784635999821916],[-81.334423999602862,40.784483999678706],[-81.334030000315877,40.784386999938022],[-81.333575999856123,40.784285999910217],[-81.333424000418475,40.784254999965157],[-81.333061000195315,40.784181000257227],[-81.332600999887774,40.784094999996682],[-81.332138000105502,40.784020000240133],[-81.331671999950174,40.783953000050431],[-81.331262999696264,40.783902999661812],[-81.330794000066206,40.783854999661386],[-81.330264000336783,40.78380999992708],[-81.32987699982418,40.78378499968364],[-81.329674000332901,40.783771999961424],[-81.32920099960657,40.783751999755999],[-81.327717999650105,40.783719999686838]]},"properties":{"BASENAME":"30","MTFCC":"S1100","NAME":"US Hwy 30","OBJECTID":7284,"OID":"1108296492373","PREDIR":null,"PREDIRABRV":null,"PREQUAL":null,"PREQUALABRV":null,"PRETYP":640,"PRETYPEABRV":"US Hwy","RTTYP":"U","SUFDIR":null,"SUFDIRABRV":null,"SUFQUAL":null,"SUFQUALABRV":null,"SUFTYP":null,"SUFTYPEABRV":null}},{"type":"Feature","id":7424,"geometry":{"type":"LineString","coordinates":[[-81.320476999945072,40.784684999798372],[-81.320629000281031,40.784683999938025],[-81.320698999702913,40.784677000234993],[-81.320931000404812,40.784639999946286],[-81.322999000342293,40.784251999684464],[-81.323575000102466,40.784150000263161],[-81.323924000081931,40.784096999735098],[-81.324273999886302,40.784052000164749],[-81.324452000161529,40.784035000334278],[-81.324567999614175,40.784023999721413],[-81.32480399961571,40.784006999883772],[-81.325099000066814,40.783994000205013],[-81.325386000121995,40.783988000300091],[-81.325995000392467,40.783974000066436],[-81.328056999583822,40.783958000087239],[-81.329004999787998,40.783975999808483],[-81.329538999715396,40.783994000205013],[-81.329706000119955,40.784002999721274],[-81.32989400044093,40.784014000337557],[-81.33036600044403,40.784048999874933],[-81.33101400017425,40.784109000204893],[-81.331424000253051,40.784155000285132],[-81.331834000331881,40.784209999821677],[-81.332355999665396,40.784291999788209],[-81.332877000072301,40.784383999663298],[-81.333335999656612,40.784473999683982],[-81.333395999931071,40.784486999948925],[-81.333791999766191,40.784572999701872],[-81.334302000302429,40.784693999901187],[-81.334750999841006,40.784809999907779],[-81.335140000003449,40.784919999891073],[-81.335580000219494,40.785056000001873],[-81.336068999941034,40.785218000080526],[-81.336494999913384,40.785368000204066],[-81.336552999639693,40.785388999772593],[-81.337283000283989,40.785663000206874],[-81.33829400023734,40.786048000187755],[-81.33894000031772,40.786293999777072],[-81.339684000307386,40.786571999886235],[-81.339824000049475,40.786622000305975],[-81.34021999988461,40.786763000157826],[-81.340870000162923,40.78698099994245],[-81.341307999830846,40.787119000241177],[-81.341693999620219,40.787232999768918],[-81.342085000330798,40.787338000037835],[-81.34253499969428,40.78745000023239],[-81.342989000154034,40.787552000026636],[-81.343503999814828,40.78765800028691],[-81.3436350002344,40.787681999937362],[-81.343964000122384,40.787744000014428],[-81.344197999575798,40.787784000055368],[-81.344426000079736,40.78782199976586],[-81.344795999975602,40.787875999854066],[-81.345182999589881,40.787935000315848],[-81.345499999782291,40.787972999939939],[-81.345731999585894,40.787994000045053],[-81.346003999572446,40.788022000174898],[-81.346531999652044,40.788069000074792],[-81.346846000369723,40.788090999958619],[-81.347063000104697,40.788105999813375],[-81.347771999934267,40.788140000106452],[-81.348253000158209,40.788157000246457],[-81.349172999874952,40.788189000218175],[-81.34941899992225,40.788197999846076],[-81.349548999618605,40.788200999948515],[-81.349618999938798,40.788201999755906],[-81.35008199972107,40.788211999869496],[-81.350489000325155,40.788221000174431],[-81.351854000280866,40.788266000320661],[-81.353512999964423,40.788320999853411],[-81.354532000313682,40.788354000231315],[-81.354918000103069,40.788366999736738],[-81.355174000196101,40.788376000020712],[-81.356714000053984,40.788428000050423],[-81.356807999765294,40.788431000142467],[-81.356899999826823,40.788434000234368],[-81.357456000393839,40.788460999695054],[-81.357893000236828,40.788476999949644],[-81.358484999890536,40.78849799989537],[-81.359222000207509,40.78852000031722],[-81.360184999581975,40.788553999718175],[-81.361058000341387,40.788579000206816],[-81.361372999985662,40.788590000065135],[-81.362303999573072,40.78862300030935],[-81.363242999556405,40.788651999974597],[-81.363678999574518,40.788659999739302],[-81.363881000139173,40.788659999739302],[-81.364019000231451,40.788659999739302],[-81.364374999883609,40.788654000255939],[-81.364682999855162,40.78863499996131],[-81.364913000008926,40.788614000058899],[-81.364976999583035,40.788607999891227],[-81.365265000361447,40.788573999837773],[-81.3655580002644,40.788529999702725],[-81.365832999725697,40.788477999752885],[-81.366246000177568,40.788383000013972],[-81.366461000262746,40.788330999949032],[-81.366922000395178,40.788207000152966],[-81.367343000344647,40.788084999743674],[-81.367704999844591,40.787977999674091],[-81.368401999978587,40.787784000055368],[-81.36908900006685,40.787611000096128],[-81.369120000028985,40.787604000021432],[-81.369431000373609,40.787538999681459],[-81.369705999834906,40.787489999770258],[-81.370012000156663,40.787447000096037],[-81.370336999846671,40.78741499976681],[-81.370597999962598,40.787398999936443],[-81.37087099977407,40.787387999880835],[-81.371173999722757,40.787380999782641],[-81.371797000236924,40.787387000061187],[-81.372896999878733,40.78741499976681],[-81.373461999768267,40.787429999774268],[-81.373892999763484,40.787440999822962],[-81.376749999896475,40.787521000245761],[-81.377459999550936,40.787537000046683],[-81.377633999628216,40.787540000178979],[-81.377759000200015,40.787540000178979],[-81.378048999729899,40.787538999681459],[-81.37840399955715,40.787532000279334],[-81.378606000121835,40.787521000245761],[-81.378904999872589,40.78749999999107],[-81.379085999622546,40.787481999864639],[-81.379566999846489,40.787418999723798],[-81.379859999749428,40.7873680000842],[-81.380144000329878,40.787304000014295],[-81.380222999972602,40.787282999690973],[-81.380439999707576,40.787221999685762],[-81.380653999967834,40.787162000127786],[-81.380926999779291,40.787073000173464],[-81.381198999765857,40.786979000290891],[-81.381457000407039,40.786878000124027],[-81.381715999974816,40.786763999986874],[-81.381966000220075,40.786643000158158],[-81.382165000411703,40.786541000328064],[-81.382224999787837,40.786510000075289],[-81.382300000130897,40.786470999780548],[-81.382413999933718,40.786407000206509],[-81.382753999692355,40.786218999783166],[-81.383731000208826,40.785656999772563],[-81.383784999737202,40.785625999787264],[-81.38418800014334,40.785411999713538],[-81.38446900035072,40.785270999713958],[-81.384583000153526,40.785218000080526],[-81.384635999856982,40.78519299968692],[-81.384731000291552,40.785149999885689],[-81.384962000270221,40.785051999902606],[-81.385260000196055,40.784938999888269],[-81.385563999969676,40.784838999877763],[-81.385859000420766,40.784750000211119],[-81.385875000314272,40.784748999671557],[-81.386127000209356,40.784688000059511],[-81.386420999937243,40.784621999724799],[-81.386620000128858,40.784585000085599],[-81.386974000131204,40.784530000179409],[-81.387098999804664,40.784516999922829],[-81.387460000377999,40.78448100008854],[-81.387737000387432,40.784463999687688],[-81.388074999597919,40.784451999962229],[-81.388735999746913,40.784458999688987],[-81.389192999681413,40.784473999683982],[-81.390032000105634,40.784501999937604],[-81.390818999753009,40.784527999773857],[-81.391626000390175,40.784555000142419],[-81.392074999928738,40.784570000115728],[-81.392489000205529,40.784584000223745],[-81.393131999912868,40.784605999901764],[-81.393593000045314,40.784620999863513],[-81.394019000017664,40.784635999821916],[-81.394718999626392,40.784659999884312],[-81.395415999760402,40.784683999938025],[-81.398481000305836,40.784786999758396],[-81.399329000052589,40.784815999738427],[-81.399704999796228,40.784827000220112],[-81.400647000152617,40.784853999786932],[-81.401120999805528,40.784860000293804],[-81.401426000302365,40.784857999898179],[-81.402060999613781,40.784836000303628],[-81.402416000339343,40.784812000304846],[-81.402679999929987,40.784786999758396],[-81.402768999618431,40.784779000207308],[-81.403351000124715,40.784698000022068],[-81.40370000010418,40.784641999668288],[-81.404317999697142,40.784506999933065],[-81.404475999880901,40.784472999820458],[-81.404839999928967,40.784381999933522],[-81.405200999603977,40.784264999992914],[-81.405682999652825,40.78410800033587],[-81.405715000338191,40.78409800028448],[-81.406086000058963,40.783958000087239],[-81.406239000219827,40.783895000004236],[-81.40650000033574,40.783787000111587],[-81.40680499993428,40.783650000246951],[-81.406977000361721,40.783573000233751],[-81.407179999853,40.783474999964191],[-81.407473999580873,40.783333000052707],[-81.407512000114025,40.783315000157195],[-81.407739999719652,40.783202999790909],[-81.407954999804801,40.783096999901922],[-81.408367000431753,40.782893999963058],[-81.408773000312635,40.782695000325475],[-81.409267999881962,40.782451000116779],[-81.409458999677668,40.782360000180233],[-81.409606999815665,40.782290999883593],[-81.410228999606602,40.781986000178264],[-81.410307000322732,40.781947999849187],[-81.410514999836863,40.781844999707232],[-81.411025000373115,40.781595000336111],[-81.411391000071021,40.781420999989848],[-81.411755000119072,40.781247999780135],[-81.41207999980908,40.781085000306554],[-81.412597999842959,40.780825000251568],[-81.412668999988071,40.780788999776519],[-81.41272699971438,40.780760000078814],[-81.412786000163933,40.780729999768312],[-81.412901999616579,40.780672000308684],[-81.413219999633881,40.780512999794482],[-81.41365700037521,40.78032700022446],[-81.414197000150381,40.780115999869544],[-81.414813000093517,40.779901999727592],[-81.415382000181012,40.7797400002869],[-81.41572299976454,40.779649000037296],[-81.416352000126466,40.779502999675344],[-81.416793000167445,40.779408999962023],[-81.41688799970369,40.779392000303602],[-81.417537999982017,40.77927499973547],[-81.418039000297441,40.779211999972162],[-81.418456000048963,40.77916499992623],[-81.418758999997664,40.779143999750225],[-81.419026999786254,40.779122000303758],[-81.419441000063046,40.77910100011416],[-81.422694000031171,40.77897500019764],[-81.423935999963206,40.778930999824972],[-81.424704000242315,40.778897000259121],[-81.425294000246183,40.77886000015161],[-81.426177000153046,40.778793000198633],[-81.427347000115049,40.778686000123479],[-81.427758000018784,40.778645000093498],[-81.429344999732336,40.778470000228467],[-81.433746999746049,40.777961999936871],[-81.434672000384012,40.777854999883587],[-81.436079000172484,40.777698000040274],[-81.438711999999484,40.777393000332523],[-81.445561999892277,40.776613000018436],[-81.446673000303065,40.77647900027408],[-81.446890000038039,40.776455999960817],[-81.447848000287962,40.776355000117597],[-81.448550000444826,40.776272999875992],[-81.448902999723941,40.776225999791464],[-81.449132000052799,40.776196000154286],[-81.449378000100083,40.776158999902904],[-81.449595999659962,40.776126000267986],[-81.450115000417057,40.776037999800955],[-81.450516000275059,40.775958999823509],[-81.450912999935085,40.775869999822504],[-81.451306000295475,40.775771999752266],[-81.451752000359306,40.775651000306013],[-81.452137000323759,40.775535999947749],[-81.452518000090294,40.775413000071858],[-81.452893000008999,40.77528099995174],[-81.453104999721106,40.775199999748182],[-81.453262999904879,40.775140000214002],[-81.453627999777851,40.774990000121036],[-81.454037000031761,40.77481000010669],[-81.454389000384253,40.774643999767008],[-81.454734000165772,40.774471000274801],[-81.455073000099475,40.77428900018122],[-81.455452000216155,40.774074000295464],[-81.457490000016406,40.772870999953128],[-81.459198000103768,40.771863000083393],[-81.464571999712803,40.768692000157905],[-81.465138000325538,40.768365999744283],[-81.465570999970581,40.768129000056966],[-81.465961999782834,40.767924999847345],[-81.466410000394816,40.767704999879868],[-81.4668460004129,40.767500000290617],[-81.467274000035076,40.767312000101491],[-81.467689999961678,40.767138999888175],[-81.468165000337848,40.766953999739862],[-81.468591000310184,40.766796999989694],[-81.469076999658668,40.766629999908979],[-81.469568999753278,40.766473000073745],[-81.470065000045807,40.766324000281358],[-81.470564999638015,40.766184000044234],[-81.471014000074888,40.766068000168573],[-81.471522999887924,40.765945999916731],[-81.472035999898907,40.765834999665863],[-81.472495000381542,40.765745000245779],[-81.473014000240312,40.765652999729831],[-81.474094999615559,40.765481000109787],[-81.474694999665189,40.765387000287504],[-81.476721999594787,40.765058999678232],[-81.476867000258025,40.765035000018131],[-81.479735000261684,40.764580000230062],[-81.480358999702432,40.764477999859125],[-81.481818000267765,40.764239000257909],[-81.48326699988904,40.764011999815182],[-81.486110999603213,40.763552000296315],[-81.486613999568476,40.763471000082433],[-81.490738999572784,40.762812999726798],[-81.491378999805363,40.762719999724006],[-81.492022000410998,40.762637000152978],[-81.492725000392795,40.762557999891186],[-81.49378099965368,40.762448999815064],[-81.494503999726945,40.762385999745739],[-81.495252999739492,40.762330000314364],[-81.503099000415347,40.761838000317489],[-81.503453000417664,40.761815999903398],[-81.505820000105885,40.761668000083269],[-81.506463999638129,40.761627999964929],[-81.508815000331126,40.761479999726177],[-81.510433000006799,40.761373999876731],[-81.511473000272474,40.76129900032403],[-81.512398999837032,40.761244000190018],[-81.513219999819597,40.761196000147223],[-81.515929999639482,40.761022000126793],[-81.515979000043288,40.761032000249806],[-81.516030999921824,40.761028000064663],[-81.516128000006205,40.761022000126793],[-81.51622099989261,40.761016000188334],[-81.51853800025043,40.760866999728869],[-81.523324000403719,40.760568000306293],[-81.524439000114143,40.760500000054186],[-81.526266999852112,40.760380000240083],[-81.526738000030306,40.760341000253888],[-81.527148000109136,40.760299999790057],[-81.527615000089355,40.760242999733876],[-81.528082000069588,40.760173000051601],[-81.528482999927576,40.760105000075839],[-81.528999000311615,40.760006000336936],[-81.529453999697964,40.75990800000347],[-81.529905999609596,40.759798999664199],[-81.530297000320147,40.759695999884748],[-81.530794000437638,40.759552999939601],[-81.531232000105547,40.759415999770191],[-81.531611000222213,40.759288000141488],[-81.532038000019483,40.759134000027672],[-81.532176000111747,40.759079999708874],[-81.532431000379873,40.758980999804294],[-81.532822000192127,40.758819999953921],[-81.53333500020311,40.75859499988173],[-81.533758999627324,40.758404000272144],[-81.534080999842615,40.758258999753245],[-81.534352000004262,40.75813700013687],[-81.53562300024862,40.757558000226645],[-81.536188999963045,40.757312999966082],[-81.536450999903863,40.757207000276161],[-81.536769999746099,40.757086999961096],[-81.537092999786282,40.756974000010665],[-81.537365999597753,40.756887000315459],[-81.53769899968367,40.756791000026844],[-81.538035999967576,40.756704000092142],[-81.538375999726213,40.756625000263952],[-81.538719999682783,40.756555999777362],[-81.539067000012423,40.756497000024368],[-81.539416999816794,40.756447000065833],[-81.539768000344381,40.756405000316626],[-81.540120999623483,40.756371999717338],[-81.540416999899506,40.756352999715418],[-81.540771999726744,40.756338999782137],[-81.541128000277197,40.756333999708076],[-81.541483999929341,40.756338999782137],[-81.541838999756592,40.756352999715418],[-81.54219399958383,40.756374999896202],[-81.542546999761257,40.756407000208071],[-81.542899000113749,40.756448999956064],[-81.543248000093229,40.75650000019759],[-81.54359500042284,40.756560000231573],[-81.543937999656208,40.756630000316179],[-81.544279000138047,40.75670999973935],[-81.544614999698723,40.756796999666186],[-81.545003999861152,40.756908000041129],[-81.545443000252277,40.757044000339818],[-81.546489000365753,40.757381000076151],[-81.548265000225172,40.7579529996896],[-81.551004000357381,40.75883599986355],[-81.556781000372553,40.760696999732872],[-81.557384999721819,40.760882999826208],[-81.558192000358986,40.761115999998864],[-81.558881000097074,40.761308999724939],[-81.5596080003683,40.761502000251468],[-81.560225999961247,40.761656000322475],[-81.56528199955298,40.762856999887617],[-81.574126999588316,40.764958999676594],[-81.57443799993294,40.765037000330324],[-81.574745999904508,40.76511400005721],[-81.575192999793259,40.765235000322576],[-81.575459999756958,40.765314000123965],[-81.575580000305862,40.765348999988689],[-81.575962999722194,40.765470999975761],[-81.576341000013969,40.765600000092114],[-81.576715000107768,40.765736999762211],[-81.577083000353809,40.765882999760322],[-81.57749699973229,40.766058000122925],[-81.5779059999862,40.766240999768129],[-81.578256999615462,40.766409999736538],[-81.578500000188043,40.766535000217644],[-81.578649000150946,40.766612000250049],[-81.578987000259758,40.766794999730465],[-81.579316999972633,40.766985999721449],[-81.579686000043566,40.767213000211505],[-81.580091000099529,40.767476000151341],[-81.58093100034867,40.768045999757092],[-81.581591999599354,40.768501000307865],[-81.584189000339649,40.770291999744714],[-81.585153000437344,40.770939000148445],[-81.58564399980871,40.771241000044633],[-81.585846000373365,40.771359999917294],[-81.58618000028423,40.771546000103228],[-81.586520000042839,40.771726000116558],[-81.586867000372479,40.771896999847662],[-81.587272000428442,40.772083999940968],[-81.587683000332177,40.772261999762804],[-81.588100999908619,40.772432000110555],[-81.588470999804457,40.772572000110365],[-81.588847000446407,40.772704000170435],[-81.589389999696294,40.772882999729909],[-81.59030500028851,40.773171999878272],[-81.591007000445387,40.773399999675533],[-81.591953999926332,40.773720999755668],[-81.592749999794549,40.774011999702417],[-81.5933809998063,40.774250000193476],[-81.594104999704484,40.774537999824844],[-81.595293000108171,40.775031999691407],[-81.595678999897544,40.775198999745051],[-81.596244999611969,40.775458000052886],[-81.596889000042538,40.775759999816991],[-81.597434999665481,40.776025999913777],[-81.598182000028203,40.77640100012583],[-81.599009999683446,40.776838000316332],[-81.603548999964531,40.779293000045591],[-81.60581500026872,40.780518000090261],[-81.609763999647583,40.782654000049199],[-81.611069000227161,40.783363999747912],[-81.612364999687557,40.784064999832161],[-81.616524000027042,40.786314999733015],[-81.617026000167357,40.786575000062129],[-81.617555999896794,40.786838000217486],[-81.618056000387284,40.787077999975324],[-81.618511999598553,40.787287000336022],[-81.619024999609536,40.787508999712401],[-81.619494999962825,40.787703000134499],[-81.620022000217503,40.787907999961142],[-81.620607000198504,40.78812500025937],[-81.621217000293896,40.788337999947082],[-81.621707999665261,40.78849799989537],[-81.622203000132899,40.788649999693192],[-81.622265999882089,40.788668999983521],[-81.623315000368592,40.788975000080356],[-81.623522999882752,40.789035999835527],[-81.627303000105542,40.790125000083236],[-81.629709000151806,40.790823000230844],[-81.631839000013571,40.791436000004154],[-81.641286999573254,40.794172000257547],[-81.642100000058207,40.794416000247011],[-81.642706999780529,40.794608999820845],[-81.643327999746546,40.794814999797097],[-81.644228000270147,40.79513099988506],[-81.647420999963785,40.796289999928852],[-81.648175999824105,40.796558000137388]]},"properties":{"BASENAME":"30","MTFCC":"S1100","NAME":"US Hwy 30","OBJECTID":7424,"OID":"1108296488869","PREDIR":null,"PREDIRABRV":null,"PREQUAL":null,"PREQUALABRV":null,"PRETYP":640,"PRETYPEABRV":"US Hwy","RTTYP":"U","SUFDIR":null,"SUFDIRABRV":null,"SUFQUAL":null,"SUFQUALABRV":null,"SUFTYP":null,"SUFTYPEABRV":null}},{"type":"Feature","id":9955,"geometry":{"type":"LineString","coordinates":[[-81.395071999803818,40.829155000278504],[-81.394465000081496,40.829394000107683],[-81.393643000274025,40.829725999868636],[-81.3934089999223,40.829821000251854],[-81.392984999599761,40.829983999697973],[-81.392663000282795,40.830100000089672],[-81.39241399986247,40.830181999787129],[-81.392125000157463,40.830269000010126],[-81.391827000231629,40.830343000000525],[-81.391754000436691,40.830357999823178],[-81.39148499992487,40.830411999972306],[-81.391196000219864,40.830463999696754],[-81.391142999618111,40.830471000009467],[-81.39090400014183,40.830504999672918],[-81.390608999690713,40.830537000299877],[-81.390313000313014,40.83055899970234],[-81.390017000037005,40.8305719997784],[-81.389719000111171,40.830574000155842],[-81.389422000010271,40.830567999702986],[-81.389125999734262,40.830552000078633],[-81.388712000355781,40.830517999759564],[-81.388060000427615,40.830457000062978],[-81.387738000212352,40.830430999863275],[-81.387366999593269,40.830407000035912],[-81.387010999941126,40.830370000086695],[-81.386232999616269,40.830282999996264],[-81.385762000336371,40.830240000175031],[-81.384595999674005,40.830129999841574],[-81.384480000221373,40.830119000070034],[-81.380838000090833,40.82977499986864],[-81.376363000282169,40.829345999693551],[-81.374714999570955,40.829192000225959],[-81.37299800016109,40.829025000023918],[-81.372358999753388,40.828966999932703],[-81.371618999961683,40.828900000244666]]},"properties":{"BASENAME":"62","MTFCC":"S1100","NAME":"US Hwy 62","OBJECTID":9955,"OID":"1108296491789","PREDIR":null,"PREDIRABRV":null,"PREQUAL":null,"PREQUALABRV":null,"PRETYP":640,"PRETYPEABRV":"US Hwy","RTTYP":"U","SUFDIR":null,"SUFDIRABRV":null,"SUFQUAL":null,"SUFQUALABRV":null,"SUFTYP":null,"SUFTYPEABRV":null}},{"type":"Feature","id":9956,"geometry":{"type":"LineString","coordinates":[[-81.370909000307208,40.82901599981389],[-81.371415999572108,40.829063999787188],[-81.372350000430885,40.829152999858252],[-81.374426999690868,40.829349999842677],[-81.381028999886539,40.829977000013521],[-81.384772000299421,40.830337000206477],[-81.385516000289087,40.830408999738616],[-81.386261999928578,40.830471000009467],[-81.387113999873293,40.830569000231613],[-81.387282000102772,40.83058700022891],[-81.38745199998209,40.830596000225754],[-81.387857000038039,40.830627000281005],[-81.388688000066352,40.830704999939293],[-81.389171999764997,40.830735000097143],[-81.389682000301264,40.830756000267506],[-81.390066000440811,40.830757999959737],[-81.390467000298827,40.830736999789963],[-81.390752999630749,40.830714999766833],[-81.390828999798742,40.830705999786133],[-81.390997999853155,40.830686999973977],[-81.391126999724577,40.830667000308907],[-81.391443999916987,40.830619000136572],[-81.391700000010019,40.830570000080556],[-81.391797999919305,40.830548000002018],[-81.391886999607763,40.830526999765723],[-81.391929000338877,40.830517999759564],[-81.392331999846689,40.830408999738616],[-81.392387999923187,40.830393999927509],[-81.392607000206311,40.830325999789608],[-81.392752999796173,40.830274999810328],[-81.392767000039882,40.830270999717001],[-81.393116000019333,40.830143000001691],[-81.393685000106814,40.829919000075279],[-81.393989999705354,40.829793999942183]]},"properties":{"BASENAME":"62","MTFCC":"S1100","NAME":"US Hwy 62","OBJECTID":9956,"OID":"1108296491800","PREDIR":null,"PREDIRABRV":null,"PREQUAL":null,"PREQUALABRV":null,"PRETYP":640,"PRETYPEABRV":"US Hwy","RTTYP":"U","SUFDIR":null,"SUFDIRABRV":null,"SUFQUAL":null,"SUFQUALABRV":null,"SUFTYP":null,"SUFTYPEABRV":null}},{"type":"Feature","id":10368,"geometry":{"type":"LineString","coordinates":[[-81.397229000328068,40.828473000287225],[-81.397210999886397,40.828301000218367],[-81.397096000258657,40.827372000314767],[-81.396777000416435,40.824471000048668],[-81.396774000043393,40.824449999927161],[-81.396769000020512,40.824406999722328],[-81.396636999776049,40.8232890002459],[-81.396578000224807,40.822755999718566],[-81.39657099965379,40.822692999744305],[-81.396379999858084,40.820954999809089],[-81.39636999981235,40.820822999803326],[-81.396368000162525,40.8207999998939],[-81.39635399991883,40.820594999669076],[-81.396341000398337,40.820234000289652],[-81.396339999675135,40.819828999841221],[-81.39635300009391,40.819378000201887],[-81.396379999858084,40.818972999965602],[-81.396415000018209,40.818613999974986],[-81.396466000071825,40.818209999868174],[-81.396517000125442,40.81788599988257],[-81.396599000141208,40.817449999972673],[-81.396705000446417,40.816961999843301],[-81.39693700025002,40.815950999994456],[-81.397337000283088,40.81421099998046],[-81.39764500025467,40.812788999778341],[-81.397712000201821,40.812433000003693],[-81.39775999988241,40.812119999718128],[-81.397795999867412,40.811806999995675],[-81.397817999608719,40.811468000001362],[-81.397826999829562,40.811133000202787],[-81.39781900033195,40.810727999943467],[-81.397804000263335,40.810322999931763],[-81.397661999973096,40.808756999745455],[-81.397624000338283,40.80745100017203],[-81.397605999896598,40.807058000279461],[-81.397617999592171,40.806611000333923],[-81.39764400042975,40.806024000187399],[-81.39769499958507,40.805639999987037],[-81.398050000310619,40.803631000136654],[-81.398098999816099,40.803241000164597],[-81.398111000409997,40.802827000333409],[-81.398050000310619,40.802486000157337],[-81.398026000021176,40.802339999681941],[-81.397922000264117,40.802094999978941],[-81.397721000422635,40.801642999860526],[-81.397456999933681,40.801252999766959],[-81.397142000289406,40.800925999726964],[-81.3968879998462,40.800722000271023],[-81.39671700014199,40.800584999984437],[-81.39641699966802,40.800385000016369],[-81.396388000254021,40.800368000287108],[-81.396331000352603,40.800334999760146],[-81.396066000038729,40.800187000059601],[-81.395954999710654,40.800125000040957],[-81.395768000112909,40.800026999717971],[-81.39485500006883,40.799553000318397],[-81.393938999651724,40.799077000286935],[-81.393229999822154,40.79871000017237],[-81.392447000372741,40.798305000259113],[-81.392212000196096,40.798171999733505],[-81.391982999867238,40.798025999969532],[-81.391807000140147,40.797903999920401],[-81.391638000085749,40.797776000307962],[-81.391477000427244,40.797641999737294],[-81.391285999733228,40.797467999952687],[-81.391140999968286,40.797324000020573],[-81.391003999700942,40.797175000054779],[-81.390875999654412,40.797021999696227],[-81.390832000171798,40.796964999859235],[-81.390756000003819,40.796865000277435],[-81.390646000398959,40.796703999729772],[-81.390576999903658,40.796588999779566],[-81.390521999652094,40.79649800017453],[-81.390386999932872,40.796246999832732],[-81.389076000403861,40.793596999706992],[-81.388532000430729,40.792489999825641],[-81.387775999847179,40.790967999747366],[-81.386943000169055,40.789290000287465],[-81.386353000165172,40.788101000088872],[-81.386185999760585,40.78776399969783],[-81.385912999949127,40.787247999817481],[-81.385618000396335,40.786660000001277],[-81.385483999603721,40.786391999967989],[-81.385271999891614,40.785985000046793],[-81.384982000361703,40.78549500008463],[-81.384870000208707,40.785347999799079],[-81.384778999972113,40.785218999932837],[-81.384731000291552,40.785149999885689],[-81.384962000270221,40.785051999902606],[-81.385260000196055,40.784938999888269],[-81.385563999969676,40.784838999877763],[-81.385859000420766,40.784750000211119],[-81.385875000314272,40.784748999671557],[-81.386127000209356,40.784688000059511],[-81.386420999937243,40.784621999724799],[-81.386620000128858,40.784585000085599],[-81.386974000131204,40.784530000179409],[-81.387098999804664,40.784516999922829],[-81.387460000377999,40.78448100008854],[-81.387737000387432,40.784463999687688],[-81.388074999597919,40.784451999962229],[-81.388735999746913,40.784458999688987],[-81.389192999681413,40.784473999683982],[-81.390032000105634,40.784501999937604],[-81.390818999753009,40.784527999773857],[-81.391626000390175,40.784555000142419],[-81.392074999928738,40.784570000115728],[-81.392489000205529,40.784584000223745],[-81.393131999912868,40.784605999901764],[-81.393593000045314,40.784620999863513],[-81.394019000017664,40.784635999821916],[-81.394718999626392,40.784659999884312],[-81.395415999760402,40.784683999938025],[-81.398481000305836,40.784786999758396],[-81.399329000052589,40.784815999738427],[-81.399704999796228,40.784827000220112],[-81.400647000152617,40.784853999786932],[-81.401120999805528,40.784860000293804],[-81.401426000302365,40.784857999898179],[-81.402060999613781,40.784836000303628],[-81.402416000339343,40.784812000304846],[-81.402679999929987,40.784786999758396],[-81.402768999618431,40.784779000207308],[-81.403351000124715,40.784698000022068],[-81.40370000010418,40.784641999668288],[-81.404317999697142,40.784506999933065],[-81.404475999880901,40.784472999820458],[-81.404839999928967,40.784381999933522],[-81.405200999603977,40.784264999992914],[-81.405682999652825,40.78410800033587],[-81.405715000338191,40.78409800028448],[-81.406086000058963,40.783958000087239],[-81.406239000219827,40.783895000004236],[-81.40650000033574,40.783787000111587],[-81.40680499993428,40.783650000246951],[-81.406977000361721,40.783573000233751],[-81.407179999853,40.783474999964191],[-81.407473999580873,40.783333000052707],[-81.407512000114025,40.783315000157195],[-81.407739999719652,40.783202999790909],[-81.407954999804801,40.783096999901922],[-81.408367000431753,40.782893999963058],[-81.408773000312635,40.782695000325475],[-81.409267999881962,40.782451000116779],[-81.409458999677668,40.782360000180233],[-81.409606999815665,40.782290999883593],[-81.410228999606602,40.781986000178264],[-81.410307000322732,40.781947999849187],[-81.410514999836863,40.781844999707232],[-81.411025000373115,40.781595000336111],[-81.411391000071021,40.781420999989848],[-81.411755000119072,40.781247999780135],[-81.41207999980908,40.781085000306554],[-81.412597999842959,40.780825000251568],[-81.412668999988071,40.780788999776519],[-81.41272699971438,40.780760000078814],[-81.412786000163933,40.780729999768312],[-81.412901999616579,40.780672000308684],[-81.413219999633881,40.780512999794482],[-81.41365700037521,40.78032700022446],[-81.414197000150381,40.780115999869544],[-81.414813000093517,40.779901999727592],[-81.415382000181012,40.7797400002869],[-81.41572299976454,40.779649000037296],[-81.416352000126466,40.779502999675344],[-81.416793000167445,40.779408999962023],[-81.41688799970369,40.779392000303602],[-81.417537999982017,40.77927499973547],[-81.418039000297441,40.779211999972162],[-81.418456000048963,40.77916499992623],[-81.418758999997664,40.779143999750225],[-81.419026999786254,40.779122000303758],[-81.419441000063046,40.77910100011416],[-81.422694000031171,40.77897500019764],[-81.423935999963206,40.778930999824972],[-81.424704000242315,40.778897000259121],[-81.425294000246183,40.77886000015161],[-81.426177000153046,40.778793000198633],[-81.427347000115049,40.778686000123479],[-81.427758000018784,40.778645000093498],[-81.429344999732336,40.778470000228467],[-81.433746999746049,40.777961999936871],[-81.434672000384012,40.777854999883587],[-81.436079000172484,40.777698000040274],[-81.438711999999484,40.777393000332523],[-81.445561999892277,40.776613000018436],[-81.446673000303065,40.77647900027408],[-81.446890000038039,40.776455999960817],[-81.447848000287962,40.776355000117597],[-81.448550000444826,40.776272999875992],[-81.448902999723941,40.776225999791464],[-81.449132000052799,40.776196000154286],[-81.449378000100083,40.776158999902904],[-81.449595999659962,40.776126000267986],[-81.450115000417057,40.776037999800955],[-81.450516000275059,40.775958999823509],[-81.450912999935085,40.775869999822504],[-81.451306000295475,40.775771999752266],[-81.451752000359306,40.775651000306013],[-81.452137000323759,40.775535999947749],[-81.452518000090294,40.775413000071858],[-81.452893000008999,40.77528099995174],[-81.453104999721106,40.775199999748182],[-81.453262999904879,40.775140000214002],[-81.453627999777851,40.774990000121036],[-81.454037000031761,40.77481000010669],[-81.454389000384253,40.774643999767008],[-81.454734000165772,40.774471000274801],[-81.455073000099475,40.77428900018122],[-81.455452000216155,40.774074000295464],[-81.457490000016406,40.772870999953128],[-81.459198000103768,40.771863000083393],[-81.464571999712803,40.768692000157905],[-81.465138000325538,40.768365999744283],[-81.465570999970581,40.768129000056966],[-81.465961999782834,40.767924999847345],[-81.466410000394816,40.767704999879868],[-81.4668460004129,40.767500000290617],[-81.467274000035076,40.767312000101491],[-81.467689999961678,40.767138999888175],[-81.468165000337848,40.766953999739862],[-81.468591000310184,40.766796999989694],[-81.469076999658668,40.766629999908979],[-81.469568999753278,40.766473000073745],[-81.470065000045807,40.766324000281358],[-81.470564999638015,40.766184000044234],[-81.471014000074888,40.766068000168573],[-81.471522999887924,40.765945999916731],[-81.472035999898907,40.765834999665863],[-81.472495000381542,40.765745000245779],[-81.473014000240312,40.765652999729831],[-81.474094999615559,40.765481000109787],[-81.474694999665189,40.765387000287504],[-81.476721999594787,40.765058999678232],[-81.476867000258025,40.765035000018131],[-81.479735000261684,40.764580000230062],[-81.480358999702432,40.764477999859125],[-81.481818000267765,40.764239000257909],[-81.48326699988904,40.764011999815182],[-81.486110999603213,40.763552000296315],[-81.486613999568476,40.763471000082433],[-81.490738999572784,40.762812999726798],[-81.491378999805363,40.762719999724006],[-81.492022000410998,40.762637000152978],[-81.492725000392795,40.762557999891186],[-81.49378099965368,40.762448999815064],[-81.494503999726945,40.762385999745739],[-81.495252999739492,40.762330000314364],[-81.503099000415347,40.761838000317489],[-81.503453000417664,40.761815999903398],[-81.505820000105885,40.761668000083269],[-81.506463999638129,40.761627999964929],[-81.508815000331126,40.761479999726177],[-81.510433000006799,40.761373999876731],[-81.511473000272474,40.76129900032403],[-81.512398999837032,40.761244000190018],[-81.513219999819597,40.761196000147223],[-81.515929999639482,40.761022000126793],[-81.515979000043288,40.761032000249806],[-81.516030999921824,40.761028000064663],[-81.516128000006205,40.761022000126793]]},"properties":{"BASENAME":"62","MTFCC":"S1100","NAME":"US Hwy 62","OBJECTID":10368,"OID":"1108296491771","PREDIR":null,"PREDIRABRV":null,"PREQUAL":null,"PREQUALABRV":null,"PRETYP":640,"PRETYPEABRV":"US Hwy","RTTYP":"U","SUFDIR":null,"SUFDIRABRV":null,"SUFQUAL":null,"SUFQUALABRV":null,"SUFTYP":null,"SUFTYPEABRV":null}},{"type":"Feature","id":10369,"geometry":{"type":"LineString","coordinates":[[-81.515995999761728,40.760798999782644],[-81.515979999868193,40.760798999782644],[-81.512182000102044,40.76104599987513],[-81.510141999753685,40.761168000276385],[-81.509608999651206,40.761200000322205],[-81.508681000436823,40.761256000025192],[-81.508341999604809,40.761274999986618],[-81.507751999600927,40.761315000317332],[-81.506487999927572,40.761392999804379],[-81.505835000174514,40.761434000274448],[-81.503448000394798,40.761581999935245],[-81.499797000043429,40.761808999832013],[-81.495299999595147,40.762087999872101],[-81.494475000312946,40.762148999824831],[-81.49429899968753,40.762161999695969],[-81.493651999782244,40.762217999949307],[-81.493007000425095,40.762285000287555],[-81.492188000092355,40.762381000126446],[-81.491371000307751,40.762486999730797],[-81.490614999724215,40.762594000039321],[-81.489860999688787,40.762711000046039],[-81.486626999987266,40.763231000078733],[-81.485801999806753,40.763363999824961],[-81.480244999899611,40.764255000223883],[-81.476874999755651,40.764796999858063],[-81.476595000271473,40.764842999703909],[-81.473820999979168,40.765284999794396],[-81.473175999723708,40.765390000059547],[-81.472599000138629,40.765491000242257],[-81.472025999853173,40.765601999706973],[-81.471455999940773,40.765722000298801],[-81.470946000302845,40.765839999705648],[-81.470496999865958,40.765953000232798],[-81.469996000448845,40.766089999855573],[-81.469555000407894,40.766220999727345],[-81.469117999666565,40.766359999750414],[-81.468632000318067,40.766525000242261],[-81.468151000094139,40.766698000012866],[-81.467674999893077,40.766879999808502],[-81.467206000263005,40.767071000235546],[-81.466863000131355,40.767219999713781],[-81.466390000303321,40.767436000126736],[-81.465941999691367,40.767654000071019],[-81.465499999825482,40.767880000207015],[-81.465114000036095,40.768088000315245],[-81.46464000038317,40.768358000256612],[-81.463325999582779,40.769125999746066],[-81.461266000041235,40.770340000021463],[-81.459025999676314,40.771666000166306],[-81.457439999787695,40.772604000107769],[-81.455424999553657,40.773797000280865],[-81.454998999581321,40.774041000305189],[-81.454611999967028,40.774249000176049],[-81.454216999956813,40.774448999961024],[-81.453864999604306,40.774616000119615],[-81.453453999700571,40.774795999979268],[-81.453184000262141,40.774906000220355],[-81.453036000124143,40.774965999965914],[-81.452662999855249,40.775106000068398],[-81.452284999563474,40.775236999853391],[-81.451902000147129,40.775358000053672],[-81.45151499963454,40.775471000041719],[-81.451123999822272,40.775575999858333],[-81.450727999987166,40.775673000221708],[-81.450329999603895,40.775760999811723],[-81.449927999920988,40.775839000031127],[-81.449522000040133,40.775908000227318],[-81.449298999559048,40.77593899998655],[-81.449113999611129,40.775964999773421],[-81.448470999903805,40.776042999753308],[-81.446902999558517,40.776223999816082],[-81.442323000167875,40.776753000051471],[-81.435645999629116,40.777509000165594],[-81.433695999692432,40.777734000149792],[-81.43260100007349,40.777862000305575],[-81.427739999577128,40.778413000110703],[-81.427445999849255,40.778445999970081],[-81.427361000358744,40.778454000283887],[-81.426799999768889,40.778509999732968],[-81.42615200003867,40.778562999957614],[-81.425384999584466,40.778616000139962],[-81.424616000378776,40.778658000138932],[-81.423078999995639,40.778725000228022],[-81.421185999960343,40.778791000300522],[-81.419530999576423,40.778861000099631],[-81.419058999573309,40.778890999893775],[-81.418660000263458,40.778936000239838],[-81.418198000306106,40.778986000286253],[-81.418051999817919,40.779005999886138],[-81.417854000349521,40.779031999833158],[-81.417194999850366,40.779135000255835],[-81.416880000206092,40.779198000092215],[-81.416665000120929,40.779243000230252],[-81.41573899965806,40.77946300008859],[-81.414998999866356,40.779681999962833],[-81.414422000281263,40.779877000053823],[-81.413749000436709,40.780140000204781],[-81.413064999823192,40.78046500006505],[-81.413006000271949,40.780490000197688],[-81.412786999988839,40.780581999897556],[-81.412703000323262,40.780620000327843],[-81.412277000350912,40.780812999868644],[-81.412125999839859,40.780880999742415],[-81.412078999984189,40.780903999884053],[-81.411408999614366,40.781237000066106],[-81.410422999775349,40.781719000234311],[-81.410283000033274,40.781786999860778],[-81.408749999848098,40.782535999892566],[-81.40869499959652,40.782562999710578],[-81.408379999952245,40.782718999728907],[-81.40818999998146,40.782814000088152],[-81.407923000017746,40.782943999750927],[-81.407430000098259,40.783182000211333],[-81.40711499955566,40.783337000255557],[-81.406804000109361,40.783485000109344],[-81.406636999704787,40.783564999856232],[-81.406240000044747,40.783738000152731],[-81.405907999783722,40.783870999665403],[-81.40532000032799,40.784079000046688],[-81.404634999889552,40.784290000055663],[-81.404265999818605,40.784379000338753],[-81.404141000145131,40.784406999952282],[-81.404003000052867,40.78443899969043],[-81.403668000317126,40.784502999800679],[-81.403310999941738,40.784561999858305],[-81.402951000091633,40.784610000027889],[-81.402570000325127,40.784654999900354],[-81.402109000192667,40.784691000320514],[-81.401704999961623,40.784713999822948],[-81.401248000027138,40.784721000202268],[-81.400776000024038,40.784717999942622],[-81.400249999594251,40.784703000002786],[-81.399708999994175,40.784683999938025],[-81.399467000144853,40.784674999833904],[-81.398487999978542,40.784644999931324],[-81.398154999892597,40.784630999836153],[-81.396460000224039,40.78457699982998],[-81.396045999947248,40.78456099999611],[-81.394947000130358,40.784529000316738],[-81.394726000197409,40.784521000054369],[-81.394024000040531,40.784496000078576],[-81.393187000164446,40.784466999958816],[-81.393013999912085,40.784461000096627],[-81.392515000144797,40.78444799982654],[-81.39204899998947,40.784435000234154],[-81.391657000352311,40.784426000096232],[-81.391330000114166,40.784418999685812],[-81.39083600036976,40.784401999949282],[-81.390053999846955,40.784375000198658],[-81.389340999819396,40.784351000033276],[-81.389248999757896,40.784349000302512],[-81.38874300031793,40.784336999876139],[-81.388283000010389,40.784325999993484],[-81.388041999985973,40.784327999724944],[-81.387631000082223,40.78434299974947],[-81.387087000109105,40.784391999942159],[-81.386796999680868,40.784430000233257],[-81.386507999975876,40.784476000091118],[-81.386221999745601,40.784531999904729],[-81.386009000208603,40.784581999819814],[-81.385928000017728,40.784600999913749],[-81.385805999818999,40.784634999960829],[-81.385659000404203,40.784675999694393],[-81.385512000091111,40.784721000202268],[-81.385442999595838,40.784741999975381],[-81.385363999953114,40.784765999999514],[-81.385121000278872,40.784849999675451],[-81.384854000315187,40.784952999918559],[-81.384652999575422,40.785040000283395],[-81.384558000039178,40.785082000301429],[-81.384635999856982,40.78519299968692],[-81.384686000085694,40.785264000072836],[-81.384741000337286,40.78534299986692],[-81.385123999753603,40.785947999806631],[-81.385384999869515,40.78646900011362],[-81.38540099976305,40.786501000218578],[-81.385529999634471,40.786762000328771],[-81.3860169997062,40.787744000014428],[-81.386050000216471,40.787812000273753],[-81.386211999699867,40.788143000211498],[-81.386491000257436,40.788713999826165],[-81.386793000381218,40.789324999764801],[-81.387597999571938,40.79094999988088],[-81.388909999824193,40.79360000024559],[-81.389801000126937,40.795399999710924],[-81.39022299990134,40.79623900030203],[-81.390356999795642,40.796487000266133],[-81.390434999613447,40.796618000045967],[-81.390503000283829,40.796732000266999],[-81.390673000163133,40.796985999840679],[-81.390776999920206,40.79712199972159],[-81.390980000309796,40.797354999985117],[-81.39110400015835,40.797478999698527],[-81.391269000014816,40.797629999672985],[-81.391491999597548,40.797813999740491],[-81.391638000085749,40.797925999945832],[-81.391783999675596,40.798027999968426],[-81.391962999775757,40.798145000141396],[-81.392330000196878,40.798356000338849],[-81.392370000379842,40.798378999868632],[-81.392798000002017,40.798603000223899],[-81.39367400023616,40.799062999834348],[-81.393932999803937,40.799199000220284],[-81.394394999761303,40.799441000138067],[-81.39498200029044,40.79973800012958],[-81.395589999837668,40.800055000213611],[-81.396021999657805,40.800290999938781],[-81.396368999987445,40.80049899988839],[-81.39638300023114,40.80050499966152],[-81.396585999722419,40.80063899989289],[-81.396764999822551,40.800767999723078],[-81.396881999998413,40.800868999842073],[-81.396919999633255,40.800902000103534],[-81.397066000121441,40.801041999938015],[-81.397149999787018,40.801133000114056],[-81.397294999551974,40.801301000111351],[-81.39740900025312,40.801459000206528],[-81.397513000010179,40.801621999992307],[-81.397581999607169,40.801747999781895],[-81.39764400042975,40.801875000293769],[-81.397713999851646,40.802047999807655],[-81.397758000232571,40.802179000173275],[-81.397803000438415,40.802355999991896],[-81.397827999654453,40.802484000292758],[-81.397842999723068,40.802562999999274],[-81.397861000164738,40.802707999715224],[-81.397871000210486,40.802888999868117],[-81.39786899966235,40.803116000072187],[-81.397815000133988,40.8036130003035],[-81.397758000232571,40.803976000189294],[-81.397641999881614,40.804643000282837],[-81.397491000268886,40.80563399999815],[-81.397431999819332,40.806124999787798],[-81.397416999750718,40.806317999997013],[-81.397401999682103,40.806627999824066],[-81.39739599983433,40.806981000212957],[-81.397420000123773,40.807579999681344],[-81.397430999994427,40.807776000316409],[-81.397436999842213,40.808008999898469],[-81.397573000284638,40.810526999793346],[-81.397580999782249,40.81107399995954],[-81.397554999842967,40.811450000254041],[-81.397530999553538,40.811799000300546],[-81.397497000116658,40.812114000315091],[-81.397442999689986,40.812472000005322],[-81.397385999788582,40.812784999990079],[-81.397299999574855,40.813185000056528],[-81.397049000403015,40.81424900020172],[-81.396708999746068,40.81574799988551],[-81.396420999865981,40.816999999848484],[-81.39630799988808,40.817533999766503],[-81.396234000268223,40.817934999793103],[-81.396184999864417,40.81824799983832],[-81.396141000381803,40.818605999740939],[-81.396103999673571,40.819010000155266],[-81.396077999734302,40.819460000240781],[-81.396070000236691,40.819722999963489],[-81.396066999863649,40.819818999731716],[-81.396070000236691,40.820179000004558],[-81.39608799978005,40.820583999675563],[-81.396112999894399,40.820920000013437],[-81.396180999666456,40.821616999944183],[-81.396194000085245,40.821730000070019],[-81.396301000215374,40.82268200009873],[-81.396312999910933,40.822792999837418],[-81.396379000033193,40.823379999824922],[-81.396481000140426,40.824285999850012],[-81.396492000011094,40.824379999927253],[-81.396547000262672,40.824874000153706],[-81.396625000080476,40.825564999772297],[-81.396955999618271,40.828401000012342]]},"properties":{"BASENAME":"62","MTFCC":"S1100","NAME":"US Hwy 62","OBJECTID":10369,"OID":"1108296491782","PREDIR":null,"PREDIRABRV":null,"PREQUAL":null,"PREQUALABRV":null,"PRETYP":640,"PRETYPEABRV":"US Hwy","RTTYP":"U","SUFDIR":null,"SUFDIRABRV":null,"SUFQUAL":null,"SUFQUALABRV":null,"SUFTYP":null,"SUFTYPEABRV":null}},{"type":"Feature","id":13632,"geometry":{"type":"LineString","coordinates":[[-81.438316999989269,40.662993999933683],[-81.43807199976689,40.663490000296854],[-81.437844999986154,40.664051000212183],[-81.437741000229096,40.664355999790615],[-81.437635999748807,40.664707000280401],[-81.437470000067449,40.665324000222256],[-81.436962000079319,40.667311999864729],[-81.436341000113302,40.669787000020854],[-81.435106999678865,40.67464900027025],[-81.434834999692299,40.675750000321685],[-81.434316999658449,40.677783999907163],[-81.434197000007856,40.678297000255192],[-81.434136999733397,40.678595000108189],[-81.434041000372233,40.679156999753843],[-81.433952999610369,40.679895999778914],[-81.433929000219251,40.680239999743272],[-81.433803999647452,40.682577999930551],[-81.433766000012625,40.683391999774727],[-81.433708000286302,40.683971000066592],[-81.433683000171939,40.684275999815419],[-81.433586999912492,40.685096000014262],[-81.433490999653017,40.685720999878427],[-81.433284999788697,40.686834999912001],[-81.433165999962995,40.687370999885793],[-81.433047000137321,40.68785799984893],[-81.432835000425214,40.688647999940805],[-81.432673999868413,40.689174000292034],[-81.432493000118441,40.689743000135714],[-81.432264999614503,40.690426999836525],[-81.432114000001761,40.690878999733371],[-81.431693000052277,40.692094999878158],[-81.430870000419901,40.694521999707845],[-81.430303999807151,40.696194000079423],[-81.429723000024097,40.69789199970441],[-81.428688999606194,40.700942999830438],[-81.42848600011493,40.701508000283354],[-81.42821900015123,40.702198999963429],[-81.428008000264043,40.702715000220515],[-81.427783999958066,40.703228000033356],[-81.427568000047998,40.703695000092573],[-81.427280999992803,40.704286000253653],[-81.427002000333545,40.704831999852168],[-81.426563999767325,40.705640999772143],[-81.42636100027606,40.705994999861765],[-81.426045999733475,40.706529000257333],[-81.424888000365328,40.708402999860091],[-81.423610000448278,40.710482999784979],[-81.42256400033483,40.712199999818857],[-81.422194000438964,40.712859999675317],[-81.422006000118003,40.713238999754601],[-81.421981000003626,40.713294000098884],[-81.421830000390884,40.713620999783991],[-81.421684999727617,40.713963000153974],[-81.421517000396449,40.714394999722948],[-81.421374000281318,40.714799999794579],[-81.421267000151204,40.715135000017966],[-81.421168000416998,40.715487000263757],[-81.421068999784467,40.715884999681016],[-81.42100100001241,40.716195000096981],[-81.420925999669336,40.716595999978558],[-81.420862999920146,40.716997999685113],[-81.420819000437533,40.717356000086909],[-81.420779000254555,40.717804999862459],[-81.420754999965126,40.718209000117142],[-81.420746999569204,40.718568999801782],[-81.420751999592071,40.718973999673125],[-81.420769000208821,40.7193780003226],[-81.420804000368918,40.719827000077061],[-81.420953000331835,40.721218000032749],[-81.42108200020327,40.722351999805547],[-81.421160000021075,40.723237999850404],[-81.421179000287651,40.723552999881349],[-81.421191999808116,40.723909000244127],[-81.421182999587302,40.724102999808522],[-81.421156999648019,40.724363999913024],[-81.421109999792364,40.724679000061109],[-81.421062999936694,40.724946999817327],[-81.421004000385452,40.725213999781573],[-81.420934000065259,40.725478999895522],[-81.420850000399682,40.725742000182997],[-81.420753000315301,40.726001999924499],[-81.420643999637051,40.726259999894566],[-81.420523000161523,40.726514000006844],[-81.420390000092141,40.726764999677343],[-81.420245000327171,40.727012000254284],[-81.420061000204171,40.727295000113621],[-81.419836999898166,40.72761300011932],[-81.419488999743635,40.72808300012376],[-81.41860400018696,40.729242999702386],[-81.415594999718024,40.733187999857201],[-81.414788999804074,40.734238000316836],[-81.41393900040751,40.735356000033327],[-81.412377999734915,40.737391999851674],[-81.411887000363564,40.738038999910735],[-81.411398999568618,40.738670999681112],[-81.410544000149187,40.73979899968522],[-81.409864999558522,40.74075099995715],[-81.409544000066475,40.741227999922089],[-81.409178000368598,40.741795999673499],[-81.408855000328401,40.742326999988798],[-81.408452999747169,40.743014999950297],[-81.40810700014076,40.743656000302515],[-81.40788799985765,40.744063000222503],[-81.407631999764618,40.744566000077143],[-81.407088999616391,40.745758999924107],[-81.406947000224491,40.746086000045707],[-81.406718999720553,40.746648999703353],[-81.406445999909081,40.747347000013384],[-81.406248000440669,40.74791200003154],[-81.406062999594425,40.74847999986779],[-81.405865000126028,40.749137999866782],[-81.405346000267244,40.751030000180457],[-81.404578999813054,40.753805999693029],[-81.404312999674261,40.754714999765902],[-81.404179999604892,40.755214999797438],[-81.404140000320226,40.755349000233913],[-81.403469999950403,40.757823999701046],[-81.402845999611344,40.760017999715217],[-81.402730000158684,40.760458999688424],[-81.402618000005688,40.760813999676728],[-81.402503000377976,40.761117999748578],[-81.402376999981271,40.761394000015294],[-81.402253999957622,40.761642999671935],[-81.402114000215548,40.761902999951964],[-81.402070999659529,40.76197800018393],[-81.401977999773095,40.762138999869869],[-81.401814999566497,40.762381000126446],[-81.401646000410409,40.762613999810824],[-81.40147499980786,40.762838999887215],[-81.401309999951422,40.763045999937944],[-81.401145000094971,40.76322899971219],[-81.400941999705381,40.763442000309468],[-81.400721999597351,40.763663999774266],[-81.400411000151053,40.763947000202094],[-81.400006999920009,40.764274000008371],[-81.399416000091207,40.764715000320244],[-81.398369000152854,40.765454000152729],[-81.397584999980211,40.766000000100433],[-81.394725000372489,40.767994000098369],[-81.393531999945935,40.768846999996043],[-81.392993999820604,40.76922500018776],[-81.392634999795391,40.769466999815059],[-81.391116999678829,40.770531000028235],[-81.389531999615102,40.771651000000212],[-81.388004000351131,40.77273099990304],[-81.387910999566401,40.772794999729292],[-81.38713399996476,40.773335999751744],[-81.386290000415997,40.773921999791909],[-81.38560400015264,40.774398999901145],[-81.384850000117225,40.774934999752659],[-81.383754999599958,40.775684000176817],[-81.382844000104029,40.7763269998308],[-81.382547000003115,40.776545999839911],[-81.382341999963685,40.776707000286976],[-81.382104000312324,40.776908000132615],[-81.381915999991335,40.777081000081424],[-81.381741000089178,40.777262000037084],[-81.381611000392823,40.777410999792103],[-81.381490000018999,40.777564999730998],[-81.381377999866018,40.777722999853843],[-81.381275999758742,40.777885000132059],[-81.381183999697242,40.778049999895984],[-81.381100000031651,40.778217999803431],[-81.381027000236728,40.778388999831726],[-81.380963999589227,40.778562000005103],[-81.380910999885771,40.778735999677835],[-81.380868000228062,40.778913000096999],[-81.380834999717791,40.779090999989151],[-81.38081399980139,40.779269000084504],[-81.380802999930737,40.779449000261543],[-81.380802000105831,40.779628000014299],[-81.380812999976484,40.779806999964947],[-81.380834999717791,40.779983000320158],[-81.380840999565578,40.780030999717674],[-81.380917999558463,40.780429999999519],[-81.380963999589227,40.780601999697083],[-81.381023999863686,40.780779999824809],[-81.38109800038184,40.780944999880177],[-81.381156999933069,40.781050999802538],[-81.381268000261144,40.781230999912133],[-81.381300999873119,40.781284000006366],[-81.381398999782405,40.781427000126662],[-81.381750000310006,40.781860000292603],[-81.382146000145127,40.782308000160505],[-81.382849999951802,40.783085999813892],[-81.38313199998413,40.783400000187655],[-81.383628000276659,40.783942999975757],[-81.383749999577077,40.78408800023157],[-81.384085000211172,40.784482999815339],[-81.384168999876749,40.784581999819814],[-81.384276999831783,40.784709999703026],[-81.384368000068378,40.784827000220112],[-81.384558000039178,40.785082000301429],[-81.384635999856982,40.78519299968692],[-81.384686000085694,40.785264000072836],[-81.384741000337286,40.78534299986692],[-81.385123999753603,40.785947999806631],[-81.385384999869515,40.78646900011362],[-81.38540099976305,40.786501000218578],[-81.385529999634471,40.786762000328771],[-81.3860169997062,40.787744000014428],[-81.386050000216471,40.787812000273753],[-81.386211999699867,40.788143000211498],[-81.386491000257436,40.788713999826165],[-81.386793000381218,40.789324999764801],[-81.387597999571938,40.79094999988088],[-81.388909999824193,40.79360000024559],[-81.389801000126937,40.795399999710924],[-81.39022299990134,40.79623900030203],[-81.390356999795642,40.796487000266133],[-81.390434999613447,40.796618000045967],[-81.390503000283829,40.796732000266999],[-81.390673000163133,40.796985999840679],[-81.390776999920206,40.79712199972159],[-81.390980000309796,40.797354999985117],[-81.39110400015835,40.797478999698527],[-81.391269000014816,40.797629999672985],[-81.391491999597548,40.797813999740491],[-81.391638000085749,40.797925999945832],[-81.391783999675596,40.798027999968426],[-81.391962999775757,40.798145000141396],[-81.392330000196878,40.798356000338849],[-81.392370000379842,40.798378999868632],[-81.392798000002017,40.798603000223899],[-81.39367400023616,40.799062999834348],[-81.393932999803937,40.799199000220284],[-81.394394999761303,40.799441000138067],[-81.39498200029044,40.79973800012958],[-81.395589999837668,40.800055000213611],[-81.396021999657805,40.800290999938781],[-81.396368999987445,40.80049899988839],[-81.39638300023114,40.80050499966152],[-81.396585999722419,40.80063899989289],[-81.396764999822551,40.800767999723078],[-81.396881999998413,40.800868999842073],[-81.396919999633255,40.800902000103534],[-81.397066000121441,40.801041999938015],[-81.397149999787018,40.801133000114056],[-81.397294999551974,40.801301000111351],[-81.39740900025312,40.801459000206528],[-81.397513000010179,40.801621999992307],[-81.397581999607169,40.801747999781895],[-81.39764400042975,40.801875000293769],[-81.397713999851646,40.802047999807655],[-81.397758000232571,40.802179000173275],[-81.397803000438415,40.802355999991896],[-81.397827999654453,40.802484000292758],[-81.397842999723068,40.802562999999274],[-81.397861000164738,40.802707999715224],[-81.397871000210486,40.802888999868117],[-81.39786899966235,40.803116000072187],[-81.397815000133988,40.8036130003035],[-81.397758000232571,40.803976000189294],[-81.397641999881614,40.804643000282837],[-81.397491000268886,40.80563399999815],[-81.397431999819332,40.806124999787798],[-81.397416999750718,40.806317999997013],[-81.397401999682103,40.806627999824066],[-81.39739599983433,40.806981000212957],[-81.397420000123773,40.807579999681344],[-81.397430999994427,40.807776000316409],[-81.397436999842213,40.808008999898469],[-81.397573000284638,40.810526999793346],[-81.397580999782249,40.81107399995954],[-81.397554999842967,40.811450000254041],[-81.397530999553538,40.811799000300546],[-81.397497000116658,40.812114000315091],[-81.397442999689986,40.812472000005322],[-81.397385999788582,40.812784999990079],[-81.397299999574855,40.813185000056528],[-81.397049000403015,40.81424900020172],[-81.396708999746068,40.81574799988551],[-81.396420999865981,40.816999999848484],[-81.39630799988808,40.817533999766503],[-81.396234000268223,40.817934999793103],[-81.396184999864417,40.81824799983832],[-81.396141000381803,40.818605999740939],[-81.396103999673571,40.819010000155266],[-81.396077999734302,40.819460000240781],[-81.396070000236691,40.819722999963489],[-81.396066999863649,40.819818999731716],[-81.396070000236691,40.820179000004558],[-81.39608799978005,40.820583999675563],[-81.396112999894399,40.820920000013437],[-81.396180999666456,40.821616999944183],[-81.396194000085245,40.821730000070019],[-81.396301000215374,40.82268200009873],[-81.396312999910933,40.822792999837418],[-81.396379000033193,40.823379999824922],[-81.396481000140426,40.824285999850012],[-81.396492000011094,40.824379999927253],[-81.396547000262672,40.824874000153706],[-81.396625000080476,40.825564999772297],[-81.396955999618271,40.828401000012342],[-81.396973000235022,40.828573999700808],[-81.397035999984226,40.829199999862837],[-81.397328999887179,40.831638999891233],[-81.397359000024409,40.831876999773925],[-81.39740900025312,40.832179999670622],[-81.397498999766484,40.832634999886906],[-81.397523999880832,40.832745999958838],[-81.39759699967577,40.833071999701943],[-81.397702999980993,40.833418000081764],[-81.397861000164738,40.833885000265226],[-81.398005000104774,40.834239999982458],[-81.398200999923375,40.834687999788166],[-81.398365999779799,40.835024999816305],[-81.398543000230134,40.835359000160679],[-81.398665000428849,40.835571000059737],[-81.39873300020092,40.835688999735503],[-81.39926899977813,40.836542000032196],[-81.399467999969772,40.836818000189794],[-81.399741999606135,40.8371649997991],[-81.399999000422412,40.837467999995624],[-81.400013999592701,40.837483999989928],[-81.400233999700745,40.83772700002352],[-81.400513000258314,40.838018999870059],[-81.400868000085538,40.838380000304198],[-81.401321999646981,40.838852999898762],[-81.403408000026118,40.840995000058214],[-81.403868000333659,40.841467000336891],[-81.404213000115149,40.84183399977568],[-81.404482999553579,40.842119999792381],[-81.40508400032644,40.84279099969207],[-81.405828000316106,40.843658999874826],[-81.406457999604626,40.844422999707845],[-81.406953999897198,40.845037000082066],[-81.407435999946031,40.845658999893772],[-81.407877999811902,40.846244999672066],[-81.408309999632039,40.846835999761801],[-81.40892999977315,40.847707999691337],[-81.410180000101107,40.849498999665379],[-81.410436000194139,40.849855000259623],[-81.410673999845528,40.850166000028494],[-81.410923000265868,40.850471999914589],[-81.41121500034393,40.850811000323461],[-81.411540999858829,40.851168999740153],[-81.411864999723946,40.851509999726147],[-81.41208300018215,40.851725999767844],[-81.412188999589048,40.851832000128439],[-81.412523000398195,40.852147000263265],[-81.412828999821627,40.852421999792917],[-81.413145000189132,40.852690000215489],[-81.413510999887009,40.852984999941931],[-81.413927999638545,40.853305000279043],[-81.41435299978599,40.853619000024686],[-81.414700999940521,40.853863999690731],[-81.415013000110065,40.854071000005867],[-81.415468000394739,40.854358999870641],[-81.415932000001916,40.854638999878951],[-81.416094000383609,40.854732000243594],[-81.416357999974252,40.854883999849712],[-81.416733999717891,40.855087999899538],[-81.416876999833036,40.85515999972715],[-81.417185999629524,40.855315000175757],[-81.418682000004779,40.856031000039813],[-81.419622999637937,40.856494000024355],[-81.421228999618052,40.857314999669796],[-81.421898000162955,40.857698000218811],[-81.422437999938126,40.858023000104481],[-81.422766999826095,40.858238999974304],[-81.423089000041372,40.858452000175404],[-81.424009999583049,40.859132000000791],[-81.424330000148501,40.859397000175605],[-81.424448999974175,40.859499000124451],[-81.424671999556949,40.859689999752689],[-81.425030999582162,40.860011999803454],[-81.425521999851838,40.860457999862319],[-81.425859000135716,40.860811999855102],[-81.426127999749241,40.861098000171857],[-81.42649900036831,40.861519000217882],[-81.426952999929753,40.862091000304574],[-81.427322999825606,40.8626020001998],[-81.427625999774307,40.863040000174792],[-81.427861999775857,40.863409999804524],[-81.428164999724572,40.863986999986011],[-81.428255000136247,40.864118000311358],[-81.428409999946936,40.864408000011231],[-81.428671999887769,40.864924999753534],[-81.428845000140129,40.865284999676575],[-81.429041999783621,40.865729000237941],[-81.429261000066745,40.866256999748082],[-81.429363000173993,40.866521999948411],[-81.429560999642391,40.867071000142502],[-81.429845000222841,40.867958000189809],[-81.429996999660489,40.868486000269343],[-81.430106000338753,40.86893700007451],[-81.430231999837133,40.869524999679292],[-81.430267999822149,40.869746999704148],[-81.430388000371053,40.870555999689735],[-81.430431999853653,40.870961000011107],[-81.430507000196741,40.871817999687394],[-81.430816999818134,40.875214000124942],[-81.430868999696671,40.875887999951537],[-81.431099999675354,40.878517999929791],[-81.4312789997755,40.880234999718759],[-81.431445000355168,40.882336999985888],[-81.431723000189507,40.885130000092822],[-81.431746999580653,40.885311000083973],[-81.4318279997715,40.886822999730789],[-81.431857999908729,40.887793000074105],[-81.431801000007326,40.888410000145072],[-81.431778000441099,40.889253000325155],[-81.431703999922931,40.890347000289673],[-81.43159199976995,40.891264000107235],[-81.431505999556222,40.891837000209989],[-81.431383000430884,40.892599000008062],[-81.431247999813365,40.893302000133012],[-81.431027999705336,40.894317000069975],[-81.430703999840233,40.895822999704095],[-81.430242999707787,40.897928999941108],[-81.430219000316654,40.89803999994875],[-81.429791999621074,40.89998899982514],[-81.429327000188977,40.90216300032003],[-81.429107999905881,40.903165000004719],[-81.428404999924084,40.906386999936636],[-81.428323999733223,40.906743000233156]]},"properties":{"BASENAME":"77","MTFCC":"S1100","NAME":"I- 77","OBJECTID":13632,"OID":"1104468667775","PREDIR":null,"PREDIRABRV":null,"PREQUAL":null,"PREQUALABRV":null,"PRETYP":344,"PRETYPEABRV":"I-","RTTYP":"I","SUFDIR":null,"SUFDIRABRV":null,"SUFQUAL":null,"SUFQUALABRV":null,"SUFTYP":null,"SUFTYPEABRV":null}},{"type":"Feature","id":13687,"geometry":{"type":"LineString","coordinates":[[-81.428687999781303,40.906756000297314],[-81.430358000233824,40.899033000099095],[-81.430564999923064,40.898080000022098],[-81.430585999839451,40.897983000023132],[-81.431282000148528,40.894816000328319],[-81.431626000105126,40.893216999665846],[-81.431749999953681,40.892683000320297],[-81.43190800013744,40.891803999702319],[-81.43197000006171,40.891346000176121],[-81.432006000046712,40.891085000009525],[-81.432054999552221,40.890611000196543],[-81.43212900007039,40.889742000321938],[-81.432175999926031,40.888890999680079],[-81.43219199981958,40.888445999951756],[-81.432196000017541,40.888188000225163],[-81.432177999575856,40.887524999756913],[-81.43210899997888,40.886527000270029],[-81.431990999978112,40.885343999755136],[-81.431902000289654,40.884048000180634],[-81.431525999647704,40.88017299981793],[-81.431145999706104,40.875835999866531],[-81.431088999804686,40.875272999675367],[-81.430954999910398,40.873943000105903],[-81.430754999893864,40.872044999688534],[-81.430498999800832,40.869677999923034],[-81.430467999838669,40.869496999978267],[-81.430366999556341,40.869010999690424],[-81.430231000012213,40.868439000269603],[-81.430114999661271,40.868000999997392],[-81.429986999614755,40.867565000165008],[-81.42984600004776,40.867131000132879],[-81.429724999673923,40.866784999803805],[-81.42955899999258,40.866352000082848],[-81.429167000355406,40.865414000146451],[-81.428741000383042,40.864503000281019],[-81.428091999929634,40.863346999738155],[-81.427686999873686,40.862718999941507],[-81.427261999726227,40.862131999740988],[-81.426674000270495,40.861401999715113],[-81.426004999725578,40.860632000210373],[-81.424874000121633,40.859487999791135],[-81.424753999572715,40.859384000317426],[-81.424503000400861,40.859175000103804],[-81.423624999618582,40.858533000024231],[-81.42278100006979,40.857978999818187],[-81.422699999878944,40.857923000152702],[-81.422268999883713,40.857658000195848],[-81.421416999939012,40.85715899969675],[-81.420282000137107,40.856572999956818],[-81.419879999555889,40.85637100000217],[-81.417230000010463,40.855093000012772],[-81.417132000101162,40.855042000063087],[-81.416635999808605,40.854800999969427],[-81.41651299978497,40.854737999868071],[-81.416166000353641,40.854535000266395],[-81.415767999970384,40.854290999855039],[-81.415377000158131,40.854040000042531],[-81.415037000399508,40.853809000121927],[-81.414664999955505,40.853542000330812],[-81.414341000090417,40.853298999845258],[-81.414258000249731,40.853232000287235],[-81.414008999829392,40.853047000161951],[-81.413555000267962,40.852690000215489],[-81.413110000029036,40.8523269998621],[-81.412833999844509,40.85209099974476],[-81.412566000055904,40.851849000260195],[-81.412272000328031,40.851564999844491],[-81.412075999611133,40.851364999998431],[-81.411682000324149,40.850989999933866],[-81.411210000321049,40.850477999924877],[-81.410738000317949,40.849904000331044],[-81.410226000131871,40.849205999861994],[-81.409570000005758,40.848283999804046],[-81.408646999915931,40.846951000285429],[-81.407354999755185,40.845227999952662],[-81.406534999597525,40.844183000047281],[-81.405387000275141,40.84282899984877],[-81.404331000115931,40.841620000153618],[-81.404223999985817,40.841506999941068],[-81.404086999718459,40.841360999705969],[-81.403690999883338,40.840940999693998],[-81.40345700042991,40.840702000033041],[-81.400653000000389,40.837829000032272],[-81.400437000090321,40.837595999841994],[-81.400379000364012,40.837534000117166],[-81.400149000210234,40.837270999664192],[-81.399909999835629,40.836978999920994],[-81.399688000077788,40.836690999957149],[-81.399453999726049,40.836366999861482],[-81.39926799995321,40.836093999841701],[-81.399061000263984,40.835768999776377],[-81.398867999920142,40.835438999920108],[-81.398708999911463,40.835147000263312],[-81.398519999765597,40.83476699989199],[-81.398343000213586,40.834383000215958],[-81.398200000098456,40.834038999707801],[-81.398097999991208,40.833770000178951],[-81.39806899967887,40.833692000048238],[-81.397965999746717,40.833386000165639],[-81.397873999685203,40.833077999928193],[-81.397770999753035,40.832679000011126],[-81.397702000156073,40.832367999742644],[-81.397671000193938,40.832190999779897],[-81.397646999904495,40.832053999895216],[-81.397624000338283,40.831875999944685],[-81.397589000178172,40.831605000129557],[-81.397359999849314,40.829716999753707],[-81.39734399995578,40.829564000332198],[-81.397266999962895,40.828847999973441],[-81.397229000328068,40.828473000287225],[-81.397210999886397,40.828301000218367],[-81.397096000258657,40.827372000314767],[-81.396777000416435,40.824471000048668],[-81.396774000043393,40.824449999927161],[-81.396769000020512,40.824406999722328],[-81.396636999776049,40.8232890002459],[-81.396578000224807,40.822755999718566],[-81.39657099965379,40.822692999744305],[-81.396379999858084,40.820954999809089],[-81.39636999981235,40.820822999803326],[-81.396368000162525,40.8207999998939],[-81.39635399991883,40.820594999669076],[-81.396341000398337,40.820234000289652],[-81.396339999675135,40.819828999841221],[-81.39635300009391,40.819378000201887],[-81.396379999858084,40.818972999965602],[-81.396415000018209,40.818613999974986],[-81.396466000071825,40.818209999868174],[-81.396517000125442,40.81788599988257],[-81.396599000141208,40.817449999972673],[-81.396705000446417,40.816961999843301],[-81.39693700025002,40.815950999994456],[-81.397337000283088,40.81421099998046],[-81.39764500025467,40.812788999778341],[-81.397712000201821,40.812433000003693],[-81.39775999988241,40.812119999718128],[-81.397795999867412,40.811806999995675],[-81.397817999608719,40.811468000001362],[-81.397826999829562,40.811133000202787],[-81.39781900033195,40.810727999943467],[-81.397804000263335,40.810322999931763],[-81.397661999973096,40.808756999745455],[-81.397624000338283,40.80745100017203],[-81.397605999896598,40.807058000279461],[-81.397617999592171,40.806611000333923],[-81.39764400042975,40.806024000187399],[-81.39769499958507,40.805639999987037],[-81.398050000310619,40.803631000136654],[-81.398098999816099,40.803241000164597],[-81.398111000409997,40.802827000333409],[-81.398050000310619,40.802486000157337],[-81.398026000021176,40.802339999681941],[-81.397922000264117,40.802094999978941],[-81.397721000422635,40.801642999860526],[-81.397456999933681,40.801252999766959],[-81.397142000289406,40.800925999726964],[-81.3968879998462,40.800722000271023],[-81.39671700014199,40.800584999984437],[-81.39641699966802,40.800385000016369],[-81.396388000254021,40.800368000287108],[-81.396331000352603,40.800334999760146],[-81.396066000038729,40.800187000059601],[-81.395954999710654,40.800125000040957],[-81.395768000112909,40.800026999717971],[-81.39485500006883,40.799553000318397],[-81.393938999651724,40.799077000286935],[-81.393229999822154,40.79871000017237],[-81.392447000372741,40.798305000259113],[-81.392212000196096,40.798171999733505],[-81.391982999867238,40.798025999969532],[-81.391807000140147,40.797903999920401],[-81.391638000085749,40.797776000307962],[-81.391477000427244,40.797641999737294],[-81.391285999733228,40.797467999952687],[-81.391140999968286,40.797324000020573],[-81.391003999700942,40.797175000054779],[-81.390875999654412,40.797021999696227],[-81.390832000171798,40.796964999859235],[-81.390756000003819,40.796865000277435],[-81.390646000398959,40.796703999729772],[-81.390576999903658,40.796588999779566],[-81.390521999652094,40.79649800017453],[-81.390386999932872,40.796246999832732],[-81.389076000403861,40.793596999706992],[-81.388532000430729,40.792489999825641],[-81.387775999847179,40.790967999747366],[-81.386943000169055,40.789290000287465],[-81.386353000165172,40.788101000088872],[-81.386185999760585,40.78776399969783],[-81.385912999949127,40.787247999817481],[-81.385618000396335,40.786660000001277],[-81.385483999603721,40.786391999967989],[-81.385271999891614,40.785985000046793],[-81.384982000361703,40.78549500008463],[-81.384870000208707,40.785347999799079],[-81.384778999972113,40.785218999932837],[-81.384731000291552,40.785149999885689],[-81.384652999575422,40.785040000283395],[-81.384553999841216,40.7848990001742],[-81.384259000288438,40.784519000328729],[-81.38418499977027,40.784428999688878],[-81.384065999944596,40.784283000311113],[-81.383809000026645,40.783989000170919],[-81.383290999992781,40.783395999988599],[-81.382916999898953,40.7829750003079],[-81.382243000229508,40.782230999951842],[-81.382014999725541,40.781967000016444],[-81.381828999952717,40.781736999882142],[-81.381681999639611,40.781540999902163],[-81.381546999920403,40.781339999790511],[-81.381510000110481,40.78127999967986],[-81.381479000148346,40.781229999999788],[-81.381422000246943,40.78113799983705],[-81.381389999561563,40.781086000221073],[-81.381351999926736,40.781008000040529],[-81.3812079999867,40.780665000182822],[-81.38114799971224,40.780491000121181],[-81.381100000031651,40.780313999825431],[-81.381062000396824,40.780134999880616],[-81.381035999559245,40.779956000133623],[-81.38103399990942,40.779935000207679],[-81.38101999966571,40.779775000035769],[-81.38101600036606,40.779595000061938],[-81.381022000213861,40.779413999660662],[-81.381038000107381,40.779234000069025],[-81.381067000419705,40.779053999989692],[-81.381108000427588,40.778875999998398],[-81.38116000030611,40.778700000111286],[-81.381222000230395,40.778525999664055],[-81.381296999675143,40.778354000032785],[-81.381382000063965,40.778184999830849],[-81.381478000323426,40.778019999722027],[-81.381583999730324,40.777857999772998],[-81.381699000256376,40.77769999997129],[-81.38182300010493,40.777545999665094],[-81.381888000402256,40.777473999903002],[-81.381956999999232,40.777397000212851],[-81.382100999939283,40.777252000315485],[-81.382290000085163,40.777079000131778],[-81.382470999835135,40.776932000266498],[-81.382532999759405,40.776881000056733],[-81.382829999860334,40.776659999829171],[-81.38387199977582,40.775924000104887],[-81.386441999853631,40.774135000131267],[-81.388047000008825,40.773001000027072],[-81.388138000245434,40.772937999756095],[-81.388904999801312,40.772401000075561],[-81.389529000140385,40.771963999952504],[-81.392580000442138,40.769827999816812],[-81.392755000344309,40.769699999829534],[-81.397600999873745,40.76630499972218],[-81.398689999644901,40.765542999818443],[-81.398894999684316,40.765399000055076],[-81.400063999821427,40.764571000123617],[-81.400319000089539,40.764382999813087],[-81.400565000136851,40.764190000167993],[-81.400764000328465,40.764023000340096],[-81.400992999759026,40.76381800027913],[-81.40125100040018,40.76357199977955],[-81.401459999739245,40.7633540000528],[-81.401658999930874,40.763131000048197],[-81.401878000213998,40.762863999848683],[-81.402084000078318,40.762591000141128],[-81.402248999934756,40.762353000074377],[-81.402403999745459,40.762110000196145],[-81.402469999867691,40.761998000140792],[-81.40254799968551,40.761864000178882],[-81.402681999579798,40.761613999781758],[-81.402803999778556,40.761360999851476],[-81.402914000281697,40.761104000138417],[-81.403027000259613,40.760801999761711],[-81.403140000237528,40.760452000154565],[-81.403281999629428,40.759968999915586],[-81.403891999724792,40.757767000243504],[-81.404542000003119,40.755387000125758],[-81.404618999996018,40.75512299967653],[-81.405739999554243,40.751041000131671],[-81.40594999961651,40.750274000284541],[-81.40620200040992,40.749393999852892],[-81.406481999894098,40.748472999753162],[-81.406686000108579,40.747861999741716],[-81.406902999843552,40.747254000151344],[-81.407091999989447,40.746762000188163],[-81.407598000327738,40.745533999886973],[-81.407849000397903,40.744979999675529],[-81.408389999997979,40.743929999974128],[-81.408529999740054,40.743668999706387],[-81.408791999680901,40.743180999662755],[-81.409092000154857,40.742649000227537],[-81.409391999730516,40.742154999907335],[-81.409801999809332,40.741501000237839],[-81.410177999552971,40.740937999880209],[-81.410482000224903,40.740503000169184],[-81.410898000151505,40.73992299998622],[-81.411354000261099,40.739324999949936],[-81.412253000061469,40.73815999976933],[-81.41322800002979,40.73687399967033],[-81.41452299966528,40.735179999926054],[-81.416239000148565,40.732934999991237],[-81.416619999915099,40.732437999788814],[-81.417445999920517,40.731345000291448],[-81.418758000172758,40.729633999868071],[-81.419057999748418,40.729255999880607],[-81.419524999728637,40.728668000170458],[-81.419853999616606,40.728240000077982],[-81.420112000257788,40.72788599980467],[-81.420330999642587,40.727567999742014],[-81.420513000115776,40.727285999725282],[-81.420684999644919,40.726999999685191],[-81.42084399965357,40.726710000250947],[-81.420969000225355,40.726457000261675],[-81.421083000028176,40.726201999872359],[-81.421185000135424,40.72594399967744],[-81.421276000372018,40.725683000322853],[-81.421355000014742,40.725419999802178],[-81.421422999786799,40.725156000209317],[-81.421479999688216,40.724889000012382],[-81.421517000396449,40.724666999752117],[-81.421550000008409,40.724398000143424],[-81.421570999924811,40.724129000128286],[-81.421580999970544,40.723914000032934],[-81.421581999795464,40.723590000141577],[-81.421570999924811,40.723320000161934],[-81.421535999764714,40.722916000290098],[-81.421361999687434,40.721362000167005],[-81.421245000409883,40.720318000305483],[-81.421215000272667,40.719960000173494],[-81.421192999633035,40.719560999767786],[-81.421185999960343,40.719149000267258],[-81.421192999633035,40.71873200008158],[-81.421216999922478,40.718282999749832],[-81.421242000036841,40.717929999805456],[-81.421272000174056,40.717687999822999],[-81.421287000242671,40.717567999691084],[-81.421355000014742,40.717118000163616],[-81.421431000182736,40.716717000021944],[-81.421523000244235,40.716319000131563],[-81.421622999803347,40.715920999904469],[-81.421725999735514,40.715568999910595],[-81.421841000261537,40.715218999866529],[-81.421986000026507,40.714819000092177],[-81.42215199970785,40.714397000196705],[-81.422300999670767,40.714053999771323],[-81.422479999770914,40.713672000183536],[-81.422670999566634,40.713294000098884],[-81.422852000214903,40.71296099998095],[-81.423043999835542,40.712630999668782],[-81.424316999729712,40.710549999814546],[-81.424761999968638,40.709825999754948],[-81.425321000010385,40.708918999718811],[-81.426160000434606,40.707544999834717],[-81.427015999678943,40.706143000318697],[-81.427294000411592,40.705646000252003],[-81.427610999705706,40.705063999890584],[-81.427933999745889,40.704435000127908],[-81.428180999618078,40.703929000112808],[-81.428434000236393,40.703377000231484],[-81.428921000308122,40.702219999929177],[-81.429152000286805,40.701614999949896],[-81.429338999884536,40.701093999884357],[-81.429539999726003,40.700482999942423],[-81.429738000092712,40.699826000007974],[-81.429934999736204,40.699120999830662],[-81.430543000181757,40.696872000027675],[-81.430739000000329,40.696166000087928],[-81.430907000229823,40.69564200011898],[-81.431222999698988,40.694696000012136],[-81.43187899982513,40.692763999704013],[-81.432200000215502,40.691814000021004],[-81.432909999869949,40.689711999697138],[-81.433082000297404,40.689188999989895],[-81.433384000421213,40.688088999792718],[-81.433521999615152,40.687558999897483],[-81.433749000294199,40.686493999849247],[-81.434136999733397,40.684112000336128],[-81.434424999613469,40.682388000100872],[-81.434931999776694,40.679217000049483],[-81.435431000442279,40.67613400033089],[-81.435522999605482,40.675617999956735],[-81.435599999598367,40.675284000054425],[-81.435747999736392,40.674843000274059],[-81.435857000414643,40.674595000189839],[-81.436018000073119,40.67426600004179],[-81.437063000361661,40.672243000124858],[-81.437229000043018,40.671905999767695],[-81.437323999579263,40.671693999941915],[-81.437408999968071,40.671478000004697],[-81.437482999587914,40.671260999845856],[-81.437546000235429,40.671041999930317],[-81.43759700028906,40.670821000238369],[-81.437634000098967,40.6705980000689],[-81.43765800038841,40.670374000299695],[-81.437672999558714,40.670105000084384],[-81.437679000304797,40.669790000015702],[-81.437670000083983,40.669250000134795],[-81.437619999855258,40.667425000136717],[-81.437618000205433,40.666999999669308],[-81.437630999725911,40.666684000333433],[-81.437653000365557,40.666413999947494],[-81.437686999802423,40.666145000111356],[-81.437746000251948,40.665788000026197],[-81.437815999673859,40.665431000074264],[-81.437897999689611,40.66507600016633],[-81.437992000299261,40.664723000334419],[-81.43808500018568,40.664415999778129],[-81.438204999836273,40.66406699974219],[-81.438389999784192,40.663592000136859],[-81.438650000075199,40.663089000295642]]},"properties":{"BASENAME":"77","MTFCC":"S1100","NAME":"I- 77","OBJECTID":13687,"OID":"1104468667647","PREDIR":null,"PREDIRABRV":null,"PREQUAL":null,"PREQUALABRV":null,"PRETYP":344,"PRETYPEABRV":"I-","RTTYP":"I","SUFDIR":null,"SUFDIRABRV":null,"SUFQUAL":null,"SUFQUALABRV":null,"SUFTYP":null,"SUFTYPEABRV":null}}]}