{"type":"FeatureCollection","features":[{"type":"Feature","id":100296,"geometry":{"type":"LineString","coordinates":[[-81.372391000438753,40.794338000080309],[-81.372403999959246,40.794471000126315],[-81.372402000309407,40.794666000320646],[-81.372413000180075,40.794821000083928],[-81.372432000446651,40.794953999842427],[-81.372449999989996,40.795025999697678],[-81.372458000385905,40.795057000055287],[-81.372492999647704,40.795164000278824],[-81.372532000005762,40.795258999836996],[-81.37258800008226,40.795372999671415],[-81.372659000227372,40.795498000064292],[-81.372880000160308,40.795865000254899],[-81.373130000405553,40.796279999671754],[-81.373218000269105,40.796444000297626],[-81.373253000429202,40.796528000162709],[-81.37328000019339,40.796641999858231],[-81.37329500026199,40.796789999982195],[-81.373291999888949,40.797050999773532],[-81.373178999911048,40.797361999711846],[-81.372925000366152,40.798079000260969],[-81.372665000075159,40.79879700019405],[-81.372419000027861,40.799493999979838],[-81.372176000353605,40.800178000016565],[-81.371927999758185,40.800881000000878],[-81.371731999939584,40.801405000285158],[-81.371670000015314,40.801551000097305],[-81.371423999968016,40.802223999699379],[-81.371319000386023,40.802519999886606],[-81.371209999707773,40.802824000211849],[-81.371102999577644,40.80312200028871],[-81.370553999581659,40.804629999884277],[-81.370493000380606,40.804817999855835],[-81.370448999999681,40.804984000256063],[-81.370242000310441,40.806081999943054],[-81.370182999860887,40.806390999979179],[-81.370120999936617,40.806711000192202],[-81.370058000187413,40.80703400015355],[-81.369987000042315,40.807404999912137],[-81.369940000186645,40.807656000218351],[-81.369766000109365,40.80855999978732],[-81.369659999804156,40.809086000304269],[-81.369582999811271,40.809527999745846],[-81.369566000092831,40.809617000195651],[-81.36949800032076,40.809982000195845],[-81.369406000259261,40.810471000147096],[-81.369357999680375,40.81077600023427],[-81.369311999649625,40.811137000090589],[-81.369190000349192,40.812497999767068],[-81.369166999884669,40.812853999872793],[-81.369171999907522,40.812990999988948],[-81.369190000349192,40.813127999822164],[-81.369219999588111,40.813262999832681],[-81.369258999946169,40.813397000140611],[-81.369294999931185,40.813489999906011],[-81.36930900017488,40.813527999860341],[-81.369370000274245,40.813653000057592],[-81.369417000129914,40.813735999797366],[-81.369539000328658,40.813890999901723],[-81.369800000444556,40.814184000114189],[-81.369885999759958,40.814299000173442],[-81.369937999638495,40.814394000219856],[-81.369976999996567,40.814493999907043],[-81.370017000179544,40.814625000180222],[-81.370029999700023,40.81468199980835],[-81.369818999812821,40.815054999803863],[-81.369227000159114,40.816103000161625],[-81.369159000387057,40.816225000070709],[-81.368990000332644,40.816530000221547],[-81.368877000354743,40.816744999986781],[-81.368833999798724,40.8168409999858],[-81.368334000206531,40.818276000124406],[-81.368119000121382,40.818893000054487],[-81.367934000173449,40.819421000268072]]},"properties":{"BASENAME":"43","MTFCC":"S1200","NAME":"State Rte 43","OBJECTID":100296,"OID":"1101561189428","PREDIR":null,"PREDIRABRV":null,"PREQUAL":null,"PREQUALABRV":null,"PRETYP":586,"PRETYPEABRV":"State Rte","RTTYP":"S","SUFDIR":null,"SUFDIRABRV":null,"SUFQUAL":null,"SUFQUALABRV":null,"SUFTYP":null,"SUFTYPEABRV":null}},{"type":"Feature","id":100301,"geometry":{"type":"LineString","coordinates":[[-81.361220999649689,40.83083500029867],[-81.360525000238908,40.83082700017934],[-81.359042000282457,40.830775000059901],[-81.356471000379742,40.830694000263144],[-81.356195000195214,40.830685000279658],[-81.355181999693713,40.830664999934264],[-81.354239000410729,40.830645000262557],[-81.353584999934441,40.830634999744753],[-81.352952000272836,40.830633000048806]]},"properties":{"BASENAME":"62","MTFCC":"S1200","NAME":"US Hwy 62","OBJECTID":100301,"OID":"1101561189634","PREDIR":null,"PREDIRABRV":null,"PREQUAL":null,"PREQUALABRV":null,"PRETYP":640,"PRETYPEABRV":"US Hwy","RTTYP":"U","SUFDIR":null,"SUFDIRABRV":null,"SUFQUAL":null,"SUFQUALABRV":null,"SUFTYP":null,"SUFTYPEABRV":null}},{"type":"Feature","id":100302,"geometry":{"type":"LineString","coordinates":[[-81.347474000008418,40.831270999904582],[-81.346730000018766,40.831532000022627],[-81.345218999574897,40.832093999741957],[-81.343703000006471,40.832652000185504],[-81.343389000187116,40.832767000171977],[-81.343010000070421,40.832907000063585],[-81.342562000356779,40.833073000192783],[-81.341671000054006,40.833404000077877],[-81.341563000098972,40.833442999984257],[-81.341071000004376,40.833620999805952]]},"properties":{"BASENAME":"62","MTFCC":"S1200","NAME":"US Hwy 62","OBJECTID":100302,"OID":"1101561189639","PREDIR":null,"PREDIRABRV":null,"PREQUAL":null,"PREQUALABRV":null,"PRETYP":640,"PRETYPEABRV":"US Hwy","RTTYP":"U","SUFDIR":null,"SUFDIRABRV":null,"SUFQUAL":null,"SUFQUALABRV":null,"SUFTYP":null,"SUFTYPEABRV":null}},{"type":"Feature","id":100303,"geometry":{"type":"LineString","coordinates":[[-81.352952000272836,40.830633000048806],[-81.352867999708934,40.830584000003135],[-81.352834000272082,40.8305719997784],[-81.352768000149837,40.830561000080181],[-81.352676999913228,40.830557000004099],[-81.351922999877829,40.830544999774482],[-81.351840999862063,40.83054600030345],[-81.351783999960645,40.83054600030345],[-81.35162699960182,40.830548000002018],[-81.351094000397666,40.830570999929492],[-81.350506000043609,40.830603999693245],[-81.350341000187157,40.83061699976048],[-81.35024199955464,40.830624999905147],[-81.350210999592505,40.830627000281005],[-81.350122999728953,40.830636000272413],[-81.349859999963229,40.830665999781758],[-81.349567999885167,40.830705999786133],[-81.349279000180175,40.830753999895549],[-81.348813000024847,40.830845999951421],[-81.348593999741723,40.830896000327172],[-81.348157999723639,40.83100900027631],[-81.34779500039879,40.831109999905401],[-81.34772099988065,40.831134999998447],[-81.347628999819136,40.831174999719948],[-81.347555000199293,40.831215999936177],[-81.347474000008418,40.831270999904582]]},"properties":{"BASENAME":"62","MTFCC":"S1200","NAME":"US Hwy 62","OBJECTID":100303,"OID":"1101561189640","PREDIR":null,"PREDIRABRV":null,"PREQUAL":null,"PREQUALABRV":null,"PRETYP":640,"PRETYPEABRV":"US Hwy","RTTYP":"U","SUFDIR":null,"SUFDIRABRV":null,"SUFQUAL":null,"SUFQUALABRV":null,"SUFTYP":null,"SUFTYPEABRV":null}},{"type":"Feature","id":100304,"geometry":{"type":"LineString","coordinates":[[-81.352952000272836,40.830633000048806],[-81.352869000432165,40.830659000169355],[-81.352719999570937,40.830682000058317],[-81.352000999695633,40.830708000159596],[-81.351835999839182,40.830716000293293],[-81.351783999960645,40.830717999986682],[-81.351410999691751,40.830735999943535],[-81.3508220004111,40.830775999905732],[-81.350319000445836,40.83081900005908],[-81.350223000186389,40.83082700017934],[-81.350176000330706,40.830831000239122],[-81.350105000185607,40.83083799983342],[-81.349706999802351,40.830877999734035],[-81.34935699999798,40.830920999821238],[-81.348893000390788,40.830989999871264],[-81.348577999848217,40.831046999710658],[-81.348377000006764,40.831088999847154],[-81.34809499997445,40.831159000242067],[-81.347771000109347,40.831249000058634],[-81.347674000024981,40.831261999999413],[-81.347474000008418,40.831270999904582]]},"properties":{"BASENAME":"62","MTFCC":"S1200","NAME":"US Hwy 62","OBJECTID":100304,"OID":"1101561189641","PREDIR":null,"PREDIRABRV":null,"PREQUAL":null,"PREQUALABRV":null,"PRETYP":640,"PRETYPEABRV":"US Hwy","RTTYP":"U","SUFDIR":null,"SUFDIRABRV":null,"SUFQUAL":null,"SUFQUALABRV":null,"SUFTYP":null,"SUFTYPEABRV":null}},{"type":"Feature","id":100305,"geometry":{"type":"LineString","coordinates":[[-81.341071000004376,40.833620999805952],[-81.340958999851381,40.833617999717461],[-81.340855000094322,40.833630999873385],[-81.340798000192905,40.833647000114119],[-81.339899000392549,40.833954999747228],[-81.339800999584924,40.833988999663191],[-81.339202000258538,40.834186000232286],[-81.338542999759383,40.834390999906233],[-81.33777000035569,40.83461999997612],[-81.337212999963796,40.834776000001114],[-81.336427000141327,40.834983000134145],[-81.335694000022315,40.835161999678832],[-81.334900999628843,40.835347999897344],[-81.333932000406591,40.835561000284919],[-81.329533999692515,40.836494000035238],[-81.327650999702954,40.836898999981052],[-81.327156000133641,40.837002000336128],[-81.325022000073915,40.83744800033714],[-81.321596999678377,40.838180000082495],[-81.320511000280263,40.838406999835939],[-81.317352999848396,40.839078999665837],[-81.314001000146078,40.839793999928197],[-81.313092000299974,40.839998999930451],[-81.312469999610727,40.840148000240383],[-81.31173999986477,40.84033499976313],[-81.310958000240277,40.840544999982967],[-81.310347000319993,40.840717999926362],[-81.310232999618847,40.840753000146762],[-81.309742000247482,40.840902999814055],[-81.309082999748327,40.841109999844058],[-81.307825999747664,40.841508000304657],[-81.30753399966963,40.841601999753784],[-81.307506999905442,40.841611000294115],[-81.305299000225887,40.842323000053369],[-81.305233000103627,40.842343999951133],[-81.305042000307921,40.842405999934115],[-81.302406999932799,40.843249000129425],[-81.30163899965369,40.843494000083361],[-81.297738999780279,40.844742000306802],[-81.296492999650297,40.84514300027039],[-81.296449999992603,40.84515699983379],[-81.292827000128625,40.846315999984419],[-81.291794000433967,40.846649999839713],[-81.289773000352156,40.847294000106523],[-81.286881000059054,40.848215000086348],[-81.285892999671916,40.848535999935287],[-81.280417999780568,40.850287000236769],[-81.279678999813768,40.850534999995489],[-81.27963500033114,40.850550000005953],[-81.279046000152178,40.850762999787655],[-81.278935999649008,40.850802999896821],[-81.27829899978947,40.8510389998454],[-81.278046000069466,40.85113799977799],[-81.277770999709858,40.851244999936881],[-81.276522999930037,40.851761999819594],[-81.275803000229814,40.852074999879143],[-81.275091000027217,40.852401999890347],[-81.274546000229165,40.852662999707377],[-81.274094000317547,40.852888999947105],[-81.273406000404378,40.853242000114051],[-81.272049999771198,40.85396600000562],[-81.270612000020591,40.854741999843952],[-81.270350000079759,40.854885000011393],[-81.269559000234437,40.85531299986544],[-81.269350999821981,40.855425000164558],[-81.268662000083893,40.855796999823326],[-81.265228000365823,40.857653000276208],[-81.265110000365041,40.857716999762609],[-81.263819999854107,40.858414000145054],[-81.263612000339961,40.858527000064022],[-81.26324400009392,40.858727000031251],[-81.262675000006453,40.859037000179939],[-81.262455999723329,40.859155000201568],[-81.260329000234634,40.860299000257392],[-81.259131999610119,40.860951000227452],[-81.258406999887015,40.861358999699064],[-81.258304999779767,40.861415999919721],[-81.257978000439934,40.861599999713206],[-81.257540999698634,40.861829000208111],[-81.256793000409303,40.862249000313007],[-81.25629600029184,40.862535999905909],[-81.255501000248557,40.863007000254306],[-81.254466999830669,40.863642000243956],[-81.253691000053934,40.864140000117594],[-81.245985000018464,40.869122999924897],[-81.242911000150528,40.871109999987326],[-81.242099000388791,40.871601000038986],[-81.24179600044009,40.871784000158854],[-81.24137299994247,40.872062000067267],[-81.241030999635711,40.872267000094972],[-81.240096999675245,40.872806999830445],[-81.239083000247149,40.873371999700581],[-81.238490999695131,40.873690000287645],[-81.237807999804829,40.874047999684848],[-81.23697699977653,40.87446900027674],[-81.236358000358649,40.874773000254457],[-81.235775000027459,40.875054000089477],[-81.234795999861134,40.875509000068085],[-81.234076000160925,40.87583000011535],[-81.233327000148407,40.876158000206345],[-81.232568999915017,40.876474999801992],[-81.231287999624911,40.87699099991702],[-81.230587000191278,40.877259000100999],[-81.229797000170848,40.877552999941848],[-81.228407000100802,40.87805499972459],[-81.217145000148534,40.882096000052812],[-81.203709999778511,40.886913999688943],[-81.197960000425837,40.888976000272073],[-81.188835000008027,40.892247000061992],[-81.18485800014173,40.893672999990869],[-81.183683000156847,40.894097999663565],[-81.183038999726293,40.894343999893117],[-81.182425000331278,40.894586999842865],[-81.181647999831327,40.894908999952172],[-81.181051999979672,40.895165000169214],[-81.18049299993794,40.895413999833082],[-81.179712999963243,40.895777000322951],[-81.179244000333199,40.896004999864708],[-81.178188999998909,40.896535000069626],[-81.177585999576237,40.896855999996987],[-81.176999999770302,40.897176999724728],[-81.176328999575574,40.897561000094299],[-81.175741999944748,40.897903999925916],[-81.175418999904565,40.898103000273984],[-81.17515100011596,40.898267999839071],[-81.174341000004048,40.898783999798034],[-81.173913000381887,40.89906400004913],[-81.173895999765122,40.899074999918426]]},"properties":{"BASENAME":"62","MTFCC":"S1200","NAME":"US Hwy 62","OBJECTID":100305,"OID":"1101561189644","PREDIR":null,"PREDIRABRV":null,"PREQUAL":null,"PREQUALABRV":null,"PRETYP":640,"PRETYPEABRV":"US Hwy","RTTYP":"U","SUFDIR":null,"SUFDIRABRV":null,"SUFQUAL":null,"SUFQUALABRV":null,"SUFTYP":null,"SUFTYPEABRV":null}},{"type":"Feature","id":100484,"geometry":{"type":"LineString","coordinates":[[-81.369659999804156,40.809086000304269],[-81.369173999557361,40.809066999737709],[-81.368786999943069,40.809062000231876],[-81.368017999839054,40.809043999831914],[-81.367854999632428,40.809043999831914],[-81.366260000421263,40.80900200001286],[-81.364691000251085,40.808963000011403],[-81.363172000309604,40.808926999832813],[-81.362823000330167,40.808921000141126],[-81.361573000002181,40.808888999963038],[-81.360844000081144,40.808871999692208],[-81.360512999645039,40.808863000146978],[-81.36010699976417,40.80885299974431],[-81.359987000113563,40.808848999718819],[-81.358633000028533,40.808822999887091],[-81.358092000428471,40.808803999925111],[-81.357463000066517,40.808779000253224],[-81.357247000156448,40.808770000015492],[-81.355795999987038,40.808711999889354],[-81.354585999842058,40.808662999966096],[-81.353214000213654,40.808609999966698],[-81.352498999638001,40.8085880000828],[-81.352127000092324,40.808570000234198],[-81.351630999799781,40.808547000156089],[-81.351450999874729,40.808544000293153],[-81.351335000422083,40.808550000018933],[-81.351267999576621,40.808562000148804],[-81.351177000238323,40.808584000041336],[-81.350936000213906,40.808680999789466],[-81.350911000099558,40.808691999716892],[-81.350679000295969,40.808790999661738],[-81.349634999832318,40.809201999851986],[-81.349027000285091,40.809455999982163],[-81.348578999673137,40.809637000089324],[-81.348240999564325,40.809775000211168],[-81.348002000088044,40.809872000258117],[-81.347571999917733,40.81004700032053],[-81.346923000362622,40.81031100012035],[-81.345884999746772,40.810736999915626],[-81.345473999843023,40.810902000322471],[-81.344622999723228,40.811244999690381],[-81.343578000332997,40.811671000288236],[-81.343256999942625,40.811802000016364],[-81.342313999761345,40.812180999963438],[-81.341230000013027,40.81262399998468],[-81.340794999819863,40.812795999917071],[-81.340168999830965,40.813051000000328],[-81.339547999864948,40.813311000329278],[-81.33921099958107,40.813443000325975],[-81.337703000408538,40.814022000005842],[-81.337342999660137,40.814158000333258],[-81.336648999899168,40.814421000000664],[-81.336031000306193,40.814655000133747],[-81.335474999739191,40.814864000022588],[-81.334945999834687,40.815069000282314],[-81.334530999732976,40.815240999994941],[-81.333652000024102,40.81561899993892],[-81.33243299965828,40.816138999846103],[-81.331690000391845,40.816446999898098],[-81.331112000083536,40.81669200032438],[-81.330753000058337,40.816833000217777],[-81.33024000004734,40.817058000208107],[-81.329886999869927,40.81722199980176],[-81.329443000354232,40.817439000137469],[-81.329005999612917,40.817646000006036],[-81.328371000301487,40.817948999663805],[-81.328209999744701,40.818031000109521],[-81.327947999803882,40.818163000232758],[-81.327345000279522,40.818447999680288],[-81.326787999887614,40.818712000044023],[-81.32628599974727,40.818951000118616],[-81.32592199969919,40.819125000006757],[-81.325195000326289,40.819469999724575],[-81.325100999716653,40.819513999746768],[-81.323986999831135,40.820019000275614],[-81.322997999619076,40.820468000312879],[-81.322882000166416,40.82052099967764],[-81.322047999765076,40.820900000121881],[-81.321917000243829,40.820958999784551],[-81.321522000233628,40.821137999799681],[-81.320835000145351,40.821449999700434],[-81.320676999961606,40.821525000000328],[-81.319722999909644,40.821936000165088],[-81.318363999801761,40.822518999698779],[-81.318223000234752,40.82258199983832],[-81.317658000345219,40.822842000201874],[-81.317389999658303,40.822964999916735],[-81.31698700015049,40.823152000322899],[-81.316891999715935,40.823195999942023],[-81.316194999581938,40.823517999911964],[-81.315381000170404,40.82388700004951],[-81.31510900018381,40.824005000126334],[-81.31465700027222,40.824190999694437],[-81.313321999555427,40.824699999712109],[-81.313158000422206,40.824762999819264],[-81.310757000398823,40.825671999753133],[-81.310472999818373,40.825780000162332],[-81.310152000326326,40.825893999912473],[-81.310081000181214,40.825916000175582],[-81.309933000043202,40.825961999837041],[-81.309601999607096,40.826057000174799],[-81.30942400023018,40.82610400033446],[-81.309164999764079,40.82617000021326],[-81.308773000126934,40.82626000000387],[-81.308636999684481,40.826285999799801],[-81.308548999820943,40.826302999687009],[-81.308383999964505,40.826328000232955],[-81.308173000077304,40.82636100006907],[-81.307664000264282,40.826426999692053],[-81.307125000314031,40.826486999786709],[-81.304683000282736,40.826766999963688],[-81.304217000127409,40.826829000241162],[-81.30411199964712,40.82684599998916],[-81.303838000010728,40.826907000288607],[-81.303592999788336,40.826981999855562],[-81.303454999696086,40.827034000230562],[-81.303432999954765,40.827042000127776],[-81.303278999968995,40.827110000234704],[-81.303129000181144,40.827182999772134],[-81.302984000416188,40.827261999981729],[-81.302469999681989,40.827564999895841],[-81.301801000035397,40.82797299967249],[-81.301718000194711,40.828023000175492],[-81.30089499966401,40.828514000135002],[-81.300713000089146,40.828612999729373],[-81.300538000186947,40.82869499990624],[-81.300386999675894,40.828758000296538],[-81.300174999963787,40.828837999864348],[-81.299901000327409,40.828930999733359],[-81.298568000158781,40.829350999709945],[-81.296959999630516,40.829841000172095],[-81.295917999715016,40.830162999824807],[-81.294977000081872,40.830443999964423],[-81.294803999829497,40.830495999663725],[-81.293469999835963,40.830907999813604],[-81.292448999836864,40.831224999847649],[-81.29142399963979,40.831543000239414],[-81.290011000003531,40.83197700029222],[-81.288693999728409,40.83237099988775],[-81.28762900024671,40.832686000089979],[-81.286178999902191,40.833113999915042],[-81.284653000288031,40.833565999747861],[-81.283295999829946,40.833964999764333],[-81.283057000353665,40.834036000317916],[-81.282611000289819,40.834160999930283],[-81.282350000173906,40.8342260001521],[-81.2822510004397,40.834250999749962],[-81.281938000445265,40.834328999902631],[-81.281849999683402,40.834350000294037],[-81.281510999749685,40.834430999702398],[-81.28121299982385,40.834501999756931],[-81.279976999739603,40.834795999786046],[-81.279785000118991,40.834841000299633],[-81.278851999983416,40.835058000081958],[-81.278462999821002,40.835142000004303],[-81.277784999953582,40.835277999847129],[-81.276753000083815,40.835478999763652],[-81.275612000434123,40.835687000192046],[-81.274083000446893,40.83595000013274],[-81.273048000204099,40.83612500004493],[-81.272690999828725,40.836177999810708],[-81.272036000425814,40.836266999847801],[-81.270987999764216,40.8364110002275],[-81.270375000194136,40.836490000317099],[-81.270058999826617,40.8365229998535],[-81.269317000385087,40.836601000051651],[-81.268446000173824,40.836679999914821],[-81.268006999782685,40.836718999933041],[-81.267058999578509,40.836804999979158],[-81.26634999974894,40.836868999893724],[-81.265496999979334,40.836945999931984],[-81.265033000372142,40.83698300028928],[-81.264635999813805,40.837005000271482],[-81.264598000178964,40.837006999775241],[-81.264415999705776,40.837022000129231],[-81.26424099980359,40.837044000098487],[-81.264126000175864,40.837063999878872],[-81.263961000319426,40.837102999671167],[-81.26390699989274,40.837120999933482],[-81.263804999785492,40.837163000300102],[-81.263157999880193,40.837478000162442],[-81.262892999566347,40.837597000264566],[-81.262778999763526,40.837635999743291],[-81.262674000181534,40.837663000257713],[-81.262581000295114,40.837680999688381],[-81.262479000187867,40.837695000148322],[-81.262326000026988,40.837701999697565],[-81.261874999940289,40.837687000177141],[-81.261171000133572,40.837661999836087],[-81.260439999664399,40.837629999929554],[-81.259641000321466,40.837611000062651],[-81.259298000189787,40.837597000264566],[-81.258837000057341,40.83758599969299],[-81.258165999862612,40.837565000326649],[-81.258063999755336,40.837569999723307],[-81.257872000134725,40.837595000099],[-81.257354000100875,40.837690000081494],[-81.256974000159275,40.837747000277488],[-81.256646999921131,40.837789000247433],[-81.255918000000065,40.837868999793024],[-81.255249000353473,40.83793699967061],[-81.253809000054716,40.838083999707386],[-81.253162999974336,40.838152999778707],[-81.252490999954688,40.83822300019127],[-81.251735000269463,40.838302000160418],[-81.251024999716662,40.838378999893443],[-81.250285999749863,40.838459999816131],[-81.249766000066174,40.838517000029668],[-81.248817999862013,40.838624999906322],[-81.247827000000129,40.838738000274837],[-81.24679599995531,40.838850000047046],[-81.244682999811985,40.839085000028049],[-81.243271999825538,40.839242999856346],[-81.241273000383345,40.839469000332514],[-81.24036399963893,40.839574000198382],[-81.23858299975663,40.839777000101755],[-81.238480999649383,40.839789000019643],[-81.23744899977963,40.839905999954958],[-81.23718099999104,40.839936000027087],[-81.236334999894112,40.840033000144729],[-81.23623399961177,40.840044000310222],[-81.235380999842164,40.840141999974392],[-81.235087999939196,40.840176999819334],[-81.233856000052896,40.84030499987157],[-81.233611999655437,40.840322999944078],[-81.233378000202009,40.84033499976313],[-81.233192000429185,40.840336999846059],[-81.233059000359773,40.840334000061446],[-81.232798000243875,40.840322000242217],[-81.232562000242325,40.84030499987157],[-81.232351000355138,40.840281000220443],[-81.23215100033859,40.840252999710302],[-81.231809999856736,40.840192000135559],[-81.231525000349691,40.840130999825114],[-81.231186000415988,40.84004999990551],[-81.230711999864738,40.839926000231102],[-81.230402000243345,40.839845000060926],[-81.229732999698427,40.839661000330167],[-81.229371000198498,40.839555999922524],[-81.228792000065269,40.839388000283513],[-81.226960000129353,40.838867000111229],[-81.225986999810829,40.838586000329862],[-81.22274100041372,40.837664999741584],[-81.221101999923334,40.837194000003429],[-81.219525000255558,40.836741000002853],[-81.217535000135868,40.836191000144304],[-81.215835000444443,40.835723999892707],[-81.215288000098255,40.835577000059828],[-81.214836000186651,40.835465999970033],[-81.214725999683466,40.835441999926196],[-81.214379000252165,40.835368000189391],[-81.213703000034556,40.835238999660845],[-81.21334999985713,40.835173999752548],[-81.212882000051991,40.835088000309156],[-81.212191999590672,40.834955000104692],[-81.211642999594687,40.834858999816845],[-81.210633000364552,40.83468199970757],[-81.209879000329124,40.834558000186632],[-81.209127999768455,40.834428000330242],[-81.207619999697627,40.834184999758193],[-81.207329000342824,40.834141999748823],[-81.206918000439074,40.834091999781883],[-81.206387999811326,40.834040999980658],[-81.199725000414617,40.833530000006448],[-81.197541999951113,40.833369000055235],[-81.194473999930921,40.833131000090823],[-81.193878000079252,40.833085999775932],[-81.192882000194516,40.833012000128107],[-81.192518999971355,40.832987999875527],[-81.188551000325901,40.832705000009021],[-81.187489000318905,40.832626000166819],[-81.183386000055933,40.832339000145936],[-81.181922000366029,40.832233999695291],[-81.181056000177634,40.832170000064025],[-81.179637999620184,40.832073999821624],[-81.176747000050327,40.83186499978315],[-81.173088000201346,40.831609000142414],[-81.170432999734729,40.831419000285145],[-81.169841999905941,40.83138300005767],[-81.16919099980268,40.831357000221026],[-81.166053000360634,40.831252000254317],[-81.165399999709237,40.8312369999542],[-81.165102999608337,40.831237999793068],[-81.165084000240071,40.831239000311641],[-81.164865999781867,40.831245999862816],[-81.164628999955411,40.831262999837854],[-81.164335000227524,40.831295000098976],[-81.163925999973614,40.831351999676173],[-81.163462000366422,40.831427000333051],[-81.16313900032624,40.831486000146718],[-81.162827999981616,40.831541999725438],[-81.162191000122064,40.8316469999126],[-81.160806000074899,40.831891000100242],[-81.160297000261863,40.83197700029222],[-81.159822999710627,40.832058999707471],[-81.157211999624948,40.83246999984069],[-81.153773999708903,40.8329589998703],[-81.151504000105064,40.833288999836967],[-81.150514999893019,40.833438000276416],[-81.14987499966044,40.833530000006448],[-81.149582999582378,40.833564999944144],[-81.149171999678643,40.833602999952625],[-81.148759000125096,40.833631999676157],[-81.148286000297063,40.83365199980625],[-81.14799599986884,40.833658999782372],[-81.143736000145338,40.833695999935181],[-81.141495999780403,40.833686999679493],[-81.138411000041799,40.833589999791201],[-81.136573000258096,40.833537999799645],[-81.135153000050821,40.83349899994915],[-81.1343830001219,40.833474000067781],[-81.132722999715099,40.833435999985319],[-81.132367000062956,40.833435999985319],[-81.131951999961245,40.833446000080663],[-81.130767999755548,40.833491999956138],[-81.129228999722571,40.833561000049301],[-81.127338000235426,40.833661999869008],[-81.126391999681061,40.83370500018971],[-81.12476499978456,40.833764000015272],[-81.123844000242897,40.83379899982944],[-81.123430999791026,40.833815000029581],[-81.12293899969643,40.833836999703799],[-81.121773999757281,40.833890999738216],[-81.118941999738652,40.834030000178309],[-81.116933000250725,40.834120999971212],[-81.116222999697925,40.834157000071393],[-81.115261000148379,40.834193999946287],[-81.114685000388192,40.834210000051144],[-81.114270000286496,40.834207999783395],[-81.113595999718711,40.834191999678048],[-81.109592000088256,40.834094000053135],[-81.108078999994561,40.834060000191073],[-81.107991999955914,40.834058999715069],[-81.107280999578222,40.834050999984747],[-81.106806000100391,40.834056000326086],[-81.106390999998681,40.834067999920315],[-81.105682000169111,40.83410400004928],[-81.104441999886902,40.834181999695225],[-81.103260000229326,40.834249999956526],[-81.101962000220766,40.834335000015137],[-81.10137999971451,40.834377000107807]]},"properties":{"BASENAME":"153","MTFCC":"S1200","NAME":"State Rte 153","OBJECTID":100484,"OID":"1101561190340","PREDIR":null,"PREDIRABRV":null,"PREQUAL":null,"PREQUALABRV":null,"PRETYP":586,"PRETYPEABRV":"State Rte","RTTYP":"S","SUFDIR":null,"SUFDIRABRV":null,"SUFQUAL":null,"SUFQUALABRV":null,"SUFTYP":null,"SUFTYPEABRV":null}},{"type":"Feature","id":100485,"geometry":{"type":"LineString","coordinates":[[-81.398554999925693,40.799641000230395],[-81.398744999896479,40.799615000191274],[-81.398935999692185,40.799591000093777],[-81.399421000114089,40.799533000105754],[-81.400271000408964,40.799433000312256],[-81.400698000206219,40.79938300001897],[-81.400888000177034,40.799360999796427],[-81.401668999976621,40.799269000270343],[-81.402161000071217,40.799211000000959],[-81.402644999769862,40.799155000325932],[-81.403438000163362,40.799062999834348],[-81.403798000013467,40.799020999818822],[-81.404711000057532,40.798915000017743],[-81.40551000029879,40.798822000226053],[-81.406580999628275,40.798696999971767],[-81.406963999942931,40.798652000094599],[-81.407588000282004,40.798578000109408],[-81.408123000034308,40.798515000295907],[-81.408389999997979,40.798484000193028],[-81.409164999949795,40.798392999785449],[-81.4093409996769,40.798372000249095],[-81.409918999985194,40.798301999933173],[-81.4100179997194,40.798289999988221],[-81.410736999594718,40.798204999975717],[-81.411130999780028,40.798159000107553],[-81.412228999771997,40.798029000307899],[-81.413254999793978,40.797905999923032],[-81.414494000251295,40.797756000239964],[-81.415696999825272,40.797616000275255],[-81.416931000259694,40.797467999952687],[-81.417594000058514,40.79738599993518],[-81.418116000290354,40.79732200000042],[-81.419186999619839,40.797197000321809],[-81.419405999902963,40.797171999677758],[-81.420384000244354,40.797050999773532],[-81.420693000040828,40.797014000258962],[-81.421483000061272,40.796918999811879],[-81.421996000072241,40.796857999818187],[-81.424052000314148,40.796611000240794],[-81.425038000153151,40.796489000311446],[-81.426340000359659,40.796328000211993],[-81.426964999625326,40.796248999885229],[-81.426995999587461,40.796244999780129],[-81.427513999621311,40.796185999901624],[-81.427535000436023,40.796183999847187],[-81.4281739999454,40.796113000256007],[-81.429142000241043,40.795993000151796],[-81.429928999888418,40.795874000202581],[-81.430445000272456,40.795781999924188],[-81.431107000246357,40.795654000300544],[-81.433682000347019,40.795160999810911],[-81.436189999602249,40.794679999660381],[-81.436773999758358,40.794568000099289],[-81.43816499965331,40.794273000211433],[-81.439779000029318,40.793928999772589],[-81.441968000340623,40.793459999677466],[-81.442899999752953,40.79326099973656],[-81.443011999905963,40.793237000062241],[-81.443987999699218,40.793030999950417],[-81.444991999979891,40.792811000148646],[-81.446001000283417,40.792594999943169],[-81.447248000238346,40.792329999974918],[-81.447648000271414,40.792271000017678],[-81.447799999709048,40.792255999743531],[-81.447974999611247,40.792247999731984],[-81.448359999575729,40.792243000319338],[-81.44853600020113,40.792244999812397],[-81.448608000171134,40.792244999812397],[-81.449783000156032,40.792254000250807],[-81.450339999649643,40.79226000008903],[-81.450871999927202,40.792265999926649],[-81.451132000218195,40.792279000026454],[-81.451364999846689,40.792298999704208],[-81.451615999916868,40.792332000145471],[-81.451990000010682,40.792391999792819],[-81.452935999666707,40.792562000312778],[-81.454199000413468,40.792791999683296],[-81.454827000052177,40.792904000200146],[-81.45575000014199,40.793071000207007],[-81.45677500033905,40.793244000223162],[-81.457838999995872,40.79342500033939],[-81.458830999682647,40.793595000254648],[-81.460055999896255,40.793805999952113],[-81.460120000368676,40.793817000304735],[-81.461288999607461,40.794013999819455],[-81.461588000256526,40.794064000076226],[-81.462265000299027,40.794160999963751],[-81.463256999985816,40.794297000191342],[-81.463482999941633,40.794328000209262],[-81.464505999590543,40.794464999807857],[-81.465160000066845,40.794558000262839],[-81.466022000057293,40.794643999894888],[-81.466489999862432,40.79469099986818],[-81.467125000072159,40.794756999716533],[-81.467469999853648,40.794784000006572],[-81.468019999674567,40.794811999993492],[-81.468494000225803,40.794830999880709],[-81.469404999721732,40.794870000025945],[-81.470285000153851,40.794916000132915],[-81.470508999561531,40.79493000010001],[-81.471353000008619,40.794981000052339],[-81.471564999720712,40.794994000300619],[-81.472206999603131,40.795029999876277],[-81.472688999651993,40.795054000262624],[-81.472816999698509,40.795061999936067],[-81.473193000340459,40.795086000310846],[-81.473965999744124,40.795155000234843],[-81.474465000409722,40.795203999930358],[-81.47488299998615,40.795251999888478],[-81.475069999583908,40.795278000276362],[-81.476175999971815,40.795435000048037],[-81.47639799972967,40.79546699991262],[-81.477275999613624,40.795610000096644],[-81.478286999567004,40.795795000015623],[-81.479372000038509,40.796002000082119],[-81.480143999617269,40.796150000272746],[-81.480377000144088,40.796194000118746],[-81.481141000225236,40.796339999831588],[-81.482125000414428,40.796526000118618],[-81.482394999852858,40.796579000247576],[-81.482814000152516,40.796662000261854],[-81.483399000133517,40.796777999763862],[-81.483569999837755,40.79681199969675],[-81.48378999994577,40.796855000106959],[-81.483825999930787,40.796861999886403],[-81.484545999630996,40.797000999726173],[-81.485636999950302,40.797206999760704],[-81.485978000432155,40.797270999806344],[-81.48793300039172,40.797651000124119],[-81.488099999897997,40.797683000280649],[-81.489915999940393,40.798035000304289],[-81.491374999607402,40.798321000181652],[-81.491441999554553,40.798333999775885],[-81.49179300008214,40.79839699976116],[-81.492023000235918,40.79843100022488],[-81.492148999734297,40.798441999811203],[-81.492220999704301,40.798451000089564],[-81.492610999691649,40.798468999962573],[-81.493578999987307,40.798523999884317],[-81.494451000023489,40.798572999813331],[-81.495327000257646,40.798623000036706],[-81.49574999985694,40.798638000232408],[-81.496147000415291,40.798673000222408],[-81.496282000134514,40.798681000139815],[-81.4964720001053,40.798700999929125],[-81.496570999839506,40.798716999756259],[-81.49675900016048,40.798747000101741],[-81.496965999849721,40.798785999986556],[-81.498196999911116,40.799110000079246],[-81.498807000006465,40.799284000320021],[-81.499740000142026,40.79956800030395],[-81.500349000412484,40.799749000179311],[-81.500571000170339,40.799816000071836],[-81.500863000248373,40.799904000315195],[-81.502013000118907,40.800252000258169],[-81.503152999943708,40.800597000194536],[-81.503320000348268,40.800638000272784],[-81.503501000098254,40.800674000187882],[-81.50369199989396,40.800701000111403],[-81.503942000139219,40.800719999673213],[-81.504046999721197,40.800726000106337],[-81.504279000423097,40.800726999725136],[-81.504475000241683,40.800722999889871],[-81.504495000333165,40.800720999972128],[-81.504801999581517,40.80069799989375],[-81.50539499995844,40.800640999813112],[-81.506101000313279,40.800556000091014],[-81.506344999812427,40.800527000184921],[-81.506988000418076,40.800455999798594],[-81.508334000107212,40.800290000313417],[-81.508744000186013,40.800234999814812],[-81.508898999996717,40.800210000314983],[-81.509150999891787,40.800168999972364],[-81.509822999911449,40.800048000090825],[-81.510438999854586,40.799945999772014],[-81.510870999674722,40.799875000124239],[-81.511294000172342,40.799812999814236],[-81.51155500028824,40.799769999960027],[-81.511747999733771,40.799725999764135],[-81.511920999986145,40.799684000168099],[-81.512037000337102,40.799649999666144],[-81.512868000365401,40.799411999744834],[-81.512921000068843,40.799396999724088],[-81.513366000307769,40.799267999949549],[-81.513865000075057,40.79912500016485],[-81.514804999883296,40.798853999818093],[-81.515758000110338,40.798574000144598],[-81.516964000057371,40.798236999865189],[-81.517533999969771,40.798067999934503],[-81.518065000422425,40.797911999930534],[-81.518103999882172,40.797901000256438],[-81.518758000358446,40.79772699979064],[-81.519324000072885,40.797559000268237],[-81.519869999695842,40.79739899971252],[-81.520308000262062,40.79727499984967],[-81.521253000093196,40.797008000170287],[-81.522002999930649,40.796794999732455],[-81.522611000376187,40.796622000128643],[-81.523213000075643,40.796449999757151],[-81.523694000299571,40.796311000123815],[-81.524145000386284,40.796179999738172],[-81.52460599962042,40.796048000084802],[-81.524782000245821,40.795997999962132],[-81.525500000296233,40.795792999949406],[-81.526295000339516,40.795565999863591],[-81.526780999688015,40.795426999739455],[-81.526998000321299,40.795365000035446],[-81.527476000172186,40.79522699987217],[-81.527573000256567,40.795199000060279],[-81.527974000114568,40.795084000223255],[-81.528170999758061,40.79502799978701],[-81.52834499983534,40.794978000256243],[-81.529093999847859,40.794763999717247],[-81.529135999680662,40.794751999812789],[-81.529566999675879,40.794627000055563],[-81.530045000425091,40.794490999823878],[-81.530585000200247,40.794336999685221],[-81.531133000371341,40.794182999869427],[-81.531610000397322,40.794047999807759],[-81.532166999890919,40.793891999878227],[-81.532718000435068,40.793741000242491],[-81.533093000353773,40.793759999756162],[-81.533829999772436,40.793822000278944],[-81.536648000445666,40.794049000207217],[-81.538071999952592,40.7941589998483],[-81.538507000145771,40.794196000273963],[-81.538640000215167,40.794208000278921],[-81.54077400027488,40.794383000161481],[-81.541571999792893,40.79444799992266],[-81.54186300004605,40.794473000232365],[-81.542872000349576,40.794558000262839],[-81.544202999970068,40.794679999660381],[-81.545381000328007,40.794777999716402],[-81.546568999833383,40.794881000202267],[-81.547003000201656,40.794918000225557],[-81.54734700015824,40.794948000247707],[-81.548107000041441,40.795013999840577],[-81.548979999902542,40.795087000014576],[-81.549569999906396,40.795135999760276],[-81.550922000341615,40.795247000022009],[-81.551308000131002,40.795278999977199],[-81.551779000309196,40.795317999859272],[-81.553426000297193,40.795437999823484],[-81.554510000045482,40.795518999829717],[-81.554638000091998,40.795529000201448],[-81.555642000372657,40.795596999968993],[-81.557487999653958,40.79573000021314],[-81.560009000226287,40.79591200004382],[-81.560596999682048,40.795951000234105],[-81.561200000104705,40.796011000011219],[-81.562019000437445,40.796102999972248],[-81.562605000243366,40.796161999924514],[-81.56307700024648,40.796205000075688],[-81.563121999553985,40.796209000183239],[-81.563576000013754,40.796242999727468],[-81.563899000053937,40.796252999990131],[-81.564498000278647,40.796259000146996],[-81.565401000276978,40.796268000041302],[-81.565873000280078,40.796268000041302],[-81.56598999955763,40.796263999937302],[-81.566147999741375,40.796259999833062],[-81.56851199995485,40.796148000217215],[-81.569455000136159,40.796103999660666],[-81.571065000314221,40.796030000235412],[-81.571986999680817,40.795987999661001],[-81.572283999781732,40.795982999849961],[-81.572638999608969,40.795987999661001],[-81.573108999962258,40.796002000082119],[-81.573339999940927,40.796008000261722],[-81.573396999842345,40.796010000321409],[-81.573843999731096,40.796022999688113],[-81.574592999743643,40.796050000143339],[-81.574796000133219,40.796057000007671],[-81.575528000427312,40.796083000080287],[-81.575883000254564,40.796103999660666],[-81.575941999805792,40.796109000142721],[-81.576228999860973,40.796131000082951],[-81.576937999690543,40.79618500021445],[-81.577119000338826,40.796200000280983],[-81.579867999618457,40.796429000286217],[-81.58298099984448,40.796686000058195],[-81.584257999936611,40.79679099966026],[-81.584479999694452,40.796808999983384],[-81.585211999988573,40.796868999665108],[-81.5855319996557,40.796895999776254],[-81.586114000161999,40.796943000195327],[-81.586612000104353,40.796983999810337],[-81.586771000113032,40.796996999666391],[-81.588040999634146,40.797100999783176],[-81.589310000228679,40.797206000088906],[-81.589526000138747,40.797224000299501],[-81.590014999860287,40.797264999740953],[-81.590091000028266,40.797270999806344],[-81.590424999939117,40.797297999753944],[-81.590470000144947,40.797301999795636],[-81.590562000206461,40.797309999878259],[-81.591938000032812,40.797422999922482],[-81.591980999690506,40.797426999956592],[-81.59235800015739,40.797457999873046],[-81.592459000439717,40.797465999936918],[-81.592574999892349,40.797476000015358],[-81.592722000205441,40.79748800010745],[-81.592906000328455,40.797502999879562],[-81.592979000123407,40.797508999923444],[-81.593164000071312,40.797525000037886],[-81.594068999719468,40.797600000182797],[-81.594330999660286,40.797620999963364],[-81.594590000126374,40.797643000082587],[-81.595690999593103,40.797734000158194],[-81.596104999869894,40.797768000281494],[-81.597185000318532,40.79785900018576],[-81.597427999992775,40.797879000222721],[-81.598710000107801,40.797981999977665],[-81.600003999918357,40.79809300024111],[-81.601597000378007,40.798218000272712],[-81.601747999990735,40.798230000230674],[-81.602430999881051,40.798287999997164],[-81.604313000045693,40.798459999686656],[-81.605395999969062,40.798560000265958],[-81.607856000442013,40.798735000237187],[-81.609496999683913,40.7988610000668],[-81.613241999746606,40.799121000233001],[-81.615640000295286,40.799277000115914],[-81.61848400000946,40.799462000016277],[-81.619854999812944,40.799548999732352],[-81.620259999868892,40.799576999749597],[-81.620609999673263,40.799589999777893],[-81.620844999849893,40.799593000045569],[-81.621348999640063,40.799581999969995],[-81.621743999650249,40.799565000035088],[-81.622894000419109,40.799527000244815],[-81.622959999643044,40.799523999974106],[-81.623701000157979,40.799499000206481],[-81.623864000364591,40.799492999662441],[-81.624312999903168,40.799477000022335],[-81.626530999628457,40.799409000148962],[-81.628789000435049,40.799326000169131],[-81.629188999569806,40.799307000208309],[-81.630797999922962,40.799205000110916],[-81.631384999553802,40.799169000079083],[-81.631447000376411,40.799165999792237],[-81.631515999973374,40.799161999862854],[-81.633517999788609,40.799058000254853],[-81.635235000096785,40.798984000042218],[-81.635882000002084,40.798964000338181],[-81.636343000134531,40.79894500027369],[-81.639107000381102,40.798849999869908],[-81.640459999742902,40.798803999768722],[-81.642883000405931,40.798720999712401],[-81.644227000445227,40.798679999810204],[-81.645067999620963,40.798654999724675],[-81.646579000064833,40.798601999893073],[-81.647882000096246,40.798562999900149],[-81.648200000113548,40.7985490000192]]},"properties":{"BASENAME":"172","MTFCC":"S1200","NAME":"State Rte 172","OBJECTID":100485,"OID":"1101561190504","PREDIR":null,"PREDIRABRV":null,"PREQUAL":null,"PREQUALABRV":null,"PRETYP":586,"PRETYPEABRV":"State Rte","RTTYP":"S","SUFDIR":null,"SUFDIRABRV":null,"SUFQUAL":null,"SUFQUALABRV":null,"SUFTYP":null,"SUFTYPEABRV":null}},{"type":"Feature","id":100486,"geometry":{"type":"LineString","coordinates":[[-81.396403000322636,40.799928999930273],[-81.396498999683786,40.799888000094178],[-81.396589999920366,40.799862000151812],[-81.39679300030997,40.799830999997944],[-81.397447999712853,40.799730999973356],[-81.397668999645788,40.799701000072588],[-81.398063999656003,40.799645999765978],[-81.398371999627585,40.799611999924537],[-81.398436999924911,40.799611999924537],[-81.398493000001409,40.799621000044262],[-81.398554999925693,40.799641000230395]]},"properties":{"BASENAME":"172","MTFCC":"S1200","NAME":"State Rte 172","OBJECTID":100486,"OID":"1101561190505","PREDIR":null,"PREDIRABRV":null,"PREQUAL":null,"PREQUALABRV":null,"PRETYP":586,"PRETYPEABRV":"State Rte","RTTYP":"S","SUFDIR":null,"SUFDIRABRV":null,"SUFQUAL":null,"SUFQUALABRV":null,"SUFTYP":null,"SUFTYPEABRV":null}},{"type":"Feature","id":100487,"geometry":{"type":"LineString","coordinates":[[-81.396403000322636,40.799928999930273],[-81.396572000377034,40.799949000023609],[-81.396625999905382,40.799949000023609],[-81.396741000431419,40.799939000317714],[-81.396923000006311,40.799912000084234],[-81.397666999995977,40.799805000033253],[-81.397722000247555,40.799797999884042],[-81.398397999566853,40.799712999762519],[-81.39844500032082,40.79969999975831],[-81.398487999978542,40.799680000269994],[-81.398554999925693,40.799641000230395]]},"properties":{"BASENAME":"172","MTFCC":"S1200","NAME":"State Rte 172","OBJECTID":100487,"OID":"1101561190506","PREDIR":null,"PREDIRABRV":null,"PREQUAL":null,"PREQUALABRV":null,"PRETYP":586,"PRETYPEABRV":"State Rte","RTTYP":"S","SUFDIR":null,"SUFDIRABRV":null,"SUFQUAL":null,"SUFQUALABRV":null,"SUFTYP":null,"SUFTYPEABRV":null}},{"type":"Feature","id":100666,"geometry":{"type":"LineString","coordinates":[[-81.405346000267244,40.751030000180457],[-81.405739999554243,40.751041000131671],[-81.406465000175643,40.751060999976517],[-81.409144999858299,40.751151999909105],[-81.409550999739167,40.751166000254116],[-81.409714999770713,40.751169999671596],[-81.409836999969443,40.751173000085252],[-81.410315999645235,40.75118600006131],[-81.414030999570713,40.751306000139429],[-81.415474000242511,40.75135300015635],[-81.4174869999284,40.751417999835432],[-81.41764400028724,40.751423000279267],[-81.419508999835116,40.751483000131508],[-81.421975999980759,40.751566000019345],[-81.423141999744828,40.751602999673629],[-81.423311999624133,40.751608000103502],[-81.424397999920558,40.751642000022585],[-81.424937999695729,40.751660000332954],[-81.426865000066215,40.75172400003607],[-81.426969999648193,40.751726999744157],[-81.427316000152913,40.751738000260644],[-81.427505000298808,40.751743999675469],[-81.427884000415489,40.751757000220408],[-81.428536000343641,40.75178099991119],[-81.428829000246623,40.751791000063299],[-81.429168000180326,40.751803999918586],[-81.43154499991428,40.751885999732274],[-81.432934999984312,40.75194399982157],[-81.433634999593068,40.751968000125366],[-81.436030999593598,40.752049000065782],[-81.444411000196837,40.752355999750876],[-81.448176000350998,40.752493000179236],[-81.449537999933654,40.752538999693478],[-81.452923999971134,40.752643999678597],[-81.454377999615289,40.752689000107537],[-81.458850999774128,40.752831999846869],[-81.461242999576712,40.752911999757281],[-81.463512000253957,40.752986999926073],[-81.463903000066196,40.753000999884705],[-81.466624999581654,40.753099999848281],[-81.46769699963437,40.753152000271861],[-81.467857000366266,40.753156999904768],[-81.468606000378813,40.75318099977067],[-81.469186000336933,40.753203000320667],[-81.469357000041171,40.753219999874553],[-81.46952500027065,40.753245999704291],[-81.469690000127102,40.753284000117567],[-81.469849999960658,40.753331000097319],[-81.470017000365246,40.753391000269339],[-81.470173999825747,40.753459000308062],[-81.470279000306064,40.753512999748892],[-81.470417000398328,40.753595999824682],[-81.47050299971373,40.753657000084843],[-81.470582000254765,40.753722000233559],[-81.470762000179818,40.753898000275392],[-81.471203000220783,40.754376999808294],[-81.471763999912355,40.754974000297935],[-81.472091000150499,40.755326000091848],[-81.472318999756126,40.755587000201167],[-81.47244099995487,40.755740000070389],[-81.472522000145716,40.755858999800886],[-81.472593000290843,40.755981000195511],[-81.472652999666977,40.756107000167226],[-81.472737000230879,40.756310000299862],[-81.472974000057334,40.756879000126581],[-81.47322699977731,40.757522999661433],[-81.473514999657411,40.758258000175637],[-81.474030000216544,40.759548999665498],[-81.474636999938852,40.761007000279641],[-81.47475800031269,40.761308999724939],[-81.474872000115482,40.761561999853207],[-81.474918000146246,40.761649000234172],[-81.475011000032666,40.761770000003835],[-81.475048999667507,40.76180700010309],[-81.475094999698257,40.761841000249667],[-81.475195999980599,40.76189299995999],[-81.475305999585458,40.761931999716005],[-81.475418999563374,40.76195800022105],[-81.475997999696602,40.762062000098318],[-81.476283000101944,40.76211899995549],[-81.476852000189439,40.762250999687687],[-81.476957999596323,40.762277000067947],[-81.478088000273701,40.762549999704397],[-81.47882399986743,40.762719000213409],[-81.47910599989973,40.762787000236628],[-81.479269000106356,40.762837000189279],[-81.479371000213604,40.762877999768563],[-81.479464999924929,40.762928999840575],[-81.47954899959052,40.762989999701887],[-81.479620999560552,40.763058000128211],[-81.479681999659917,40.763133999922012],[-81.479731999888628,40.763213999682684],[-81.480029999814462,40.763831999998054],[-81.480244999899611,40.764255000223883],[-81.480358999702432,40.764477999859125]]},"properties":{"BASENAME":"627","MTFCC":"S1200","NAME":"State Rte 627","OBJECTID":100666,"OID":"1101561193386","PREDIR":null,"PREDIRABRV":null,"PREQUAL":null,"PREQUALABRV":null,"PRETYP":586,"PRETYPEABRV":"State Rte","RTTYP":"S","SUFDIR":null,"SUFDIRABRV":null,"SUFQUAL":null,"SUFQUALABRV":null,"SUFTYP":null,"SUFTYPEABRV":null}},{"type":"Feature","id":100667,"geometry":{"type":"LineString","coordinates":[[-81.386788000358351,40.771362000039112],[-81.386381999579186,40.770877000031504],[-81.385769999833983,40.770142999670874],[-81.385464000410551,40.769785999678078],[-81.385372000349037,40.769691999822157],[-81.385249000325402,40.769571000188186],[-81.385092999791468,40.76943599975742],[-81.384060999921715,40.768606000254181],[-81.38363699959919,40.768262000206605],[-81.383443000328754,40.768094000295662],[-81.383280999947033,40.767941000286584],[-81.383198000106361,40.767851999750228],[-81.383090000151327,40.767707000111706],[-81.382774999608742,40.767221999960206],[-81.382604999729438,40.766942999700142],[-81.382362000055195,40.766505999740559],[-81.382283000412471,40.766354000293809],[-81.382150000343088,40.766098000296601],[-81.381999999656927,40.76581600032759],[-81.381722999647494,40.765263999993579],[-81.381655999700357,40.765119000151245],[-81.381392000109699,40.764543000313743],[-81.381234999750873,40.76422799976875],[-81.381013999817938,40.76375100012541],[-81.380663000188662,40.763022999737387],[-81.380274999851139,40.762233000203537],[-81.379811000243947,40.761295999686965],[-81.379314999951404,40.76029399978642],[-81.378770999978272,40.759193999725618],[-81.378380000166032,40.758423999943524],[-81.378009000445275,40.757672000131713],[-81.37793199955405,40.757515999818409],[-81.377337000425612,40.756324999845958],[-81.376718999934312,40.755073999671112],[-81.376087999922561,40.753810000312711],[-81.375451999887929,40.752548000068124],[-81.375090000387999,40.75179599979856],[-81.374835000119859,40.751293999869134],[-81.374664000415649,40.750958000269044],[-81.3745759996538,40.750797000043271],[-81.374541000392014,40.750713000184945],[-81.374372000337601,40.75038000013992],[-81.374241999742935,40.750098999877466],[-81.374229000222471,40.750059999984515],[-81.374168000123092,40.749906000271075],[-81.374112000046608,40.749727999777861],[-81.373922999900714,40.749072000284762],[-81.373835999862081,40.748766999849849],[-81.373792000379467,40.748619000241384],[-81.373492999730402,40.747590000092764],[-81.373327000049045,40.747014999872775],[-81.373099000443418,40.746180999698467],[-81.372855999870865,40.745352000174208],[-81.372668000448201,40.744704000002734],[-81.372010999598842,40.742430999948887],[-81.37160800009103,40.741038999780123],[-81.371561000235374,40.740877000203298],[-81.371336999929383,40.740114000277543],[-81.371107999600525,40.739326999674489],[-81.370783999735423,40.738190000240252],[-81.370519000319874,40.737258999877213],[-81.370429999733091,40.7369620002641],[-81.370024999677142,40.735552000099858],[-81.369807000117262,40.7348490002421],[-81.369716999705574,40.734587999737322],[-81.369549000374406,40.734156999784048],[-81.369380000319978,40.733723999868637],[-81.369049999708793,40.732999999973302],[-81.368822000103151,40.732535999767848],[-81.368670999592098,40.732243000047198],[-81.368415000397391,40.73178399988663],[-81.368051000349311,40.731168999784629],[-81.367715999715244,40.730644000214298],[-81.367473000041002,40.730282999808828],[-81.3672470000852,40.729966000311784],[-81.366893999907774,40.729497000001878],[-81.366589000309247,40.729114999854083],[-81.366323999995373,40.728792000115597],[-81.366089999643648,40.728526000234986],[-81.365703000029356,40.728091999723539],[-81.365375999791212,40.727745000279093],[-81.365256000140619,40.727631000125605],[-81.365012999568052,40.72737600015013],[-81.364645000220335,40.727023000093297],[-81.364343999921459,40.726743999963624],[-81.363806999621033,40.726263000070411],[-81.36345000014397,40.725962000135148],[-81.362963000072256,40.725569000040949],[-81.362819000132205,40.725446999678283],[-81.36268900043585,40.725315999798752],[-81.362490000244222,40.725160999904439],[-81.361756000300289,40.724635999908337],[-81.360387999971564,40.723708000116503],[-81.359909000295772,40.723372000041429],[-81.358325000056951,40.722289999989464],[-81.357528000363843,40.721752999659984],[-81.35603799983636,40.720723999890104],[-81.355476000319882,40.720323999831066],[-81.355221999876676,40.720135999687848],[-81.354937000369645,40.719907999670873],[-81.354538999986389,40.719574999953942],[-81.353892999906009,40.719010000268646],[-81.353774000080335,40.718885000311047],[-81.353348999932876,40.718463999811163],[-81.353052999656867,40.718142999804904],[-81.352674000438498,40.717713999925202],[-81.352446999759465,40.71743999985668],[-81.352188000191703,40.717108999760789],[-81.351923999702734,40.71674599974645],[-81.351619999929113,40.716307999885267],[-81.35138999977535,40.715961000281183],[-81.351086999826649,40.715503999924849],[-81.350439000096443,40.714481999850278],[-81.350338999639021,40.714331000190626],[-81.350173999782584,40.714101999796263],[-81.349791000366253,40.713500000241766],[-81.349485999869401,40.71302200005762],[-81.349347999777152,40.712805000334377],[-81.349198999814234,40.712561000258937],[-81.349064999919932,40.712311999991279],[-81.3485209999468,40.71145500022466],[-81.347698000314423,40.710151999828668],[-81.347485999704006,40.709827000060478],[-81.347282000387821,40.709505999947616],[-81.345221999947952,40.706271999758499],[-81.345061000289462,40.706013000266168],[-81.344390999919639,40.704960000090701],[-81.344364999980371,40.704919000216641],[-81.344002999582131,40.704359999698148],[-81.343752000410277,40.703953000033486],[-81.343488999746242,40.703499999901638],[-81.343349999829059,40.703248999674678],[-81.343236000026238,40.703044000233653],[-81.342995000001807,40.702585000286938],[-81.342748999954509,40.702078999837532],[-81.342440999982941,40.70139799982956],[-81.342188000262965,40.700798000038347],[-81.341983000223536,40.700281000145544],[-81.341779000009041,40.699716999958127],[-81.34166500020622,40.699368000141988],[-81.341404999915227,40.698467999945599],[-81.341327999922342,40.698181000246954],[-81.341298999610018,40.698059999891925],[-81.341220999792213,40.697737999784664],[-81.34116399989081,40.697480000288813],[-81.341112999837179,40.697250000022549],[-81.340988999988625,40.696627000323211],[-81.340911000170806,40.696182000084491],[-81.340854000269417,40.695779000191614],[-81.340784999774101,40.695197000111904],[-81.340747000139288,40.694792999859253],[-81.340702999758349,40.694118999990245],[-81.340684000390098,40.693669000010722],[-81.340676999819081,40.693173999928483],[-81.340684000390098,40.692634000102807],[-81.340702999758349,40.69213999971366],[-81.340743999766232,40.691510999831245],[-81.340789999796982,40.691016999971005],[-81.340838000375868,40.690622000153006],[-81.340850000071441,40.690523999768381],[-81.340939999584833,40.689898000068737],[-81.341174999761463,40.688597000131438],[-81.34238999992931,40.681917999737031],[-81.34253399986936,40.681229999683822],[-81.342635999976608,40.680843000237473],[-81.342745999581467,40.680504999685567],[-81.342877000001039,40.680159000267878],[-81.343113000002589,40.679608999788975],[-81.343241000049119,40.679342000208045],[-81.343643999556932,40.678647000170059],[-81.343883999756443,40.678251999928463],[-81.344438999600214,40.677357999948583],[-81.344795000150668,40.676787999843327],[-81.345046000220847,40.676373999809584],[-81.345413999568564,40.675781999895982],[-81.345436000208196,40.675745999777682],[-81.345543000338324,40.675574000004104],[-81.345709999844573,40.675314999709869],[-81.345782999639511,40.675195999679296],[-81.346124000121364,40.674643000036383],[-81.346364000320875,40.674233000262497],[-81.346475999575546,40.674025000307225],[-81.346621000238827,40.673738000250175],[-81.346867000286124,40.673225000249275],[-81.346998999632277,40.672927000238609],[-81.347139000272676,40.672584000194036],[-81.347267000319192,40.672237999863093],[-81.347345999961917,40.672001999891279],[-81.347398999665359,40.671845999705425],[-81.347518000389357,40.671452000248969],[-81.347950000209494,40.669821000181443],[-81.348585000419234,40.667334000185988],[-81.348592000091912,40.667306000333383],[-81.348617000206289,40.667212000109529],[-81.348659000039063,40.667040999710593],[-81.348850999659675,40.666275999873285],[-81.349180000445969,40.665028999862237],[-81.349484000219576,40.663846000102716],[-81.350480000104341,40.659993999955361],[-81.350528999609821,40.659809000332849],[-81.351604000035607,40.655648999675016],[-81.352353999873046,40.65275199977016],[-81.352425000018158,40.652490000026496]]},"properties":{"BASENAME":"800","MTFCC":"S1200","NAME":"State Rte 800","OBJECTID":100667,"OID":"1101561193937","PREDIR":null,"PREDIRABRV":null,"PREQUAL":null,"PREQUALABRV":null,"PRETYP":586,"PRETYPEABRV":"State Rte","RTTYP":"S","SUFDIR":null,"SUFDIRABRV":null,"SUFQUAL":null,"SUFQUALABRV":null,"SUFTYP":null,"SUFTYPEABRV":null}},{"type":"Feature","id":100668,"geometry":{"type":"LineString","coordinates":[[-81.388047000008825,40.773001000027072],[-81.387910999566401,40.772794999729292],[-81.387871000281734,40.772740000264989],[-81.387824000426079,40.772674999664368],[-81.387670000440295,40.772483000334191],[-81.386867000001089,40.771523000123082],[-81.386810999924563,40.771420000143884],[-81.386788000358351,40.771362000039112]]},"properties":{"BASENAME":"800","MTFCC":"S1200","NAME":"State Rte 800","OBJECTID":100668,"OID":"1101561193938","PREDIR":null,"PREDIRABRV":null,"PREQUAL":null,"PREQUALABRV":null,"PRETYP":586,"PRETYPEABRV":"State Rte","RTTYP":"S","SUFDIR":null,"SUFDIRABRV":null,"SUFQUAL":null,"SUFQUALABRV":null,"SUFTYP":null,"SUFTYPEABRV":null}},{"type":"Feature","id":100669,"geometry":{"type":"LineString","coordinates":[[-81.388138000245434,40.772937999756095],[-81.388004000351131,40.77273099990304],[-81.387959000145287,40.772672000221185],[-81.387862000060892,40.772544000270109],[-81.387677999937893,40.772320999808734],[-81.386964999910361,40.771475000020537],[-81.386856000130422,40.771396000059745],[-81.386788000358351,40.771362000039112]]},"properties":{"BASENAME":"800","MTFCC":"S1200","NAME":"State Rte 800","OBJECTID":100669,"OID":"1101561193939","PREDIR":null,"PREDIRABRV":null,"PREQUAL":null,"PREQUALABRV":null,"PRETYP":586,"PRETYPEABRV":"State Rte","RTTYP":"S","SUFDIR":null,"SUFDIRABRV":null,"SUFQUAL":null,"SUFQUALABRV":null,"SUFTYP":null,"SUFTYPEABRV":null}},{"type":"Feature","id":100819,"geometry":{"type":"LineString","coordinates":[[-81.361957000141743,40.902824999966171],[-81.36166400023879,40.90314599992287],[-81.361202000281423,40.903621999757235],[-81.360889000286974,40.903944000018953],[-81.360752000019644,40.90408799994497],[-81.360588999813004,40.904276000338342],[-81.360409999712886,40.90451000032693],[-81.360249000054381,40.90474799983744],[-81.360129000403788,40.90496999986398],[-81.359596000301323,40.906061999825305],[-81.359479000125447,40.906286000321678],[-81.35925499981947,40.906641999804044],[-81.358494999936269,40.907807999683811],[-81.358351999821153,40.908001999915243],[-81.358258000109799,40.908115000064171],[-81.358133000436339,40.908242999861415],[-81.357959000359074,40.908390000028362],[-81.357879999818053,40.908449999905613],[-81.357579000417473,40.908642000233165],[-81.354814000345996,40.910262000148599],[-81.354389000198552,40.910505000005251],[-81.353954000005388,40.910739999673666],[-81.352389000033156,40.91154800030732],[-81.351957000213019,40.911796000094199],[-81.351650000066343,40.911977999751038],[-81.349712999650123,40.913128999812763],[-81.349480999846548,40.913271000186519],[-81.349348999602071,40.913362999701683],[-81.349223000103677,40.913463000092086],[-81.34910799957764,40.913568000101634],[-81.349012000216476,40.913677999706458],[-81.348920000154976,40.913802999744966],[-81.348844999811902,40.913920999906566],[-81.347648999910618,40.916034000301316],[-81.344545999730343,40.921491000207894],[-81.344385999896758,40.921782000189516],[-81.344277000116818,40.922013999662859],[-81.344210000169667,40.922216000237945],[-81.344169999986704,40.922370999807008],[-81.343437999692597,40.925983999855461],[-81.343412999578248,40.926070999821448],[-81.343220999957609,40.926701000066039],[-81.342890000419828,40.927751000248428],[-81.342118999767678,40.930301999769156],[-81.342065000239302,40.930455999677882],[-81.341989000071337,40.930640999983872],[-81.341891999986956,40.930822000321207],[-81.341815999818962,40.930946999837253],[-81.340967000247318,40.932146999718555],[-81.33985699966145,40.933700999894853],[-81.339674000261638,40.933964000155555],[-81.339567000131524,40.934130999782766],[-81.339454999978528,40.93433200032662],[-81.338946000165507,40.935340999836342],[-81.338874000195474,40.935504999830826],[-81.338724000407652,40.935905999794883],[-81.33843300015451,40.936791000214519],[-81.33829400023734,40.937220999669606],[-81.337819999686118,40.938682000242437],[-81.337624999692437,40.939264999768248],[-81.337187999849434,40.940603999896453],[-81.337105999833668,40.940808999948523],[-81.33706200035104,40.940887999676256],[-81.336992999855767,40.940983000082689],[-81.336935999954349,40.941049999715773],[-81.336865999634156,40.941121999681172],[-81.336788999641257,40.941190000066506],[-81.336622000134994,40.94131599985699],[-81.336186999941816,40.941621999801598],[-81.334912000397807,40.942500000310218],[-81.334740999795272,40.942626999830232],[-81.334621999969585,40.942728999754081],[-81.334549999999552,40.942800999924856],[-81.334483999877335,40.942877000095272],[-81.334426000150998,40.942957000251674],[-81.334354000180994,40.943081999877904],[-81.334294999731441,40.94320999982002],[-81.334190000149448,40.943472000041147],[-81.334000000178648,40.943982999874969],[-81.333948000300111,40.944148000296742],[-81.333917000337976,40.944275000040427],[-81.333889999675478,40.944435999749096],[-81.333864999561129,40.944667000268176],[-81.333800000162114,40.945649000112098],[-81.333778000420807,40.946147999746742],[-81.33378799956823,40.946357000099631],[-81.333811999857673,40.946550999825504],[-81.33384899966758,40.946729999735041],[-81.334071000323775,40.947616999886641],[-81.334233999632076,40.948304000278789]]},"properties":{"BASENAME":"Kent","MTFCC":"S1200","NAME":"Kent Ave NE","OBJECTID":100819,"OID":"1101561200129","PREDIR":null,"PREDIRABRV":null,"PREQUAL":null,"PREQUALABRV":null,"PRETYP":null,"PRETYPEABRV":null,"RTTYP":"M","SUFDIR":15,"SUFDIRABRV":"NE","SUFQUAL":null,"SUFQUALABRV":null,"SUFTYP":125,"SUFTYPEABRV":"Ave"}},{"type":"Feature","id":101059,"geometry":{"type":"LineString","coordinates":[[-81.320200999760544,40.789154000005659],[-81.320226999699813,40.788739000254523],[-81.320235000095721,40.788614000058899],[-81.320271999905657,40.788061000238883],[-81.320311000263715,40.787341999999455],[-81.320379000035757,40.786281999702148],[-81.320389000081533,40.786116000143224],[-81.320476999945072,40.784684999798372],[-81.320521000325996,40.783928999732552],[-81.320542000242398,40.783573000233751]]},"properties":{"BASENAME":"Trump","MTFCC":"S1200","NAME":"Trump Ave SE","OBJECTID":101059,"OID":"1101561202912","PREDIR":null,"PREDIRABRV":null,"PREQUAL":null,"PREQUALABRV":null,"PRETYP":null,"PRETYPEABRV":null,"RTTYP":"M","SUFDIR":17,"SUFDIRABRV":"SE","SUFQUAL":null,"SUFQUALABRV":null,"SUFTYP":125,"SUFTYPEABRV":"Ave"}},{"type":"Feature","id":101260,"geometry":{"type":"LineString","coordinates":[[-81.373291999888949,40.797050999773532],[-81.37329500026199,40.796789999982195],[-81.37328000019339,40.796641999858231],[-81.373253000429202,40.796528000162709],[-81.373218000269105,40.796444000297626],[-81.373130000405553,40.796279999671754],[-81.372880000160308,40.795865000254899],[-81.372659000227372,40.795498000064292],[-81.37258800008226,40.795372999671415],[-81.372532000005762,40.795258999836996],[-81.372492999647704,40.795164000278824],[-81.372458000385905,40.795057000055287],[-81.372449999989996,40.795025999697678],[-81.372432000446651,40.794953999842427],[-81.372413000180075,40.794821000083928],[-81.372402000309407,40.794666000320646],[-81.372403999959246,40.794471000126315],[-81.372391000438753,40.794338000080309]]},"properties":{"BASENAME":"Cherry","MTFCC":"S1200","NAME":"Cherry Ave SE","OBJECTID":101260,"OID":"1101561203655","PREDIR":null,"PREDIRABRV":null,"PREQUAL":null,"PREQUALABRV":null,"PRETYP":null,"PRETYPEABRV":null,"RTTYP":"M","SUFDIR":17,"SUFDIRABRV":"SE","SUFQUAL":null,"SUFQUALABRV":null,"SUFTYP":125,"SUFTYPEABRV":"Ave"}},{"type":"Feature","id":101266,"geometry":{"type":"LineString","coordinates":[[-81.366308000101867,40.826727000302093],[-81.366342000437029,40.826812999714633],[-81.366361999630215,40.826897999791058],[-81.366368000376312,40.827189999751468],[-81.366374000224084,40.827439000187212],[-81.366390000117605,40.827938000181568],[-81.366389000292713,40.828401000012342],[-81.366370999851057,40.829093000136602],[-81.366365999828176,40.829240000071906],[-81.366358000330578,40.829501000027932],[-81.366351999584481,40.829708000317339],[-81.366334000041121,40.830035999758017],[-81.366318000147601,40.830227000033886],[-81.366269999568715,40.83051100013148],[-81.366207999644416,40.830850999854732],[-81.366180999880243,40.830911000024727],[-81.366123999978839,40.830984000135707]]},"properties":{"BASENAME":"Market","MTFCC":"S1200","NAME":"Market Ave N","OBJECTID":101266,"OID":"1101561204649","PREDIR":null,"PREDIRABRV":null,"PREQUAL":null,"PREQUALABRV":null,"PRETYP":null,"PRETYPEABRV":null,"RTTYP":"M","SUFDIR":11,"SUFDIRABRV":"N","SUFQUAL":null,"SUFQUALABRV":null,"SUFTYP":125,"SUFTYPEABRV":"Ave"}},{"type":"Feature","id":101267,"geometry":{"type":"LineString","coordinates":[[-81.366123999978839,40.830984000135707],[-81.3660799995979,40.830924000031764],[-81.366067999902342,40.83089099974756],[-81.36606399970438,40.830822000274225],[-81.366134000024573,40.829769999884206],[-81.366149000093188,40.829556999923732],[-81.36617500003247,40.829163999789984],[-81.366195000123952,40.828717999796716],[-81.366195999948872,40.828694000029024],[-81.366216000040339,40.828236000305395],[-81.366228999560818,40.827777000246343],[-81.366240000329796,40.827441999875539],[-81.366257000048222,40.826908000192724],[-81.366276000314812,40.826811999809038],[-81.366308000101867,40.826727000302093]]},"properties":{"BASENAME":"Market","MTFCC":"S1200","NAME":"Market Ave N","OBJECTID":101267,"OID":"1101561204650","PREDIR":null,"PREDIRABRV":null,"PREQUAL":null,"PREQUALABRV":null,"PRETYP":null,"PRETYPEABRV":null,"RTTYP":"M","SUFDIR":11,"SUFDIRABRV":"N","SUFQUAL":null,"SUFQUALABRV":null,"SUFTYP":125,"SUFTYPEABRV":"Ave"}},{"type":"Feature","id":101481,"geometry":{"type":"LineString","coordinates":[[-81.370029999700023,40.81468199980835],[-81.369818999812821,40.815054999803863],[-81.369227000159114,40.816103000161625],[-81.369159000387057,40.816225000070709],[-81.368990000332644,40.816530000221547],[-81.368877000354743,40.816744999986781],[-81.368833999798724,40.8168409999858],[-81.368334000206531,40.818276000124406],[-81.368119000121382,40.818893000054487],[-81.367934000173449,40.819421000268072],[-81.367622999828825,40.820347000052415],[-81.366863999770558,40.822566000326461],[-81.366833999633315,40.822650999728204],[-81.366638999639648,40.823221000299654],[-81.366539999905442,40.823530000053722],[-81.366497000247733,40.823679999943295],[-81.366457000064784,40.823888999948885],[-81.366438999623114,40.824090999669878],[-81.366435000323463,40.824161999920335],[-81.366395000140486,40.824887999919376],[-81.366349000109736,40.82575600001104],[-81.366344000086855,40.825865000203279],[-81.366308000101867,40.826727000302093]]},"properties":{"BASENAME":"Market","MTFCC":"S1200","NAME":"Market Ave N","OBJECTID":101481,"OID":"1101561204651","PREDIR":null,"PREDIRABRV":null,"PREQUAL":null,"PREQUALABRV":null,"PRETYP":null,"PRETYPEABRV":null,"RTTYP":"M","SUFDIR":11,"SUFDIRABRV":"N","SUFQUAL":null,"SUFQUALABRV":null,"SUFTYP":125,"SUFTYPEABRV":"Ave"}},{"type":"Feature","id":101482,"geometry":{"type":"LineString","coordinates":[[-81.366123999978839,40.830984000135707],[-81.366040000313248,40.832108999848195],[-81.365992999559268,40.832827999782374],[-81.365974000191017,40.833124000058952],[-81.365942000403948,40.833593999684304],[-81.365906000418946,40.834150999942793],[-81.365852999817179,40.835185999824041],[-81.365800999938642,40.836246000063632],[-81.365750999709945,40.837215000166943],[-81.365723999945757,40.837724000120843],[-81.365694999633448,40.838282000073903],[-81.36560400029515,40.840109000200748],[-81.365585999853508,40.840458000331843],[-81.365580000005721,40.840583999766075],[-81.36554200037088,40.841357999967698],[-81.365484999571152,40.842475999932923],[-81.365424000370098,40.84364800030923],[-81.365405000103536,40.84402499976234],[-81.365391999684732,40.844295999774879],[-81.365333999958423,40.84555900030697],[-81.365272999859044,40.846787999744222],[-81.365256000140619,40.847089999842474],[-81.365246999919776,40.847391999923467],[-81.365173000299933,40.848822999823582],[-81.365150999660315,40.849263999914356],[-81.365062999796777,40.85108799972069],[-81.364960999689529,40.853196999862448],[-81.364906000336248,40.854389999684763],[-81.364882999871725,40.854798000160088],[-81.364878999673763,40.854881000044138],[-81.364783000312599,40.856763999868726],[-81.364718999840179,40.858026999881979],[-81.364692999900896,40.858477000147708],[-81.364617999557851,40.860113000081363],[-81.364478999640667,40.862625999919743],[-81.364414000241652,40.863857000107146],[-81.364398000348132,40.864163999959601],[-81.36421800042308,40.867542000167411],[-81.364186999562619,40.868239999698545],[-81.364133999859177,40.869049999702575],[-81.364108999744815,40.869621000020075],[-81.364057999691184,40.870614999994721],[-81.363999999964875,40.871683999925885],[-81.363958000132087,40.872539999858837],[-81.363941000413632,40.872892999912587],[-81.363938000040591,40.872945000271379],[-81.363881999964093,40.873985000229169],[-81.363860000222772,40.874462999722404],[-81.363835000108423,40.874984999725612],[-81.363785999704632,40.876137999998832],[-81.363788000252768,40.876235999939126],[-81.363791999552419,40.876641000156724],[-81.363749999719616,40.8778860000767],[-81.363733999826081,40.878356000114813],[-81.363722999955442,40.878700999948201],[-81.363719999582386,40.878788000325137],[-81.363681000122639,40.879932000155691],[-81.363624000221236,40.881606000168659],[-81.36362099984818,40.881691999687227],[-81.363599000106873,40.882218999840859],[-81.363563999946763,40.883056000329262],[-81.363475000258319,40.88627299996174],[-81.363400999740151,40.888886999729415],[-81.363387000394766,40.889388999796829],[-81.363323999747266,40.890622999735115],[-81.363305000379015,40.890968000139267],[-81.363295000333267,40.891153999888296],[-81.363223000363249,40.892475999819183],[-81.363101999989411,40.894676000187978],[-81.363067999654234,40.895307999965318],[-81.362968000095108,40.897174999999883],[-81.362849000269421,40.899408999892657],[-81.362795999667654,40.900427000290293],[-81.362747999987079,40.901179000224268],[-81.362732000093558,40.901281999770681],[-81.362718999674769,40.901377000086946],[-81.362682999689753,40.901552000312222],[-81.36264400023002,40.901688999758079],[-81.362595999651134,40.901826999730737],[-81.362523999681102,40.901999999865431],[-81.362440999840416,40.90216300032003],[-81.362363999847517,40.902289999970932],[-81.362254000242672,40.902447999778914],[-81.361957000141743,40.902824999966171]]},"properties":{"BASENAME":"Market","MTFCC":"S1200","NAME":"Market Ave N","OBJECTID":101482,"OID":"1101561204652","PREDIR":null,"PREDIRABRV":null,"PREQUAL":null,"PREQUALABRV":null,"PRETYP":null,"PRETYPEABRV":null,"RTTYP":"M","SUFDIR":11,"SUFDIRABRV":"N","SUFQUAL":null,"SUFQUALABRV":null,"SUFTYP":125,"SUFTYPEABRV":"Ave"}},{"type":"Feature","id":101483,"geometry":{"type":"LineString","coordinates":[[-81.282627000183354,40.787215000250235],[-81.284115999987591,40.787209999778526],[-81.285116999895209,40.787212999925586],[-81.286149999589881,40.787217999716908],[-81.287131000304328,40.787219000219267],[-81.288180999717426,40.787221999685762],[-81.28894999982144,40.787224000010184],[-81.289660000374241,40.787226000334542],[-81.291380999982096,40.787231999946933],[-81.291581999823549,40.787235999914948],[-81.292787999770567,40.787262000041132],[-81.294023999854829,40.787289999799455],[-81.294757999798748,40.787307999977926],[-81.295233000174917,40.787318000226136],[-81.297303999587101,40.787375000183708],[-81.297922000078401,40.787401000255528]]},"properties":{"BASENAME":"Nassau","MTFCC":"S1200","NAME":"W Nassau St","OBJECTID":101483,"OID":"1101561204878","PREDIR":14,"PREDIRABRV":"W","PREQUAL":null,"PREQUALABRV":null,"PRETYP":null,"PRETYPEABRV":null,"RTTYP":"M","SUFDIR":null,"SUFDIRABRV":null,"SUFQUAL":null,"SUFQUALABRV":null,"SUFTYP":595,"SUFTYPEABRV":"St"}},{"type":"Feature","id":101487,"geometry":{"type":"LineString","coordinates":[[-81.372925000366152,40.798079000260969],[-81.372665000075159,40.79879700019405],[-81.372419000027861,40.799493999979838],[-81.372176000353605,40.800178000016565],[-81.371927999758185,40.800881000000878],[-81.371731999939584,40.801405000285158],[-81.371670000015314,40.801551000097305],[-81.371423999968016,40.802223999699379],[-81.371319000386023,40.802519999886606],[-81.371209999707773,40.802824000211849],[-81.371102999577644,40.80312200028871],[-81.370553999581659,40.804629999884277],[-81.370493000380606,40.804817999855835],[-81.370448999999681,40.804984000256063],[-81.370242000310441,40.806081999943054],[-81.370182999860887,40.806390999979179],[-81.370120999936617,40.806711000192202],[-81.370058000187413,40.80703400015355],[-81.369987000042315,40.807404999912137],[-81.369940000186645,40.807656000218351],[-81.369766000109365,40.80855999978732],[-81.369659999804156,40.809086000304269],[-81.369582999811271,40.809527999745846],[-81.369566000092831,40.809617000195651],[-81.36949800032076,40.809982000195845],[-81.369406000259261,40.810471000147096],[-81.369357999680375,40.81077600023427],[-81.369311999649625,40.811137000090589],[-81.369190000349192,40.812497999767068],[-81.369166999884669,40.812853999872793],[-81.369171999907522,40.812990999988948],[-81.369190000349192,40.813127999822164],[-81.369219999588111,40.813262999832681],[-81.369258999946169,40.813397000140611],[-81.369294999931185,40.813489999906011]]},"properties":{"BASENAME":"Walnut","MTFCC":"S1200","NAME":"Walnut Ave NE","OBJECTID":101487,"OID":"1101561205603","PREDIR":null,"PREDIRABRV":null,"PREQUAL":null,"PREQUALABRV":null,"PRETYP":null,"PRETYPEABRV":null,"RTTYP":"M","SUFDIR":15,"SUFDIRABRV":"NE","SUFQUAL":null,"SUFQUALABRV":null,"SUFTYP":125,"SUFTYPEABRV":"Ave"}},{"type":"Feature","id":101488,"geometry":{"type":"LineString","coordinates":[[-81.372925000366152,40.798079000260969],[-81.373178999911048,40.797361999711846],[-81.373291999888949,40.797050999773532]]},"properties":{"BASENAME":"Walnut","MTFCC":"S1200","NAME":"Walnut Ave SE","OBJECTID":101488,"OID":"1101561205609","PREDIR":null,"PREDIRABRV":null,"PREQUAL":null,"PREQUALABRV":null,"PRETYP":null,"PRETYPEABRV":null,"RTTYP":"M","SUFDIR":17,"SUFDIRABRV":"SE","SUFQUAL":null,"SUFQUALABRV":null,"SUFTYP":125,"SUFTYPEABRV":"Ave"}},{"type":"Feature","id":101493,"geometry":{"type":"LineString","coordinates":[[-81.339552000062909,40.791334999815128],[-81.33856399967577,40.791200000083521],[-81.337946000082809,40.791120999775728],[-81.336946000000083,40.790992000241907],[-81.336146999758853,40.790890000290709],[-81.33588499981802,40.790856999812874],[-81.334676000396257,40.790706999845526],[-81.333853999690476,40.790599000148937],[-81.332261999954056,40.790398000245865],[-81.33090500039431,40.790223000061474],[-81.329332999851061,40.790027999740268],[-81.328572000142941,40.789930000154314],[-81.328254000125639,40.789892000289832],[-81.327153999585491,40.789780999916871],[-81.326503000380583,40.789714000098201],[-81.325803999698437,40.789642999709052],[-81.325067000279759,40.789572999710884],[-81.32436400029799,40.789505999682397],[-81.323364000215278,40.789427999868572],[-81.322062999833705,40.789314999818828],[-81.320200999760544,40.789154000005659],[-81.319641999718812,40.789114000109805],[-81.319557000228301,40.789107999987316],[-81.318276999763114,40.789018000125452],[-81.317367000092091,40.788965999877611],[-81.316852000431297,40.788932000007463],[-81.316299000237322,40.788895999845913],[-81.315986000242873,40.78887599982329],[-81.315858000196357,40.788867000287226],[-81.314263000086896,40.788760000117392],[-81.313499000005763,40.788706000067954],[-81.312355999807906,40.788610000173897],[-81.311722000321424,40.788556999804513],[-81.311200000089599,40.788494000003375],[-81.310975999783608,40.788460999695054],[-81.310456000099933,40.788380999724517],[-81.309681000148117,40.788263000221164],[-81.308616999592999,40.788102999706652],[-81.307973999885675,40.788012999842941],[-81.306978000000925,40.787889000133219],[-81.306331999920559,40.787813999900244],[-81.305859000092539,40.787769000127867],[-81.305504000265302,40.787747000137372],[-81.303238999786018,40.787653999664165],[-81.301769000248342,40.787581000159548],[-81.301098999878533,40.787552000026636],[-81.298590999724993,40.787432999911388],[-81.298036999706127,40.787406999852102],[-81.297922000078401,40.787401000255528]]},"properties":{"BASENAME":"Lincoln","MTFCC":"S1200","NAME":"Lincoln St E","OBJECTID":101493,"OID":"1101561207443","PREDIR":null,"PREDIRABRV":null,"PREQUAL":null,"PREQUALABRV":null,"PRETYP":null,"PRETYPEABRV":null,"RTTYP":"M","SUFDIR":13,"SUFDIRABRV":"E","SUFQUAL":null,"SUFQUALABRV":null,"SUFTYP":595,"SUFTYPEABRV":"St"}},{"type":"Feature","id":101709,"geometry":{"type":"LineString","coordinates":[[-81.33101300034933,40.76457799990412],[-81.330471000026009,40.764207999802558],[-81.330132999917211,40.763955000220676],[-81.329927999877796,40.763791000326854],[-81.329732999884143,40.763621000325038],[-81.329510000301383,40.763411000162726],[-81.329260000056138,40.763158000268582],[-81.329020999681518,40.762901000019362],[-81.328824999862945,40.762674999961227],[-81.328670999877147,40.762482000119121],[-81.328499000348017,40.762244999860165],[-81.328336999966311,40.762003999990561],[-81.328186000353568,40.761758999786451],[-81.328044999888263,40.76151100009308],[-81.327917999666653,40.761257999770741],[-81.327782999947445,40.760960000283148],[-81.32762399993878,40.760573000061946],[-81.327459000082342,40.760139999961979],[-81.327028000087111,40.758969999805792],[-81.326638999924697,40.757929999768024],[-81.326034999677105,40.756283000019621],[-81.325771000086462,40.755573999724568],[-81.325357999634591,40.754464000066328],[-81.325186999930381,40.7539860001216],[-81.324843999798688,40.753077999944729],[-81.324110999679675,40.751084999918504],[-81.323939999975451,40.750654000010393],[-81.323772999570878,40.750270000132588],[-81.323613999562227,40.749931000332793],[-81.323443999682908,40.749594999970043],[-81.323241000191629,40.749220999959597],[-81.323000999992118,40.748810000060566],[-81.322800000150679,40.748484000127384],[-81.322586999715327,40.748162999965523],[-81.322363000307675,40.747845999913288],[-81.322221000017436,40.747657000202125],[-81.322098999818706,40.747494999730534],[-81.321760999709909,40.747071999701134],[-81.32116400003332,40.746346999675765],[-81.319012000430263,40.743761999817544],[-81.318517999787531,40.743147000181757],[-81.318157000112521,40.742682000151255],[-81.318132999823078,40.742649000227537],[-81.317748999683516,40.742132999785689],[-81.317439999887029,40.741696999895716],[-81.317089000257766,40.741175999702534],[-81.31682700031692,40.740771000174227],[-81.316488000383217,40.740246999989026],[-81.316237000313052,40.73983900000519],[-81.315642000286289,40.738843999792813],[-81.315575000339138,40.738732999890935],[-81.314992000007962,40.737746999806866],[-81.313405000294409,40.735086000142097],[-81.31310999984332,40.734590000284932],[-81.312345999762158,40.733297000256293],[-81.311668999719657,40.732170000248246],[-81.310723999888538,40.730582999947615],[-81.310326000403592,40.729915000142178],[-81.308844000272032,40.727411000244665],[-81.308014000068653,40.726016000117426],[-81.30792500038018,40.725867000198576]]},"properties":{"BASENAME":"Zwallen","MTFCC":"S1200","NAME":"Zwallen Way SE","OBJECTID":101709,"OID":"1101561208671","PREDIR":null,"PREDIRABRV":null,"PREQUAL":null,"PREQUALABRV":null,"PRETYP":null,"PRETYPEABRV":null,"RTTYP":"M","SUFDIR":17,"SUFDIRABRV":"SE","SUFQUAL":null,"SUFQUALABRV":null,"SUFTYP":661,"SUFTYPEABRV":"Way"}},{"type":"Feature","id":101880,"geometry":{"type":"LineString","coordinates":[[-81.339899000392549,40.833954999747228],[-81.339800999584924,40.833988999663191],[-81.339202000258538,40.834186000232286],[-81.338542999759383,40.834390999906233],[-81.33777000035569,40.83461999997612],[-81.337212999963796,40.834776000001114],[-81.336427000141327,40.834983000134145],[-81.335694000022315,40.835161999678832],[-81.334900999628843,40.835347999897344],[-81.333932000406591,40.835561000284919],[-81.329533999692515,40.836494000035238],[-81.327650999702954,40.836898999981052],[-81.327156000133641,40.837002000336128],[-81.325022000073915,40.83744800033714],[-81.321596999678377,40.838180000082495],[-81.320511000280263,40.838406999835939],[-81.317352999848396,40.839078999665837],[-81.314001000146078,40.839793999928197],[-81.313092000299974,40.839998999930451],[-81.312469999610727,40.840148000240383],[-81.31173999986477,40.84033499976313],[-81.310958000240277,40.840544999982967],[-81.310347000319993,40.840717999926362],[-81.310232999618847,40.840753000146762],[-81.309742000247482,40.840902999814055],[-81.309082999748327,40.841109999844058],[-81.307825999747664,40.841508000304657],[-81.30753399966963,40.841601999753784],[-81.307506999905442,40.841611000294115],[-81.305299000225887,40.842323000053369],[-81.305233000103627,40.842343999951133],[-81.305042000307921,40.842405999934115],[-81.302406999932799,40.843249000129425],[-81.30163899965369,40.843494000083361],[-81.297738999780279,40.844742000306802],[-81.296492999650297,40.84514300027039],[-81.296449999992603,40.84515699983379],[-81.292827000128625,40.846315999984419],[-81.291794000433967,40.846649999839713],[-81.289773000352156,40.847294000106523],[-81.286881000059054,40.848215000086348],[-81.285892999671916,40.848535999935287],[-81.280417999780568,40.850287000236769],[-81.279678999813768,40.850534999995489],[-81.27963500033114,40.850550000005953],[-81.279046000152178,40.850762999787655],[-81.278935999649008,40.850802999896821],[-81.27829899978947,40.8510389998454],[-81.278046000069466,40.85113799977799],[-81.277770999709858,40.851244999936881],[-81.276522999930037,40.851761999819594],[-81.275803000229814,40.852074999879143],[-81.275091000027217,40.852401999890347],[-81.274546000229165,40.852662999707377],[-81.274094000317547,40.852888999947105],[-81.273406000404378,40.853242000114051],[-81.272049999771198,40.85396600000562],[-81.270612000020591,40.854741999843952],[-81.270350000079759,40.854885000011393],[-81.269559000234437,40.85531299986544],[-81.269350999821981,40.855425000164558],[-81.268662000083893,40.855796999823326],[-81.265228000365823,40.857653000276208],[-81.265110000365041,40.857716999762609],[-81.263819999854107,40.858414000145054],[-81.263612000339961,40.858527000064022],[-81.26324400009392,40.858727000031251],[-81.262675000006453,40.859037000179939],[-81.262455999723329,40.859155000201568],[-81.260329000234634,40.860299000257392],[-81.259131999610119,40.860951000227452],[-81.258406999887015,40.861358999699064],[-81.258304999779767,40.861415999919721],[-81.257978000439934,40.861599999713206],[-81.257540999698634,40.861829000208111],[-81.256793000409303,40.862249000313007],[-81.25629600029184,40.862535999905909],[-81.255501000248557,40.863007000254306],[-81.254466999830669,40.863642000243956],[-81.253691000053934,40.864140000117594],[-81.245985000018464,40.869122999924897],[-81.242911000150528,40.871109999987326],[-81.242099000388791,40.871601000038986],[-81.24179600044009,40.871784000158854],[-81.24137299994247,40.872062000067267],[-81.241030999635711,40.872267000094972],[-81.240096999675245,40.872806999830445],[-81.239083000247149,40.873371999700581],[-81.238490999695131,40.873690000287645],[-81.237807999804829,40.874047999684848],[-81.23697699977653,40.87446900027674],[-81.236358000358649,40.874773000254457],[-81.235775000027459,40.875054000089477],[-81.234795999861134,40.875509000068085],[-81.234076000160925,40.87583000011535],[-81.233327000148407,40.876158000206345],[-81.232568999915017,40.876474999801992],[-81.231287999624911,40.87699099991702],[-81.230587000191278,40.877259000100999],[-81.229797000170848,40.877552999941848],[-81.228407000100802,40.87805499972459],[-81.217145000148534,40.882096000052812],[-81.203709999778511,40.886913999688943],[-81.197960000425837,40.888976000272073],[-81.188835000008027,40.892247000061992],[-81.18485800014173,40.893672999990869],[-81.183683000156847,40.894097999663565],[-81.183038999726293,40.894343999893117],[-81.182425000331278,40.894586999842865],[-81.181647999831327,40.894908999952172],[-81.181051999979672,40.895165000169214],[-81.18049299993794,40.895413999833082],[-81.179712999963243,40.895777000322951],[-81.179244000333199,40.896004999864708],[-81.178188999998909,40.896535000069626],[-81.177585999576237,40.896855999996987],[-81.176999999770302,40.897176999724728],[-81.176328999575574,40.897561000094299],[-81.175741999944748,40.897903999925916],[-81.175418999904565,40.898103000273984],[-81.17515100011596,40.898267999839071],[-81.174341000004048,40.898783999798034],[-81.173913000381887,40.89906400004913],[-81.173895999765122,40.899074999918426]]},"properties":{"BASENAME":"Atlantic","MTFCC":"S1200","NAME":"Atlantic Blvd NE","OBJECTID":101880,"OID":"1101561208722","PREDIR":null,"PREDIRABRV":null,"PREQUAL":null,"PREQUALABRV":null,"PRETYP":null,"PRETYPEABRV":null,"RTTYP":"M","SUFDIR":15,"SUFDIRABRV":"NE","SUFQUAL":null,"SUFQUALABRV":null,"SUFTYP":142,"SUFTYPEABRV":"Blvd"}},{"type":"Feature","id":101881,"geometry":{"type":"LineString","coordinates":[[-81.340251999671636,40.833987999865812],[-81.339896999844413,40.834107000115779],[-81.338838000210458,40.834462999793821],[-81.338238999985762,40.834657000272287],[-81.337524000308406,40.834873999977205],[-81.336860999611275,40.83506799993264],[-81.336418999745391,40.835188000062338],[-81.335740999877984,40.835359000160679],[-81.33544299995215,40.835429999901038],[-81.335119999911967,40.835507000251397],[-81.334442000044533,40.835661999776391],[-81.334381999770059,40.835675999983131],[-81.327146000087893,40.837215999915614],[-81.324550000070815,40.837766999845769],[-81.320461000051537,40.83863600030552],[-81.317341999977742,40.839295000130392],[-81.315891999633237,40.839602000315786],[-81.314299000071912,40.839945000114028],[-81.313503000203724,40.840121999763433],[-81.312709999810238,40.840309999741201],[-81.311922000337944,40.840506000176909],[-81.311306000394808,40.840668999858579],[-81.310639000398041,40.840858000017469],[-81.309922000172548,40.841072000061004],[-81.309194000076388,40.84129900010462],[-81.307526999996924,40.84183100005886],[-81.307496000034789,40.841841999926025],[-81.302403999559758,40.843472000216032],[-81.301568000406888,40.843738000160862],[-81.301297000245228,40.84382399993509],[-81.297727000084734,40.844959000296825],[-81.297302999762195,40.845099000264064],[-81.297164999669945,40.84514300027039],[-81.296615999673932,40.8453190000034],[-81.296444000144788,40.845373999824091],[-81.289937000383688,40.847455000214637],[-81.287358999909955,40.848278999856475],[-81.282164000401082,40.849941000249949],[-81.280370000099992,40.850518999754122],[-81.280309000000628,40.85053900022514],[-81.279836000172594,40.850701999693669],[-81.279816999906032,40.850707999683081],[-81.279611999866617,40.850778999970153],[-81.279067000068579,40.850976000243698],[-81.278907000235009,40.851034000105713],[-81.278034000373907,40.851363000248291],[-81.277420000080596,40.851609999845607],[-81.277004999978899,40.851781999915346],[-81.276297999799141,40.852090000220407],[-81.275363999838689,40.852513999674805],[-81.27465900020708,40.852851000123046],[-81.274109000386161,40.853119999678114],[-81.273361000198534,40.853508000252191],[-81.270775000227204,40.854900999877884],[-81.270400000308484,40.855103999717016],[-81.269803999558505,40.855426999792037],[-81.268862000100427,40.855935999848342],[-81.265859000377574,40.857562000178063],[-81.26349799963883,40.858837999891776],[-81.262817000296664,40.859200999899706],[-81.262541999937056,40.859352000028402],[-81.262389999601083,40.859435000321469],[-81.259793999584033,40.860838999759636],[-81.259128000310469,40.861191000300934],[-81.258392999643306,40.861595000091121],[-81.258292000259303,40.861651000049221],[-81.258087000219874,40.861763999881134],[-81.257764000179691,40.861925000156326],[-81.257523999980194,40.862052000270332],[-81.256903999839068,40.862401999703906],[-81.256036000000847,40.862905000272583],[-81.255620999899165,40.863154999748609],[-81.255146000421306,40.863442000171126],[-81.254512000036499,40.86383700025992],[-81.253084000331626,40.864756999889671],[-81.245919999721153,40.869390000089723],[-81.243214999924135,40.871139000281119],[-81.242874000340592,40.871343999770183],[-81.242445999820106,40.871613000307313],[-81.241569999585963,40.872163000309342],[-81.241084000237464,40.872452000204724],[-81.24037700005772,40.872862999817613],[-81.23976600013745,40.873209000313423],[-81.238371999869443,40.873959999997282],[-81.23762200003199,40.874348999954876],[-81.236849999554906,40.874735999940754],[-81.236245000380748,40.875030999976168],[-81.235655000376866,40.87531100022138],[-81.234923999907664,40.875649999855213],[-81.233933000045795,40.876090999996784],[-81.233011999605807,40.876486000030717],[-81.231944999575944,40.876922000213575],[-81.23123800029451,40.877201000107519],[-81.230550000381342,40.877464000338094],[-81.229894000255229,40.877706999790192],[-81.228393999682012,40.878246000173775],[-81.221869000377552,40.880591000172416],[-81.217238000034968,40.882248999771036],[-81.213041999885547,40.883758000244946],[-81.212495000437698,40.883948999858276],[-81.208109000317492,40.885526999917126],[-81.206822000179599,40.885985000331161],[-81.20381899955845,40.887062999753269],[-81.199744999607802,40.888526000131165],[-81.198125000282289,40.889103999759158],[-81.194454999664345,40.890422999671181],[-81.188752000167355,40.892465999804834],[-81.184802000065247,40.893880999714874],[-81.183781999891053,40.894251999721142],[-81.182985000197931,40.894557000073384],[-81.182467000164081,40.894764999734299],[-81.181580999884176,40.895131999963411],[-81.180986999682347,40.895392000233237],[-81.180486000265233,40.895619999743843],[-81.179750999598085,40.895963000133264],[-81.179245000158105,40.896209000218171],[-81.178344999634504,40.896664000081664],[-81.177759999653503,40.896970999909264],[-81.177053000372069,40.897362000152746],[-81.176476999713586,40.897690000142603],[-81.175781000302791,40.898103000273984],[-81.175511999790984,40.898267000332631],[-81.175255999697939,40.898424000061659],[-81.174602999944867,40.898839000037917],[-81.174105000002498,40.899166000001266],[-81.174089999933869,40.899175999681894]]},"properties":{"BASENAME":"Atlantic","MTFCC":"S1200","NAME":"Atlantic Blvd NE","OBJECTID":101881,"OID":"1101561208723","PREDIR":null,"PREDIRABRV":null,"PREQUAL":null,"PREQUALABRV":null,"PRETYP":null,"PRETYPEABRV":null,"RTTYP":"M","SUFDIR":15,"SUFDIRABRV":"NE","SUFQUAL":null,"SUFQUALABRV":null,"SUFTYP":142,"SUFTYPEABRV":"Blvd"}},{"type":"Feature","id":101882,"geometry":{"type":"LineString","coordinates":[[-81.366358000330578,40.829501000027932],[-81.366206999819525,40.829541000055443],[-81.366149000093188,40.829556999923732],[-81.36581099998439,40.829646999875578],[-81.36478499996241,40.829942000220932],[-81.36403099992701,40.830147999958044],[-81.363757000290605,40.83022299993771],[-81.363562000296952,40.830277000196737],[-81.363117999882945,40.830393000075908],[-81.363091000118757,40.830399999716391],[-81.362757000207921,40.830487000333079],[-81.362137000066824,40.830655999946785],[-81.361977000233239,40.830692999736407],[-81.361907999737966,40.830709000006443],[-81.361732000010861,40.830740000008809],[-81.361553999735619,40.830762000023689],[-81.361412000343719,40.830774000214049],[-81.361342000023512,40.830784999876926],[-81.361284000297189,40.830800000279304],[-81.361220999649689,40.83083500029867]]},"properties":{"BASENAME":"Atlantic","MTFCC":"S1200","NAME":"Atlantic Blvd NE","OBJECTID":101882,"OID":"1101561208725","PREDIR":null,"PREDIRABRV":null,"PREQUAL":null,"PREQUALABRV":null,"PRETYP":null,"PRETYPEABRV":null,"RTTYP":"M","SUFDIR":15,"SUFDIRABRV":"NE","SUFQUAL":null,"SUFQUALABRV":null,"SUFTYP":142,"SUFTYPEABRV":"Blvd"}},{"type":"Feature","id":101883,"geometry":{"type":"LineString","coordinates":[[-81.366351999584481,40.829708000317339],[-81.366197999598683,40.829751999665064],[-81.366134000024573,40.829769999884206],[-81.365796999740695,40.82986600006393],[-81.364095000399431,40.830329999879623],[-81.363875000291401,40.830389999841351],[-81.363175999609254,40.830579999928446],[-81.363092999768583,40.830602999844814],[-81.362758999857732,40.830690000195098],[-81.36253299990193,40.830740000008809],[-81.362303999573072,40.830782000339774],[-81.362220999732386,40.83079399984684],[-81.362071999769483,40.830815999843757],[-81.361781000414652,40.830849000165344],[-81.361685999980111,40.830855999757695],[-81.361435999734852,40.830870000299612],[-81.361337999825551,40.830863000029019],[-81.361292999619721,40.830854999913065],[-81.361220999649689,40.83083500029867]]},"properties":{"BASENAME":"Atlantic","MTFCC":"S1200","NAME":"Atlantic Blvd NE","OBJECTID":101883,"OID":"1101561208726","PREDIR":null,"PREDIRABRV":null,"PREQUAL":null,"PREQUALABRV":null,"PRETYP":null,"PRETYPEABRV":null,"RTTYP":"M","SUFDIR":15,"SUFDIRABRV":"NE","SUFQUAL":null,"SUFQUALABRV":null,"SUFTYP":142,"SUFTYPEABRV":"Blvd"}},{"type":"Feature","id":101884,"geometry":{"type":"LineString","coordinates":[[-81.351840999862063,40.83054600030345],[-81.351922999877829,40.830544999774482],[-81.352676999913228,40.830557000004099],[-81.352768000149837,40.830561000080181],[-81.352834000272082,40.8305719997784],[-81.352867999708934,40.830584000003135],[-81.352952000272836,40.830633000048806],[-81.352869000432165,40.830659000169355],[-81.352719999570937,40.830682000058317],[-81.352000999695633,40.830708000159596],[-81.351835999839182,40.830716000293293],[-81.351783999960645,40.830717999986682],[-81.351410999691751,40.830735999943535],[-81.3508220004111,40.830775999905732],[-81.350319000445836,40.83081900005908],[-81.350223000186389,40.83082700017934],[-81.350176000330706,40.830831000239122],[-81.350105000185607,40.83083799983342],[-81.349706999802351,40.830877999734035],[-81.34935699999798,40.830920999821238],[-81.348893000390788,40.830989999871264],[-81.348577999848217,40.831046999710658],[-81.348377000006764,40.831088999847154],[-81.34809499997445,40.831159000242067],[-81.347771000109347,40.831249000058634],[-81.347674000024981,40.831261999999413],[-81.347474000008418,40.831270999904582],[-81.347555000199293,40.831215999936177],[-81.347628999819136,40.831174999719948],[-81.34772099988065,40.831134999998447],[-81.34779500039879,40.831109999905401],[-81.348157999723639,40.83100900027631],[-81.348593999741723,40.830896000327172],[-81.348813000024847,40.830845999951421],[-81.349279000180175,40.830753999895549],[-81.349567999885167,40.830705999786133],[-81.349859999963229,40.830665999781758],[-81.350122999728953,40.830636000272413],[-81.350210999592505,40.830627000281005],[-81.35024199955464,40.830624999905147],[-81.350341000187157,40.83061699976048],[-81.350506000043609,40.830603999693245],[-81.351094000397666,40.830570999929492],[-81.35162699960182,40.830548000002018],[-81.351783999960645,40.83054600030345],[-81.351840999862063,40.83054600030345]]},"properties":{"BASENAME":"Atlantic","MTFCC":"S1200","NAME":"Atlantic Blvd NE","OBJECTID":101884,"OID":"1101561208727","PREDIR":null,"PREDIRABRV":null,"PREQUAL":null,"PREQUALABRV":null,"PRETYP":null,"PRETYPEABRV":null,"RTTYP":"M","SUFDIR":15,"SUFDIRABRV":"NE","SUFQUAL":null,"SUFQUALABRV":null,"SUFTYP":142,"SUFTYPEABRV":"Blvd"}},{"type":"Feature","id":101885,"geometry":{"type":"LineString","coordinates":[[-81.341071000004376,40.833620999805952],[-81.341004000057225,40.833688999962966],[-81.34095800002649,40.83372099973284],[-81.340900000300167,40.833750999885424],[-81.340707999781216,40.833825000067762],[-81.340251999671636,40.833987999865812]]},"properties":{"BASENAME":"Columbus","MTFCC":"S1200","NAME":"Columbus Rd NE","OBJECTID":101885,"OID":"1101561209098","PREDIR":null,"PREDIRABRV":null,"PREQUAL":null,"PREQUALABRV":null,"PRETYP":null,"PRETYPEABRV":null,"RTTYP":"M","SUFDIR":15,"SUFDIRABRV":"NE","SUFQUAL":null,"SUFQUALABRV":null,"SUFTYP":531,"SUFTYPEABRV":"Rd"}},{"type":"Feature","id":101886,"geometry":{"type":"LineString","coordinates":[[-81.347474000008418,40.831270999904582],[-81.346730000018766,40.831532000022627],[-81.345218999574897,40.832093999741957],[-81.343703000006471,40.832652000185504],[-81.343389000187116,40.832767000171977],[-81.343010000070421,40.832907000063585],[-81.342562000356779,40.833073000192783],[-81.341671000054006,40.833404000077877],[-81.341563000098972,40.833442999984257],[-81.341071000004376,40.833620999805952]]},"properties":{"BASENAME":"Columbus","MTFCC":"S1200","NAME":"Columbus Rd NE","OBJECTID":101886,"OID":"1101561209099","PREDIR":null,"PREDIRABRV":null,"PREQUAL":null,"PREQUALABRV":null,"PRETYP":null,"PRETYPEABRV":null,"RTTYP":"M","SUFDIR":15,"SUFDIRABRV":"NE","SUFQUAL":null,"SUFQUALABRV":null,"SUFTYP":531,"SUFTYPEABRV":"Rd"}},{"type":"Feature","id":101887,"geometry":{"type":"LineString","coordinates":[[-81.341071000004376,40.833620999805952],[-81.340958999851381,40.833617999717461],[-81.340855000094322,40.833630999873385],[-81.340798000192905,40.833647000114119],[-81.339899000392549,40.833954999747228]]},"properties":{"BASENAME":"Columbus","MTFCC":"S1200","NAME":"Columbus Rd NE","OBJECTID":101887,"OID":"1101561209100","PREDIR":null,"PREDIRABRV":null,"PREQUAL":null,"PREQUALABRV":null,"PRETYP":null,"PRETYPEABRV":null,"RTTYP":"M","SUFDIR":15,"SUFDIRABRV":"NE","SUFQUAL":null,"SUFQUALABRV":null,"SUFTYP":531,"SUFTYPEABRV":"Rd"}},{"type":"Feature","id":101889,"geometry":{"type":"LineString","coordinates":[[-81.354585999842058,40.808662999966096],[-81.353214000213654,40.808609999966698],[-81.352498999638001,40.8085880000828],[-81.352127000092324,40.808570000234198],[-81.351630999799781,40.808547000156089],[-81.351450999874729,40.808544000293153],[-81.351335000422083,40.808550000018933],[-81.351267999576621,40.808562000148804],[-81.351177000238323,40.808584000041336],[-81.350936000213906,40.808680999789466],[-81.350911000099558,40.808691999716892],[-81.350679000295969,40.808790999661738],[-81.349634999832318,40.809201999851986],[-81.349027000285091,40.809455999982163],[-81.348578999673137,40.809637000089324],[-81.348240999564325,40.809775000211168],[-81.348002000088044,40.809872000258117],[-81.347571999917733,40.81004700032053],[-81.346923000362622,40.81031100012035],[-81.345884999746772,40.810736999915626],[-81.345473999843023,40.810902000322471],[-81.344622999723228,40.811244999690381],[-81.343578000332997,40.811671000288236],[-81.343256999942625,40.811802000016364],[-81.342313999761345,40.812180999963438],[-81.341230000013027,40.81262399998468],[-81.340794999819863,40.812795999917071],[-81.340168999830965,40.813051000000328],[-81.339547999864948,40.813311000329278],[-81.33921099958107,40.813443000325975],[-81.337703000408538,40.814022000005842],[-81.337342999660137,40.814158000333258],[-81.336648999899168,40.814421000000664],[-81.336031000306193,40.814655000133747],[-81.335474999739191,40.814864000022588],[-81.334945999834687,40.815069000282314],[-81.334530999732976,40.815240999994941],[-81.333652000024102,40.81561899993892],[-81.33243299965828,40.816138999846103],[-81.331690000391845,40.816446999898098],[-81.331112000083536,40.81669200032438],[-81.330753000058337,40.816833000217777],[-81.33024000004734,40.817058000208107],[-81.329886999869927,40.81722199980176],[-81.329443000354232,40.817439000137469],[-81.329005999612917,40.817646000006036],[-81.328371000301487,40.817948999663805],[-81.328209999744701,40.818031000109521],[-81.327947999803882,40.818163000232758],[-81.327345000279522,40.818447999680288],[-81.326787999887614,40.818712000044023],[-81.32628599974727,40.818951000118616],[-81.32592199969919,40.819125000006757],[-81.325195000326289,40.819469999724575],[-81.325100999716653,40.819513999746768],[-81.323986999831135,40.820019000275614],[-81.322997999619076,40.820468000312879],[-81.322882000166416,40.82052099967764],[-81.322047999765076,40.820900000121881],[-81.321917000243829,40.820958999784551],[-81.321522000233628,40.821137999799681],[-81.320835000145351,40.821449999700434],[-81.320676999961606,40.821525000000328],[-81.319722999909644,40.821936000165088],[-81.318363999801761,40.822518999698779],[-81.318223000234752,40.82258199983832],[-81.317658000345219,40.822842000201874],[-81.317389999658303,40.822964999916735],[-81.31698700015049,40.823152000322899],[-81.316891999715935,40.823195999942023],[-81.316194999581938,40.823517999911964],[-81.315381000170404,40.82388700004951],[-81.31510900018381,40.824005000126334],[-81.31465700027222,40.824190999694437],[-81.313321999555427,40.824699999712109],[-81.313158000422206,40.824762999819264],[-81.310757000398823,40.825671999753133],[-81.310472999818373,40.825780000162332],[-81.310152000326326,40.825893999912473],[-81.310081000181214,40.825916000175582],[-81.309933000043202,40.825961999837041],[-81.309601999607096,40.826057000174799],[-81.30942400023018,40.82610400033446],[-81.309164999764079,40.82617000021326],[-81.308773000126934,40.82626000000387],[-81.308636999684481,40.826285999799801],[-81.308548999820943,40.826302999687009],[-81.308383999964505,40.826328000232955]]},"properties":{"BASENAME":"Mahoning","MTFCC":"S1200","NAME":"Mahoning Rd NE","OBJECTID":101889,"OID":"1101561210066","PREDIR":null,"PREDIRABRV":null,"PREQUAL":null,"PREQUALABRV":null,"PRETYP":null,"PRETYPEABRV":null,"RTTYP":"M","SUFDIR":15,"SUFDIRABRV":"NE","SUFQUAL":null,"SUFQUALABRV":null,"SUFTYP":531,"SUFTYPEABRV":"Rd"}},{"type":"Feature","id":101893,"geometry":{"type":"LineString","coordinates":[[-81.388047000008825,40.773001000027072],[-81.387910999566401,40.772794999729292],[-81.387871000281734,40.772740000264989],[-81.387824000426079,40.772674999664368],[-81.387670000440295,40.772483000334191],[-81.386867000001089,40.771523000123082],[-81.386810999924563,40.771420000143884],[-81.386788000358351,40.771362000039112]]},"properties":{"BASENAME":"Cleveland","MTFCC":"S1200","NAME":"Cleveland Ave SW","OBJECTID":101893,"OID":"1101561211716","PREDIR":null,"PREDIRABRV":null,"PREQUAL":null,"PREQUALABRV":null,"PRETYP":null,"PRETYPEABRV":null,"RTTYP":"M","SUFDIR":18,"SUFDIRABRV":"SW","SUFQUAL":null,"SUFQUALABRV":null,"SUFTYP":125,"SUFTYPEABRV":"Ave"}},{"type":"Feature","id":102023,"geometry":{"type":"LineString","coordinates":[[-81.386788000358351,40.771362000039112],[-81.386381999579186,40.770877000031504],[-81.385769999833983,40.770142999670874],[-81.385464000410551,40.769785999678078],[-81.385372000349037,40.769691999822157],[-81.385249000325402,40.769571000188186],[-81.385092999791468,40.76943599975742],[-81.384060999921715,40.768606000254181],[-81.38363699959919,40.768262000206605],[-81.383443000328754,40.768094000295662],[-81.383280999947033,40.767941000286584],[-81.383198000106361,40.767851999750228],[-81.383090000151327,40.767707000111706],[-81.382774999608742,40.767221999960206],[-81.382604999729438,40.766942999700142],[-81.382362000055195,40.766505999740559],[-81.382283000412471,40.766354000293809],[-81.382150000343088,40.766098000296601],[-81.381999999656927,40.76581600032759],[-81.381722999647494,40.765263999993579],[-81.381655999700357,40.765119000151245],[-81.381392000109699,40.764543000313743],[-81.381234999750873,40.76422799976875],[-81.381013999817938,40.76375100012541],[-81.380663000188662,40.763022999737387],[-81.380274999851139,40.762233000203537],[-81.379811000243947,40.761295999686965],[-81.379314999951404,40.76029399978642],[-81.378770999978272,40.759193999725618],[-81.378380000166032,40.758423999943524],[-81.378009000445275,40.757672000131713],[-81.37793199955405,40.757515999818409],[-81.377337000425612,40.756324999845958],[-81.376718999934312,40.755073999671112],[-81.376087999922561,40.753810000312711],[-81.375451999887929,40.752548000068124],[-81.375090000387999,40.75179599979856],[-81.374835000119859,40.751293999869134],[-81.374664000415649,40.750958000269044],[-81.3745759996538,40.750797000043271],[-81.374541000392014,40.750713000184945],[-81.374372000337601,40.75038000013992],[-81.374241999742935,40.750098999877466],[-81.374229000222471,40.750059999984515],[-81.374168000123092,40.749906000271075],[-81.374112000046608,40.749727999777861],[-81.373922999900714,40.749072000284762],[-81.373835999862081,40.748766999849849],[-81.373792000379467,40.748619000241384],[-81.373492999730402,40.747590000092764],[-81.373327000049045,40.747014999872775],[-81.373099000443418,40.746180999698467],[-81.372855999870865,40.745352000174208],[-81.372668000448201,40.744704000002734],[-81.372010999598842,40.742430999948887],[-81.37160800009103,40.741038999780123],[-81.371561000235374,40.740877000203298],[-81.371336999929383,40.740114000277543],[-81.371107999600525,40.739326999674489],[-81.370783999735423,40.738190000240252],[-81.370519000319874,40.737258999877213],[-81.370429999733091,40.7369620002641],[-81.370024999677142,40.735552000099858],[-81.369807000117262,40.7348490002421],[-81.369716999705574,40.734587999737322],[-81.369549000374406,40.734156999784048],[-81.369380000319978,40.733723999868637],[-81.369049999708793,40.732999999973302],[-81.368822000103151,40.732535999767848],[-81.368670999592098,40.732243000047198],[-81.368415000397391,40.73178399988663],[-81.368051000349311,40.731168999784629],[-81.367715999715244,40.730644000214298],[-81.367473000041002,40.730282999808828],[-81.3672470000852,40.729966000311784],[-81.366893999907774,40.729497000001878],[-81.366589000309247,40.729114999854083],[-81.366323999995373,40.728792000115597]]},"properties":{"BASENAME":"Cleveland","MTFCC":"S1200","NAME":"Cleveland Ave SW","OBJECTID":102023,"OID":"1101561211717","PREDIR":null,"PREDIRABRV":null,"PREQUAL":null,"PREQUALABRV":null,"PRETYP":null,"PRETYPEABRV":null,"RTTYP":"M","SUFDIR":18,"SUFDIRABRV":"SW","SUFQUAL":null,"SUFQUALABRV":null,"SUFTYP":125,"SUFTYPEABRV":"Ave"}},{"type":"Feature","id":102024,"geometry":{"type":"LineString","coordinates":[[-81.388138000245434,40.772937999756095],[-81.388004000351131,40.77273099990304],[-81.387959000145287,40.772672000221185],[-81.387862000060892,40.772544000270109],[-81.387677999937893,40.772320999808734],[-81.386964999910361,40.771475000020537],[-81.386856000130422,40.771396000059745],[-81.386788000358351,40.771362000039112]]},"properties":{"BASENAME":"Cleveland","MTFCC":"S1200","NAME":"Cleveland Ave SW","OBJECTID":102024,"OID":"1101561211718","PREDIR":null,"PREDIRABRV":null,"PREQUAL":null,"PREQUALABRV":null,"PRETYP":null,"PRETYPEABRV":null,"RTTYP":"M","SUFDIR":18,"SUFDIRABRV":"SW","SUFQUAL":null,"SUFQUALABRV":null,"SUFTYP":125,"SUFTYPEABRV":"Ave"}},{"type":"Feature","id":102036,"geometry":{"type":"LineString","coordinates":[[-81.398554999925693,40.799641000230395],[-81.398744999896479,40.799615000191274],[-81.398935999692185,40.799591000093777],[-81.399421000114089,40.799533000105754],[-81.400271000408964,40.799433000312256],[-81.400698000206219,40.79938300001897],[-81.400888000177034,40.799360999796427],[-81.401668999976621,40.799269000270343],[-81.402161000071217,40.799211000000959],[-81.402644999769862,40.799155000325932],[-81.403438000163362,40.799062999834348],[-81.403798000013467,40.799020999818822],[-81.404711000057532,40.798915000017743],[-81.40551000029879,40.798822000226053],[-81.406580999628275,40.798696999971767],[-81.406963999942931,40.798652000094599],[-81.407588000282004,40.798578000109408],[-81.408123000034308,40.798515000295907],[-81.408389999997979,40.798484000193028],[-81.409164999949795,40.798392999785449],[-81.4093409996769,40.798372000249095],[-81.409918999985194,40.798301999933173],[-81.4100179997194,40.798289999988221],[-81.410736999594718,40.798204999975717],[-81.411130999780028,40.798159000107553],[-81.412228999771997,40.798029000307899],[-81.413254999793978,40.797905999923032],[-81.414494000251295,40.797756000239964],[-81.415696999825272,40.797616000275255],[-81.416931000259694,40.797467999952687],[-81.417594000058514,40.79738599993518],[-81.418116000290354,40.79732200000042],[-81.419186999619839,40.797197000321809],[-81.419405999902963,40.797171999677758],[-81.420384000244354,40.797050999773532],[-81.420693000040828,40.797014000258962],[-81.421483000061272,40.796918999811879],[-81.421996000072241,40.796857999818187],[-81.424052000314148,40.796611000240794],[-81.425038000153151,40.796489000311446],[-81.426340000359659,40.796328000211993],[-81.426964999625326,40.796248999885229],[-81.426995999587461,40.796244999780129],[-81.427513999621311,40.796185999901624],[-81.427535000436023,40.796183999847187],[-81.4281739999454,40.796113000256007],[-81.429142000241043,40.795993000151796],[-81.429928999888418,40.795874000202581],[-81.430445000272456,40.795781999924188],[-81.431107000246357,40.795654000300544],[-81.433682000347019,40.795160999810911],[-81.436189999602249,40.794679999660381],[-81.436773999758358,40.794568000099289],[-81.43816499965331,40.794273000211433],[-81.439779000029318,40.793928999772589],[-81.441968000340623,40.793459999677466],[-81.442899999752953,40.79326099973656],[-81.443011999905963,40.793237000062241],[-81.443987999699218,40.793030999950417],[-81.444991999979891,40.792811000148646],[-81.446001000283417,40.792594999943169],[-81.447248000238346,40.792329999974918],[-81.447648000271414,40.792271000017678],[-81.447799999709048,40.792255999743531],[-81.447974999611247,40.792247999731984],[-81.448359999575729,40.792243000319338],[-81.44853600020113,40.792244999812397],[-81.448608000171134,40.792244999812397],[-81.449783000156032,40.792254000250807]]},"properties":{"BASENAME":"Tuscarawas","MTFCC":"S1200","NAME":"Tuscarawas St W","OBJECTID":102036,"OID":"1101561214318","PREDIR":null,"PREDIRABRV":null,"PREQUAL":null,"PREQUALABRV":null,"PRETYP":null,"PRETYPEABRV":null,"RTTYP":"M","SUFDIR":14,"SUFDIRABRV":"W","SUFQUAL":null,"SUFQUALABRV":null,"SUFTYP":595,"SUFTYPEABRV":"St"}},{"type":"Feature","id":102187,"geometry":{"type":"LineString","coordinates":[[-81.396403000322636,40.799928999930273],[-81.396572000377034,40.799949000023609],[-81.396625999905382,40.799949000023609],[-81.396741000431419,40.799939000317714],[-81.396923000006311,40.799912000084234],[-81.397666999995977,40.799805000033253],[-81.397722000247555,40.799797999884042],[-81.398397999566853,40.799712999762519],[-81.39844500032082,40.79969999975831],[-81.398487999978542,40.799680000269994],[-81.398554999925693,40.799641000230395]]},"properties":{"BASENAME":"Tuscarawas","MTFCC":"S1200","NAME":"Tuscarawas St W","OBJECTID":102187,"OID":"1101561214319","PREDIR":null,"PREDIRABRV":null,"PREQUAL":null,"PREQUALABRV":null,"PRETYP":null,"PRETYPEABRV":null,"RTTYP":"M","SUFDIR":14,"SUFDIRABRV":"W","SUFQUAL":null,"SUFQUALABRV":null,"SUFTYP":595,"SUFTYPEABRV":"St"}},{"type":"Feature","id":102188,"geometry":{"type":"LineString","coordinates":[[-81.396403000322636,40.799928999930273],[-81.396498999683786,40.799888000094178],[-81.396589999920366,40.799862000151812],[-81.39679300030997,40.799830999997944],[-81.397447999712853,40.799730999973356],[-81.397668999645788,40.799701000072588],[-81.398063999656003,40.799645999765978],[-81.398371999627585,40.799611999924537],[-81.398436999924911,40.799611999924537],[-81.398493000001409,40.799621000044262],[-81.398554999925693,40.799641000230395]]},"properties":{"BASENAME":"Tuscarawas","MTFCC":"S1200","NAME":"Tuscarawas St W","OBJECTID":102188,"OID":"1101561214320","PREDIR":null,"PREDIRABRV":null,"PREQUAL":null,"PREQUALABRV":null,"PRETYP":null,"PRETYPEABRV":null,"RTTYP":"M","SUFDIR":14,"SUFDIRABRV":"W","SUFQUAL":null,"SUFQUALABRV":null,"SUFTYP":595,"SUFTYPEABRV":"St"}},{"type":"Feature","id":102189,"geometry":{"type":"LineString","coordinates":[[-81.347822000162978,40.785572999756972],[-81.347664999804138,40.785374999834275],[-81.347526999711889,40.78520199972089],[-81.347397000015533,40.785018999924326],[-81.347314000174876,40.784873999660505],[-81.347265999595962,40.784769000256951],[-81.347202000021881,40.784574000244021],[-81.347165000211959,40.784396000081223],[-81.347145000120463,40.784218999988859],[-81.347092000417007,40.783166000041383],[-81.347054999708774,40.782418000206533],[-81.347043000013215,40.782022000004488],[-81.347015000424108,40.781407999804991],[-81.34694699975374,40.779884000262733],[-81.346910999768738,40.77905300004457],[-81.346899999898085,40.778782000078053],[-81.346890999677242,40.778547000035431],[-81.346827999928053,40.777619999962766],[-81.346776999874422,40.776814000148541],[-81.346692000383925,40.775616999741644],[-81.346658999873668,40.775263999917208],[-81.346622000063732,40.77486499989827],[-81.346581000055863,40.774552000006629],[-81.34655099991862,40.774364000040968],[-81.34652300032954,40.774235999948104],[-81.34648800016943,40.774105000230172],[-81.346411000176545,40.773911000225304],[-81.346370999993567,40.773838999925111],[-81.346259999665492,40.77369399974507],[-81.346161999756191,40.773583000190996],[-81.346052999976251,40.773476999916689],[-81.345897000340642,40.773342999969621],[-81.345692000301227,40.773182000213986],[-81.345221000123033,40.772841000161591],[-81.344781999731879,40.772541000140734],[-81.344424000429925,40.772304999743781],[-81.344240000306911,40.772192999861723],[-81.344097000191766,40.772114000074296],[-81.343850000319563,40.77199099998581],[-81.343547000370862,40.771850000068845],[-81.343186999622432,40.771694999752178],[-81.342980999758126,40.771613999938793],[-81.342871000153252,40.771576999856819],[-81.342475000318132,40.771450999956258],[-81.341937000192786,40.771290999759849],[-81.341553999878144,40.771170000316346],[-81.341282999716483,40.771076999762229],[-81.340963999874262,40.770956999996017],[-81.340703999583269,40.77084800008862],[-81.340599000001276,40.770800000178781],[-81.340250999846745,40.770640999847124],[-81.3401079997316,40.770568000012396],[-81.33991699993588,40.770450000156544],[-81.339740000383898,40.770324000159874],[-81.339444000107889,40.770100999731291],[-81.338871999647338,40.769653999943969],[-81.338305999932913,40.769211000244184],[-81.336950000198044,40.768157999825846],[-81.336709999998547,40.767977999671885],[-81.336499999936265,40.767828999852156],[-81.336260999561659,40.767681999930922],[-81.336027000108231,40.767546999744546],[-81.335497000378822,40.767253999812752],[-81.334739000145447,40.76682500021068],[-81.33384899966758,40.766304000265549],[-81.333236000097486,40.765939999742386],[-81.33101300034933,40.76457799990412]]},"properties":{"BASENAME":"Waynesburg","MTFCC":"S1200","NAME":"Waynesburg Dr SE","OBJECTID":102189,"OID":"1101561214415","PREDIR":null,"PREDIRABRV":null,"PREQUAL":null,"PREQUALABRV":null,"PRETYP":null,"PRETYPEABRV":null,"RTTYP":"M","SUFDIR":17,"SUFDIRABRV":"SE","SUFQUAL":null,"SUFQUALABRV":null,"SUFTYP":247,"SUFTYPEABRV":"Dr"}},{"type":"Feature","id":102190,"geometry":{"type":"LineString","coordinates":[[-81.349479000196723,40.788052999721849],[-81.349456999557091,40.788008000111425],[-81.349382999937248,40.787853000086379],[-81.349177999897833,40.787421000042229],[-81.349110000125776,40.787287000336022],[-81.349047000376586,40.787177000192393],[-81.349038000155744,40.787162999950823],[-81.348866999553209,40.786885000275198],[-81.348756000123444,40.786723000182015],[-81.348346000044629,40.78618300019135],[-81.348038999897952,40.785786999992077],[-81.347985000369604,40.7857089998909],[-81.347972999775706,40.785695000020034],[-81.34793799961561,40.785654000235375],[-81.347878000239476,40.785603999766998],[-81.347822000162978,40.785572999756972]]},"properties":{"BASENAME":"Waynesburg","MTFCC":"S1200","NAME":"Waynesburg Dr SE","OBJECTID":102190,"OID":"1101561214416","PREDIR":null,"PREDIRABRV":null,"PREQUAL":null,"PREQUALABRV":null,"PRETYP":null,"PRETYPEABRV":null,"RTTYP":"M","SUFDIR":17,"SUFDIRABRV":"SE","SUFQUAL":null,"SUFQUALABRV":null,"SUFTYP":247,"SUFTYPEABRV":"Dr"}},{"type":"Feature","id":102191,"geometry":{"type":"LineString","coordinates":[[-81.34941899992225,40.788197999846076],[-81.349348999602071,40.788050000292877],[-81.349326000035845,40.78800299969943],[-81.349252000416001,40.787853000086379],[-81.348977999881285,40.787297999728246],[-81.34886800027644,40.787101000011425],[-81.348731000009082,40.786889000264104],[-81.348558999581627,40.786650000334149],[-81.348267000401904,40.786209000049681],[-81.347915999874317,40.785743999895331],[-81.347904000178744,40.785722999758875],[-81.347822000162978,40.785572999756972]]},"properties":{"BASENAME":"Waynesburg","MTFCC":"S1200","NAME":"Waynesburg Dr SE","OBJECTID":102191,"OID":"1101561214417","PREDIR":null,"PREDIRABRV":null,"PREQUAL":null,"PREQUALABRV":null,"PRETYP":null,"PRETYPEABRV":null,"RTTYP":"M","SUFDIR":17,"SUFDIRABRV":"SE","SUFQUAL":null,"SUFQUALABRV":null,"SUFTYP":247,"SUFTYPEABRV":"Dr"}},{"type":"Feature","id":102351,"geometry":{"type":"LineString","coordinates":[[-81.369294999931185,40.813489999906011],[-81.36930900017488,40.813527999860341],[-81.369370000274245,40.813653000057592],[-81.369417000129914,40.813735999797366],[-81.369539000328658,40.813890999901723],[-81.369800000444556,40.814184000114189],[-81.369885999759958,40.814299000173442],[-81.369937999638495,40.814394000219856],[-81.369976999996567,40.814493999907043],[-81.370017000179544,40.814625000180222],[-81.370029999700023,40.81468199980835]]},"properties":{"BASENAME":"Walnut Cutthru","MTFCC":"S1200","NAME":"Walnut Cutthru NE","OBJECTID":102351,"OID":"1101561215672","PREDIR":null,"PREDIRABRV":null,"PREQUAL":null,"PREQUALABRV":null,"PRETYP":null,"PRETYPEABRV":null,"RTTYP":"M","SUFDIR":15,"SUFDIRABRV":"NE","SUFQUAL":null,"SUFQUALABRV":null,"SUFTYP":null,"SUFTYPEABRV":null}},{"type":"Feature","id":103071,"geometry":{"type":"LineString","coordinates":[[-81.366123999978839,40.830984000135707],[-81.366040000313248,40.832108999848195],[-81.365992999559268,40.832827999782374],[-81.365974000191017,40.833124000058952],[-81.365942000403948,40.833593999684304],[-81.365906000418946,40.834150999942793],[-81.365852999817179,40.835185999824041],[-81.365800999938642,40.836246000063632],[-81.365750999709945,40.837215000166943],[-81.365723999945757,40.837724000120843],[-81.365694999633448,40.838282000073903],[-81.36560400029515,40.840109000200748],[-81.365585999853508,40.840458000331843],[-81.365580000005721,40.840583999766075],[-81.36554200037088,40.841357999967698],[-81.365484999571152,40.842475999932923],[-81.365424000370098,40.84364800030923],[-81.365405000103536,40.84402499976234],[-81.365391999684732,40.844295999774879],[-81.365333999958423,40.84555900030697],[-81.365272999859044,40.846787999744222],[-81.365256000140619,40.847089999842474],[-81.365246999919776,40.847391999923467],[-81.365173000299933,40.848822999823582],[-81.365150999660315,40.849263999914356],[-81.365062999796777,40.85108799972069],[-81.364960999689529,40.853196999862448],[-81.364906000336248,40.854389999684763],[-81.364882999871725,40.854798000160088],[-81.364878999673763,40.854881000044138],[-81.364783000312599,40.856763999868726],[-81.364718999840179,40.858026999881979],[-81.364692999900896,40.858477000147708],[-81.364617999557851,40.860113000081363],[-81.364478999640667,40.862625999919743],[-81.364414000241652,40.863857000107146],[-81.364398000348132,40.864163999959601],[-81.36421800042308,40.867542000167411],[-81.364186999562619,40.868239999698545],[-81.364133999859177,40.869049999702575],[-81.364108999744815,40.869621000020075],[-81.364057999691184,40.870614999994721],[-81.363999999964875,40.871683999925885],[-81.363958000132087,40.872539999858837],[-81.363941000413632,40.872892999912587],[-81.363938000040591,40.872945000271379],[-81.363881999964093,40.873985000229169],[-81.363860000222772,40.874462999722404],[-81.363835000108423,40.874984999725612],[-81.363785999704632,40.876137999998832],[-81.363788000252768,40.876235999939126],[-81.363791999552419,40.876641000156724],[-81.363749999719616,40.8778860000767],[-81.363733999826081,40.878356000114813],[-81.363722999955442,40.878700999948201],[-81.363719999582386,40.878788000325137],[-81.363681000122639,40.879932000155691],[-81.363624000221236,40.881606000168659],[-81.36362099984818,40.881691999687227],[-81.363599000106873,40.882218999840859],[-81.363563999946763,40.883056000329262],[-81.363475000258319,40.88627299996174],[-81.363400999740151,40.888886999729415],[-81.363387000394766,40.889388999796829],[-81.363323999747266,40.890622999735115],[-81.363305000379015,40.890968000139267],[-81.363295000333267,40.891153999888296],[-81.363223000363249,40.892475999819183],[-81.363101999989411,40.894676000187978],[-81.363067999654234,40.895307999965318],[-81.362968000095108,40.897174999999883],[-81.362849000269421,40.899408999892657],[-81.362795999667654,40.900427000290293],[-81.362747999987079,40.901179000224268],[-81.362732000093558,40.901281999770681],[-81.362718999674769,40.901377000086946],[-81.362682999689753,40.901552000312222],[-81.36264400023002,40.901688999758079],[-81.362595999651134,40.901826999730737],[-81.362523999681102,40.901999999865431],[-81.362440999840416,40.90216300032003],[-81.362363999847517,40.902289999970932],[-81.362254000242672,40.902447999778914],[-81.361957000141743,40.902824999966171],[-81.36166400023879,40.90314599992287],[-81.361202000281423,40.903621999757235],[-81.360889000286974,40.903944000018953],[-81.360752000019644,40.90408799994497],[-81.360588999813004,40.904276000338342],[-81.360409999712886,40.90451000032693],[-81.360249000054381,40.90474799983744],[-81.360129000403788,40.90496999986398],[-81.359596000301323,40.906061999825305],[-81.359479000125447,40.906286000321678],[-81.35925499981947,40.906641999804044],[-81.358494999936269,40.907807999683811],[-81.358351999821153,40.908001999915243],[-81.358258000109799,40.908115000064171],[-81.358133000436339,40.908242999861415],[-81.357959000359074,40.908390000028362],[-81.357879999818053,40.908449999905613],[-81.357579000417473,40.908642000233165],[-81.354814000345996,40.910262000148599],[-81.354389000198552,40.910505000005251],[-81.353954000005388,40.910739999673666],[-81.352389000033156,40.91154800030732],[-81.351957000213019,40.911796000094199],[-81.351650000066343,40.911977999751038],[-81.349712999650123,40.913128999812763],[-81.349480999846548,40.913271000186519],[-81.349348999602071,40.913362999701683],[-81.349223000103677,40.913463000092086],[-81.34910799957764,40.913568000101634],[-81.349012000216476,40.913677999706458],[-81.348920000154976,40.913802999744966],[-81.348844999811902,40.913920999906566],[-81.347648999910618,40.916034000301316],[-81.344545999730343,40.921491000207894],[-81.344385999896758,40.921782000189516],[-81.344277000116818,40.922013999662859],[-81.344210000169667,40.922216000237945],[-81.344169999986704,40.922370999807008],[-81.343437999692597,40.925983999855461],[-81.343412999578248,40.926070999821448],[-81.343220999957609,40.926701000066039],[-81.342890000419828,40.927751000248428],[-81.342118999767678,40.930301999769156],[-81.342065000239302,40.930455999677882],[-81.341989000071337,40.930640999983872],[-81.341891999986956,40.930822000321207],[-81.341815999818962,40.930946999837253],[-81.340967000247318,40.932146999718555],[-81.33985699966145,40.933700999894853],[-81.339674000261638,40.933964000155555],[-81.339567000131524,40.934130999782766],[-81.339454999978528,40.93433200032662],[-81.338946000165507,40.935340999836342],[-81.338874000195474,40.935504999830826],[-81.338724000407652,40.935905999794883],[-81.33843300015451,40.936791000214519],[-81.33829400023734,40.937220999669606],[-81.337819999686118,40.938682000242437],[-81.337624999692437,40.939264999768248],[-81.337187999849434,40.940603999896453],[-81.337105999833668,40.940808999948523],[-81.33706200035104,40.940887999676256],[-81.336992999855767,40.940983000082689],[-81.336935999954349,40.941049999715773],[-81.336865999634156,40.941121999681172],[-81.336788999641257,40.941190000066506],[-81.336622000134994,40.94131599985699],[-81.336186999941816,40.941621999801598],[-81.334912000397807,40.942500000310218],[-81.334740999795272,40.942626999830232],[-81.334621999969585,40.942728999754081],[-81.334549999999552,40.942800999924856],[-81.334483999877335,40.942877000095272],[-81.334426000150998,40.942957000251674],[-81.334354000180994,40.943081999877904],[-81.334294999731441,40.94320999982002],[-81.334190000149448,40.943472000041147],[-81.334000000178648,40.943982999874969],[-81.333948000300111,40.944148000296742],[-81.333917000337976,40.944275000040427],[-81.333889999675478,40.944435999749096],[-81.333864999561129,40.944667000268176],[-81.333800000162114,40.945649000112098],[-81.333778000420807,40.946147999746742],[-81.33378799956823,40.946357000099631],[-81.333811999857673,40.946550999825504],[-81.33384899966758,40.946729999735041],[-81.334071000323775,40.947616999886641],[-81.334233999632076,40.948304000278789],[-81.334282000210962,40.94852200016954],[-81.334314999822908,40.948671999944082],[-81.334507000341858,40.949682999727074],[-81.334881000435658,40.951610999815358],[-81.335110999691125,40.95269699973646],[-81.335175999988465,40.953012000187201],[-81.335227999866987,40.953216999716339],[-81.335232999889868,40.953235000299877],[-81.335307000408008,40.953463999832437],[-81.335647999991565,40.954360999909461],[-81.335750999923732,40.954665999778264],[-81.335810000373272,40.954867000247226],[-81.335857000228927,40.955023999890784],[-81.33594799956721,40.955328000088073],[-81.335977999704454,40.955431000067257],[-81.336021000260459,40.955576999762386],[-81.336048999849552,40.955671000073679],[-81.336099000078264,40.955864000257222],[-81.336162999652359,40.956161000063034],[-81.336222999926832,40.956476000267685],[-81.336273000155543,40.956734000174897],[-81.33648499986765,40.957836000027875],[-81.336490999715423,40.957870000103831],[-81.336602000043513,40.958444000259199],[-81.336627000157861,40.958623999762032],[-81.336629999632606,40.958712000109195],[-81.336621000310075,40.958837999708223],[-81.33660600024146,40.958934000016541],[-81.336588999624709,40.958998999863397],[-81.336537999571092,40.959151000142484],[-81.336479000019864,40.959278000201003],[-81.336408999699657,40.959401000259788],[-81.336326999683891,40.959519999662824],[-81.336265999584526,40.959595000327887],[-81.336192999789588,40.959671000164107],[-81.336085999659474,40.95977200028419],[-81.335766999817238,40.960058000249155],[-81.335605000333842,40.960202999959584],[-81.335309999882753,40.960465999837936],[-81.335227999866987,40.960540000184835],[-81.334990000215612,40.960753000106017],[-81.333975999889219,40.961658000097053],[-81.333592999574549,40.961999999852857],[-81.333086000309677,40.962451999687389],[-81.333004000293911,40.962524999951114],[-81.332888999767874,40.962628000232399],[-81.332625000177217,40.962861999852372],[-81.332463999620416,40.963004999739333],[-81.332323000053435,40.963123000223902],[-81.332143000128369,40.963262000023896],[-81.331748999943059,40.963546000037461],[-81.331568000193116,40.963676000080206],[-81.331308999727014,40.963866000308151],[-81.331090000342215,40.964064000292097],[-81.331353999932858,40.964132999982517],[-81.332122000211967,40.964355999835398],[-81.333863999736209,40.964860999673476],[-81.334881000435658,40.965155999993726],[-81.33525299998135,40.965264000167494],[-81.335627999900055,40.965372000164578],[-81.335765000167427,40.965412000193979],[-81.336293000247011,40.965564999794438],[-81.336771000097912,40.965703000034289],[-81.336882000425987,40.965738999813446],[-81.337243999925931,40.965856000316727],[-81.33763200026344,40.965964999862663],[-81.33827900016874,40.966127999943005],[-81.33921099958107,40.966351999671232],[-81.339804999782899,40.966471000107809],[-81.339819000026608,40.966515999983336],[-81.339825999699286,40.966616999803172],[-81.339792000262435,40.966984999813498],[-81.339779999668536,40.967080999803102],[-81.339776000368886,40.967110000076303],[-81.339671999713516,40.96891500018387],[-81.339617000360235,40.970442000076275],[-81.339604999766365,40.970759000163909],[-81.339205999558189,40.97806699984217],[-81.339111999846864,40.979822000186857],[-81.339071999663886,40.980572000131211],[-81.339029999831098,40.981462999690578],[-81.338996000394218,40.982192999958038],[-81.338935000294853,40.983307999801411],[-81.338926999898931,40.983452999962033],[-81.338919000401319,40.983637000062316],[-81.338906999807449,40.98389200019291],[-81.338866999624486,40.984776000064301],[-81.338828000164725,40.98520900030487],[-81.338820999593707,40.985347000144301],[-81.33881399992103,40.985478999720485],[-81.338817000294071,40.985570999720942],[-81.338834999837431,40.985697000250369],[-81.33884800025622,40.985743000114567],[-81.338911999830316,40.985871000068983],[-81.33897299992968,40.985960999771663],[-81.339013000112658,40.986010000093117],[-81.339065999816114,40.986064000086863],[-81.339138999611038,40.986128000122676],[-81.339182000167042,40.986160000117266],[-81.339294000320052,40.986222999849367],[-81.339466999674102,40.986299999741618],[-81.339640999751381,40.986360000070867],[-81.340535000427181,40.986634000338],[-81.340865000140056,40.986743000140081],[-81.341144999624234,40.986844999710833],[-81.341395999694384,40.986948000001448],[-81.341650000137605,40.987065999708747],[-81.341907999880462,40.98719399980758],[-81.342442999632766,40.987477999881321],[-81.342548999937989,40.987536000113685],[-81.344467999912538,40.988577999969259],[-81.344627999746109,40.988657000171152]]},"properties":{"BASENAME":"43","MTFCC":"S1200","NAME":"State Rte 43","OBJECTID":103071,"OID":"1101561189420","PREDIR":null,"PREDIRABRV":null,"PREQUAL":null,"PREQUALABRV":null,"PRETYP":586,"PRETYPEABRV":"State Rte","RTTYP":"S","SUFDIR":null,"SUFDIRABRV":null,"SUFQUAL":null,"SUFQUALABRV":null,"SUFTYP":null,"SUFTYPEABRV":null}},{"type":"Feature","id":103072,"geometry":{"type":"LineString","coordinates":[[-81.366123999978839,40.830984000135707],[-81.3660799995979,40.830924000031764],[-81.366067999902342,40.83089099974756],[-81.36606399970438,40.830822000274225],[-81.366134000024573,40.829769999884206],[-81.366149000093188,40.829556999923732],[-81.36617500003247,40.829163999789984],[-81.366195000123952,40.828717999796716],[-81.366195999948872,40.828694000029024],[-81.366216000040339,40.828236000305395],[-81.366228999560818,40.827777000246343],[-81.366240000329796,40.827441999875539],[-81.366257000048222,40.826908000192724],[-81.366276000314812,40.826811999809038],[-81.366308000101867,40.826727000302093]]},"properties":{"BASENAME":"43","MTFCC":"S1200","NAME":"State Rte 43","OBJECTID":103072,"OID":"1101561189421","PREDIR":null,"PREDIRABRV":null,"PREQUAL":null,"PREQUALABRV":null,"PRETYP":586,"PRETYPEABRV":"State Rte","RTTYP":"S","SUFDIR":null,"SUFDIRABRV":null,"SUFQUAL":null,"SUFQUALABRV":null,"SUFTYP":null,"SUFTYPEABRV":null}},{"type":"Feature","id":103073,"geometry":{"type":"LineString","coordinates":[[-81.366308000101867,40.826727000302093],[-81.366342000437029,40.826812999714633],[-81.366361999630215,40.826897999791058],[-81.366368000376312,40.827189999751468],[-81.366374000224084,40.827439000187212],[-81.366390000117605,40.827938000181568],[-81.366389000292713,40.828401000012342],[-81.366370999851057,40.829093000136602],[-81.366365999828176,40.829240000071906],[-81.366358000330578,40.829501000027932],[-81.366351999584481,40.829708000317339],[-81.366334000041121,40.830035999758017],[-81.366318000147601,40.830227000033886],[-81.366269999568715,40.83051100013148],[-81.366207999644416,40.830850999854732],[-81.366180999880243,40.830911000024727],[-81.366123999978839,40.830984000135707]]},"properties":{"BASENAME":"43","MTFCC":"S1200","NAME":"State Rte 43","OBJECTID":103073,"OID":"1101561189422","PREDIR":null,"PREDIRABRV":null,"PREQUAL":null,"PREQUALABRV":null,"PRETYP":586,"PRETYPEABRV":"State Rte","RTTYP":"S","SUFDIR":null,"SUFDIRABRV":null,"SUFQUAL":null,"SUFQUALABRV":null,"SUFTYP":null,"SUFTYPEABRV":null}},{"type":"Feature","id":103074,"geometry":{"type":"LineString","coordinates":[[-81.367934000173449,40.819421000268072],[-81.367622999828825,40.820347000052415],[-81.366863999770558,40.822566000326461],[-81.366833999633315,40.822650999728204],[-81.366638999639648,40.823221000299654],[-81.366539999905442,40.823530000053722],[-81.366497000247733,40.823679999943295],[-81.366457000064784,40.823888999948885],[-81.366438999623114,40.824090999669878],[-81.366435000323463,40.824161999920335],[-81.366395000140486,40.824887999919376],[-81.366349000109736,40.82575600001104],[-81.366344000086855,40.825865000203279],[-81.366308000101867,40.826727000302093]]},"properties":{"BASENAME":"43","MTFCC":"S1200","NAME":"State Rte 43","OBJECTID":103074,"OID":"1101561189423","PREDIR":null,"PREDIRABRV":null,"PREQUAL":null,"PREQUALABRV":null,"PRETYP":586,"PRETYPEABRV":"State Rte","RTTYP":"S","SUFDIR":null,"SUFDIRABRV":null,"SUFQUAL":null,"SUFQUALABRV":null,"SUFTYP":null,"SUFTYPEABRV":null}},{"type":"Feature","id":103075,"geometry":{"type":"LineString","coordinates":[[-81.34941899992225,40.788197999846076],[-81.349348999602071,40.788050000292877],[-81.349326000035845,40.78800299969943],[-81.349252000416001,40.787853000086379],[-81.348977999881285,40.787297999728246],[-81.34886800027644,40.787101000011425],[-81.348731000009082,40.786889000264104],[-81.348558999581627,40.786650000334149],[-81.348267000401904,40.786209000049681],[-81.347915999874317,40.785743999895331],[-81.347904000178744,40.785722999758875],[-81.347822000162978,40.785572999756972]]},"properties":{"BASENAME":"43","MTFCC":"S1200","NAME":"State Rte 43","OBJECTID":103075,"OID":"1101561189424","PREDIR":null,"PREDIRABRV":null,"PREQUAL":null,"PREQUALABRV":null,"PRETYP":586,"PRETYPEABRV":"State Rte","RTTYP":"S","SUFDIR":null,"SUFDIRABRV":null,"SUFQUAL":null,"SUFQUALABRV":null,"SUFTYP":null,"SUFTYPEABRV":null}},{"type":"Feature","id":103076,"geometry":{"type":"LineString","coordinates":[[-81.347822000162978,40.785572999756972],[-81.347664999804138,40.785374999834275],[-81.347526999711889,40.78520199972089],[-81.347397000015533,40.785018999924326],[-81.347314000174876,40.784873999660505],[-81.347265999595962,40.784769000256951],[-81.347202000021881,40.784574000244021],[-81.347165000211959,40.784396000081223],[-81.347145000120463,40.784218999988859],[-81.347092000417007,40.783166000041383],[-81.347054999708774,40.782418000206533],[-81.347043000013215,40.782022000004488],[-81.347015000424108,40.781407999804991],[-81.34694699975374,40.779884000262733],[-81.346910999768738,40.77905300004457],[-81.346899999898085,40.778782000078053],[-81.346890999677242,40.778547000035431],[-81.346827999928053,40.777619999962766],[-81.346776999874422,40.776814000148541],[-81.346692000383925,40.775616999741644],[-81.346658999873668,40.775263999917208],[-81.346622000063732,40.77486499989827],[-81.346581000055863,40.774552000006629],[-81.34655099991862,40.774364000040968],[-81.34652300032954,40.774235999948104],[-81.34648800016943,40.774105000230172],[-81.346411000176545,40.773911000225304],[-81.346370999993567,40.773838999925111],[-81.346259999665492,40.77369399974507],[-81.346161999756191,40.773583000190996],[-81.346052999976251,40.773476999916689],[-81.345897000340642,40.773342999969621],[-81.345692000301227,40.773182000213986],[-81.345221000123033,40.772841000161591],[-81.344781999731879,40.772541000140734],[-81.344424000429925,40.772304999743781],[-81.344240000306911,40.772192999861723],[-81.344097000191766,40.772114000074296],[-81.343850000319563,40.77199099998581],[-81.343547000370862,40.771850000068845],[-81.343186999622432,40.771694999752178],[-81.342980999758126,40.771613999938793],[-81.342871000153252,40.771576999856819],[-81.342475000318132,40.771450999956258],[-81.341937000192786,40.771290999759849],[-81.341553999878144,40.771170000316346],[-81.341282999716483,40.771076999762229],[-81.340963999874262,40.770956999996017],[-81.340703999583269,40.77084800008862],[-81.340599000001276,40.770800000178781],[-81.340250999846745,40.770640999847124],[-81.3401079997316,40.770568000012396],[-81.33991699993588,40.770450000156544],[-81.339740000383898,40.770324000159874],[-81.339444000107889,40.770100999731291],[-81.338871999647338,40.769653999943969],[-81.338305999932913,40.769211000244184],[-81.336950000198044,40.768157999825846],[-81.336709999998547,40.767977999671885],[-81.336499999936265,40.767828999852156],[-81.336260999561659,40.767681999930922],[-81.336027000108231,40.767546999744546],[-81.335497000378822,40.767253999812752],[-81.334739000145447,40.76682500021068],[-81.33384899966758,40.766304000265549],[-81.333236000097486,40.765939999742386],[-81.33101300034933,40.76457799990412],[-81.330471000026009,40.764207999802558],[-81.330132999917211,40.763955000220676],[-81.329927999877796,40.763791000326854],[-81.329732999884143,40.763621000325038],[-81.329510000301383,40.763411000162726],[-81.329260000056138,40.763158000268582],[-81.329020999681518,40.762901000019362],[-81.328824999862945,40.762674999961227],[-81.328670999877147,40.762482000119121],[-81.328499000348017,40.762244999860165],[-81.328336999966311,40.762003999990561],[-81.328186000353568,40.761758999786451],[-81.328044999888263,40.76151100009308],[-81.327917999666653,40.761257999770741],[-81.327782999947445,40.760960000283148],[-81.32762399993878,40.760573000061946],[-81.327459000082342,40.760139999961979],[-81.327028000087111,40.758969999805792],[-81.326638999924697,40.757929999768024],[-81.326034999677105,40.756283000019621],[-81.325771000086462,40.755573999724568],[-81.325357999634591,40.754464000066328],[-81.325186999930381,40.7539860001216],[-81.324843999798688,40.753077999944729],[-81.324110999679675,40.751084999918504],[-81.323939999975451,40.750654000010393],[-81.323772999570878,40.750270000132588],[-81.323613999562227,40.749931000332793],[-81.323443999682908,40.749594999970043],[-81.323241000191629,40.749220999959597],[-81.323000999992118,40.748810000060566],[-81.322800000150679,40.748484000127384],[-81.322586999715327,40.748162999965523],[-81.322363000307675,40.747845999913288],[-81.322221000017436,40.747657000202125],[-81.322098999818706,40.747494999730534],[-81.321760999709909,40.747071999701134],[-81.32116400003332,40.746346999675765],[-81.319012000430263,40.743761999817544],[-81.318517999787531,40.743147000181757],[-81.318157000112521,40.742682000151255],[-81.318132999823078,40.742649000227537],[-81.317748999683516,40.742132999785689],[-81.317439999887029,40.741696999895716],[-81.317089000257766,40.741175999702534],[-81.31682700031692,40.740771000174227],[-81.316488000383217,40.740246999989026],[-81.316237000313052,40.73983900000519],[-81.315642000286289,40.738843999792813],[-81.315575000339138,40.738732999890935],[-81.314992000007962,40.737746999806866],[-81.313405000294409,40.735086000142097],[-81.31310999984332,40.734590000284932],[-81.312345999762158,40.733297000256293],[-81.311668999719657,40.732170000248246],[-81.310723999888538,40.730582999947615],[-81.310326000403592,40.729915000142178],[-81.308844000272032,40.727411000244665],[-81.308014000068653,40.726016000117426],[-81.30792500038018,40.725867000198576],[-81.306157999843265,40.722898999798559],[-81.305495000044473,40.721797999884345],[-81.304713000419966,40.720485999753087],[-81.304164000423967,40.719543999780996],[-81.304064999791436,40.71937499983639],[-81.303790000330139,40.718925999756529],[-81.303603999659003,40.718645000061272],[-81.303454999696086,40.718433999977961],[-81.303278999968995,40.718218999869883],[-81.303056000386221,40.717947000204482],[-81.302885999608591,40.717768999976954],[-81.302741999668555,40.717628000124492],[-81.302554000245891,40.717456000189827],[-81.30220400044152,40.717166000022104],[-81.301799000385572,40.716870000116508],[-81.301390999956581,40.716608999903734],[-81.301088000007866,40.716437000059805],[-81.30066100021061,40.716222999839452],[-81.300419000361273,40.716112000329183],[-81.300152000397574,40.715999000208271],[-81.299893999756407,40.715898999959379],[-81.299564000043503,40.715783999725708],[-81.299309999600297,40.715704000097311],[-81.299013000397707,40.71562000017974],[-81.29862599988509,40.715527999759395],[-81.298110000399362,40.715423999959995],[-81.297056999714911,40.715245999795371],[-81.296773000032772,40.715187000163681],[-81.296490000175567,40.715123000030943],[-81.296105000211085,40.715016000277998],[-81.295260999763983,40.714769000121628],[-81.294971000234099,40.71469199997096],[-81.294946000119722,40.714684999705248],[-81.294710000118187,40.714635000314978],[-81.294363999613452,40.714576999695083],[-81.29402300002991,40.714542999895208],[-81.293905999854047,40.714535000059961],[-81.293540000156156,40.714527000223697],[-81.293298000306834,40.714533999825107],[-81.293065999604906,40.714548999941258],[-81.292824999580489,40.714574999907633],[-81.292421000247771,40.714629000276673],[-81.291246000262873,40.714798000013779],[-81.288121000341278,40.715247000019488],[-81.287655000185964,40.715308000044445],[-81.287404000115799,40.715333000172464],[-81.28719999990129,40.71534599966337],[-81.287009000105584,40.715352000317957],[-81.286809999913956,40.71534900033118],[-81.286564999691578,40.715336000159965],[-81.286358000002352,40.715315999786817],[-81.286188000123033,40.715294999865229],[-81.286010999672698,40.715266999732471],[-81.285839999968488,40.715233000284954],[-81.28561099963963,40.715175999730342],[-81.285393000079736,40.715112999813151],[-81.285172999971692,40.715037000287587],[-81.284916000053755,40.714938999732091],[-81.278338999972448,40.712189999842963],[-81.278026999802904,40.71205000002238],[-81.277734999724856,40.711909999907434],[-81.277394000141314,40.711730000008075],[-81.277122999979667,40.71157600007863],[-81.277028000443437,40.711518000198609],[-81.27684900034329,40.711409000216889],[-81.276557000265228,40.711217999918603],[-81.276339999631929,40.71106900023959],[-81.27618499982124,40.710955000122915],[-81.275928999728194,40.710754999984253],[-81.27574799997825,40.710607000243954],[-81.275676000008218,40.710547000292301],[-81.275424999938053,40.710317999821086],[-81.275230999769292,40.71013000002015],[-81.275023000255146,40.709914000028185],[-81.274789999728327,40.709654000092193],[-81.274604999780379,40.709430000150448],[-81.274454000167651,40.709234000094007],[-81.274255999800943,40.708955000304023],[-81.274100000165319,40.70871499966659],[-81.274008000103834,40.708559999930173],[-81.273955000400363,40.70847100026554],[-81.273840999699246,40.708259999942555],[-81.273736000117268,40.708049999964267],[-81.273623000139338,40.707794000223458],[-81.273512999636182,40.70752299984585],[-81.271684999898227,40.702698999749963],[-81.27118899960567,40.70138099997228],[-81.270442000141273,40.699399000174317],[-81.27024299994963,40.698887999734261],[-81.27018100002536,40.698747999871919],[-81.270078999918127,40.698543000199372],[-81.269986000031693,40.69838100000856],[-81.269904000015927,40.698253999865116],[-81.269802999733585,40.698110000149697],[-81.269733000311717,40.698020000339767],[-81.269672000212339,40.697942000088261],[-81.269530999747033,40.697789999894667],[-81.26940799972337,40.697666000089193],[-81.268956999636657,40.697257999891143],[-81.268205000149408,40.696605999956326],[-81.267503999817436,40.695990999703987],[-81.264635999813805,40.693484999688579],[-81.264271999765725,40.693151999960591],[-81.264131000198745,40.693008000114986],[-81.26403300028943,40.692895000292545],[-81.263947999900637,40.692778000075577],[-81.263870000082832,40.692658000006347],[-81.263804999785492,40.692533000300415],[-81.263750000432211,40.692405000020699],[-81.26368699978471,40.692233000321835],[-81.263615999639612,40.692016000290124],[-81.263541000194849,40.691753000271156],[-81.263451999608066,40.691399999996925],[-81.263335000330528,40.690868000052575],[-81.262984999627847,40.689111000297856],[-81.262690999899974,40.687676999699129],[-81.26245700044656,40.686511000099422],[-81.262263000277798,40.685551999923277],[-81.262048000192635,40.68449899987634],[-81.261775000381178,40.683144000157178],[-81.261695000015237,40.682769999961138],[-81.2611650002858,40.680121000328747],[-81.261151000042105,40.680034999669274],[-81.26113699979841,40.679950999726074],[-81.261101999638299,40.679613000101163],[-81.261082000445128,40.679307000051047],[-81.261065999653283,40.678958999689556],[-81.26107200039938,40.67879399998148],[-81.261049999759763,40.677710999662949],[-81.261043000087056,40.677354000182362],[-81.261018999797614,40.676254000178211],[-81.259586999894779,40.676176999784367],[-81.258642000063674,40.676140999879415],[-81.258050000409952,40.676132000070439],[-81.257397999583489,40.67613400033089],[-81.256924999755469,40.676144000269638],[-81.256333000101762,40.676165000272412],[-81.256242999690073,40.676170000239622],[-81.255861000098648,40.67619000010486],[-81.250734000361845,40.676543999996298],[-81.245430999999598,40.676923000290785],[-81.245035999989398,40.676953999865425],[-81.244724999644788,40.676977999965736],[-81.244372000365672,40.677011999865961],[-81.244078999564408,40.677049000098386],[-81.243789000034496,40.677093999874643],[-81.243501000154396,40.677149000089813],[-81.24321599974904,40.677211999809813],[-81.242936000264876,40.677286000032076],[-81.242660000080349,40.67736899981545],[-81.242443000345389,40.677441999752894],[-81.242177000206581,40.677542999945146],[-81.241916999915588,40.677651000055668],[-81.241558999715309,40.677809999918843],[-81.241007000244579,40.678073999882443],[-81.240514000325078,40.67832300006684],[-81.240027000253349,40.678580000069722],[-81.239835999559332,40.678686999770811],[-81.239673000251031,40.678769999853671]]},"properties":{"BASENAME":"43","MTFCC":"S1200","NAME":"State Rte 43","OBJECTID":103076,"OID":"1101561189427","PREDIR":null,"PREDIRABRV":null,"PREQUAL":null,"PREQUALABRV":null,"PRETYP":586,"PRETYPEABRV":"State Rte","RTTYP":"S","SUFDIR":null,"SUFDIRABRV":null,"SUFQUAL":null,"SUFQUALABRV":null,"SUFTYP":null,"SUFTYPEABRV":null}},{"type":"Feature","id":109616,"geometry":{"type":"LineString","coordinates":[[-81.369659999804156,40.809086000304269],[-81.369173999557361,40.809066999737709],[-81.368786999943069,40.809062000231876],[-81.368017999839054,40.809043999831914],[-81.367854999632428,40.809043999831914],[-81.366260000421263,40.80900200001286],[-81.364691000251085,40.808963000011403],[-81.363172000309604,40.808926999832813],[-81.362823000330167,40.808921000141126],[-81.361573000002181,40.808888999963038],[-81.360844000081144,40.808871999692208],[-81.360512999645039,40.808863000146978],[-81.36010699976417,40.80885299974431],[-81.359987000113563,40.808848999718819],[-81.358633000028533,40.808822999887091],[-81.358092000428471,40.808803999925111],[-81.357463000066517,40.808779000253224],[-81.357247000156448,40.808770000015492],[-81.355795999987038,40.808711999889354],[-81.354585999842058,40.808662999966096]]},"properties":{"BASENAME":"12th","MTFCC":"S1200","NAME":"12th St NE","OBJECTID":109616,"OID":"1103691312170","PREDIR":null,"PREDIRABRV":null,"PREQUAL":null,"PREQUALABRV":null,"PRETYP":null,"PRETYPEABRV":null,"RTTYP":"M","SUFDIR":15,"SUFDIRABRV":"NE","SUFQUAL":null,"SUFQUALABRV":null,"SUFTYP":595,"SUFTYPEABRV":"St"}},{"type":"Feature","id":130144,"geometry":{"type":"LineString","coordinates":[[-81.359042000282457,40.830775000059901],[-81.356471000379742,40.830694000263144],[-81.356195000195214,40.830685000279658],[-81.355181999693713,40.830664999934264],[-81.354239000410729,40.830645000262557],[-81.353584999934441,40.830634999744753],[-81.352952000272836,40.830633000048806]]},"properties":{"BASENAME":"30th","MTFCC":"S1200","NAME":"30th St NE","OBJECTID":130144,"OID":"1103718219809","PREDIR":null,"PREDIRABRV":null,"PREQUAL":null,"PREQUALABRV":null,"PRETYP":null,"PRETYPEABRV":null,"RTTYP":"M","SUFDIR":15,"SUFDIRABRV":"NE","SUFQUAL":null,"SUFQUALABRV":null,"SUFTYP":595,"SUFTYPEABRV":"St"}},{"type":"Feature","id":179246,"geometry":{"type":"LineString","coordinates":[[-81.405346000267244,40.751030000180457],[-81.405739999554243,40.751041000131671],[-81.406465000175643,40.751060999976517],[-81.409144999858299,40.751151999909105],[-81.409550999739167,40.751166000254116],[-81.409714999770713,40.751169999671596],[-81.409836999969443,40.751173000085252],[-81.410315999645235,40.75118600006131],[-81.414030999570713,40.751306000139429],[-81.415474000242511,40.75135300015635],[-81.4174869999284,40.751417999835432],[-81.41764400028724,40.751423000279267],[-81.419508999835116,40.751483000131508],[-81.421975999980759,40.751566000019345],[-81.423141999744828,40.751602999673629],[-81.423311999624133,40.751608000103502],[-81.424397999920558,40.751642000022585],[-81.424937999695729,40.751660000332954],[-81.426865000066215,40.75172400003607],[-81.426969999648193,40.751726999744157],[-81.427316000152913,40.751738000260644],[-81.427505000298808,40.751743999675469],[-81.427884000415489,40.751757000220408],[-81.428536000343641,40.75178099991119],[-81.428829000246623,40.751791000063299],[-81.429168000180326,40.751803999918586],[-81.43154499991428,40.751885999732274],[-81.432934999984312,40.75194399982157],[-81.433634999593068,40.751968000125366],[-81.436030999593598,40.752049000065782],[-81.444411000196837,40.752355999750876],[-81.448176000350998,40.752493000179236],[-81.449537999933654,40.752538999693478],[-81.452923999971134,40.752643999678597],[-81.454377999615289,40.752689000107537],[-81.458850999774128,40.752831999846869],[-81.461242999576712,40.752911999757281],[-81.463512000253957,40.752986999926073],[-81.463903000066196,40.753000999884705],[-81.466624999581654,40.753099999848281],[-81.46769699963437,40.753152000271861],[-81.467857000366266,40.753156999904768],[-81.468606000378813,40.75318099977067]]},"properties":{"BASENAME":"Faircrest","MTFCC":"S1200","NAME":"Faircrest St SW","OBJECTID":179246,"OID":"1104763184096","PREDIR":null,"PREDIRABRV":null,"PREQUAL":null,"PREQUALABRV":null,"PRETYP":null,"PRETYPEABRV":null,"RTTYP":"M","SUFDIR":18,"SUFDIRABRV":"SW","SUFQUAL":null,"SUFQUALABRV":null,"SUFTYP":595,"SUFTYPEABRV":"St"}},{"type":"Feature","id":179247,"geometry":{"type":"LineString","coordinates":[[-81.416931000259694,40.797467999952687],[-81.417011999552244,40.796440999887558],[-81.417060999956036,40.795832000209593],[-81.417084000420587,40.795525000052919],[-81.417098999590877,40.795174999726349],[-81.41723400020841,40.792951000045029],[-81.417292999759638,40.792066000058391],[-81.417403000262794,40.790371000212495],[-81.417444000270692,40.78973200029975],[-81.417488999578211,40.789051000156967],[-81.41750500037007,40.788915000065806],[-81.41754800002775,40.788682999907586],[-81.417592000408689,40.788521000119815],[-81.417683999571878,40.788327999852477],[-81.417764999762753,40.788175000189916],[-81.417840000105812,40.788051999912206],[-81.417922000121578,40.787932000201394],[-81.418014000183078,40.787816000206774],[-81.418112999917284,40.787703999949393],[-81.418220999872332,40.787596000129554],[-81.418336000398369,40.787492999904678],[-81.418500000429901,40.787363000304126],[-81.418651000042644,40.787250999962836],[-81.418880000371487,40.78708100012836],[-81.419040000205058,40.786949999895036],[-81.419189999992895,40.786812999753593],[-81.41929600029809,40.786704999844979],[-81.419393000382485,40.786594000266],[-81.419512000208158,40.786440000175276],[-81.419593000399018,40.786321000107833],[-81.419665000369037,40.786199000314639],[-81.419749999859548,40.78603200002803],[-81.41982100000466,40.785861999793731],[-81.419879999555889,40.785689000268782],[-81.419913999891079,40.785558000010191],[-81.419939999830333,40.78542600032425],[-81.41995900009691,40.785246999872363],[-81.419965999769616,40.785113999714405],[-81.419960999746735,40.784934999781903],[-81.419935999632372,40.784667000269323],[-81.419873999708116,40.784196000314957],[-81.419776999623721,40.783440000124344],[-81.419740999638705,40.783165000158171],[-81.419680000437651,40.78270300012759],[-81.419616999790151,40.782155000232621],[-81.419595999873749,40.781994999966557],[-81.419573000307537,40.781818000277561],[-81.419475000398251,40.781077000309573],[-81.419425000169539,40.780770999871841],[-81.419384000161642,40.780597000087866],[-81.419330999559875,40.780424999697111],[-81.41926699998578,40.780254000148503],[-81.418962000387253,40.779572000147283],[-81.418758999997664,40.779143999750225],[-81.418660000263458,40.778936000239838]]},"properties":{"BASENAME":"Raff","MTFCC":"S1200","NAME":"Raff Rd SW","OBJECTID":179247,"OID":"1104763186819","PREDIR":null,"PREDIRABRV":null,"PREQUAL":null,"PREQUALABRV":null,"PRETYP":null,"PRETYPEABRV":null,"RTTYP":"M","SUFDIR":18,"SUFDIRABRV":"SW","SUFQUAL":null,"SUFQUALABRV":null,"SUFTYP":531,"SUFTYPEABRV":"Rd"}},{"type":"Feature","id":180396,"geometry":{"type":"LineString","coordinates":[[-81.360433000177409,40.79558399983879],[-81.3599469999306,40.795484999914706]]},"properties":{"BASENAME":"Jobe","MTFCC":"S1200","NAME":"Jobe Ct NE","OBJECTID":180396,"OID":"1104764201046","PREDIR":null,"PREDIRABRV":null,"PREQUAL":null,"PREQUALABRV":null,"PRETYP":null,"PRETYPEABRV":null,"RTTYP":"M","SUFDIR":15,"SUFDIRABRV":"NE","SUFQUAL":null,"SUFQUALABRV":null,"SUFTYP":220,"SUFTYPEABRV":"Ct"}},{"type":"Feature","id":180397,"geometry":{"type":"LineString","coordinates":[[-81.372391000438753,40.794338000080309],[-81.372404999784166,40.794254999880785],[-81.372412000355155,40.794209999712805],[-81.372474000279439,40.79383500007409],[-81.37252299978492,40.793540000329685],[-81.372562000142992,40.793307000278297],[-81.372630999739968,40.792889000069017],[-81.372752999938697,40.792150000022026],[-81.373036999620808,40.790437000274643],[-81.373154999621605,40.789812999786079],[-81.373251999705985,40.789095999740738],[-81.373298999561641,40.788786000327086],[-81.373402000392119,40.788130999790539],[-81.373444000224907,40.787835999868548],[-81.373466999791134,40.787596999946061],[-81.373464000316403,40.787502000307114],[-81.373461999768267,40.787429999774268],[-81.373454000270655,40.787289999799455]]},"properties":{"BASENAME":"Cherry","MTFCC":"S1200","NAME":"Cherry Ave SE","OBJECTID":180397,"OID":"1104764225456","PREDIR":null,"PREDIRABRV":null,"PREQUAL":null,"PREQUALABRV":null,"PRETYP":null,"PRETYPEABRV":null,"RTTYP":"M","SUFDIR":17,"SUFDIRABRV":"SE","SUFQUAL":null,"SUFQUALABRV":null,"SUFTYP":125,"SUFTYPEABRV":"Ave"}},{"type":"Feature","id":180594,"geometry":{"type":"LineString","coordinates":[[-81.396481000140426,40.824285999850012],[-81.396769000020512,40.824406999722328],[-81.396939999724751,40.824478000314322],[-81.397239000373801,40.824614000278537],[-81.397405999880064,40.824695000024747],[-81.397477999850082,40.824729999867692],[-81.397598000399,40.82478800026599],[-81.397627999637919,40.824802999985664],[-81.397980999815331,40.824973999677418],[-81.39836999997776,40.82516299971811],[-81.398511000443079,40.825227999924152],[-81.398780000056604,40.825344999726646],[-81.39922500029553,40.825522000290412],[-81.399264999580154,40.825538999693684],[-81.399287000219786,40.825546999771241],[-81.399426999961875,40.82560300028716],[-81.399512000350697,40.825635999804284],[-81.399764000245781,40.825736000218257],[-81.39980500025365,40.825752000324869],[-81.400425000394776,40.8259969996911],[-81.401047000185685,40.826242000191449],[-81.401464999762126,40.826403999686733],[-81.401545000128067,40.826434999662489],[-81.401698000288945,40.826493999839521],[-81.402424999661847,40.826763000338502],[-81.402873000273829,40.82692900021565],[-81.403464000102616,40.82713599969739],[-81.403536000072648,40.827160999929305],[-81.40469000014113,40.827563000107318],[-81.404923999594544,40.827647999902162],[-81.405243000335076,40.827765000193295],[-81.405824999943064,40.827970999896273],[-81.405947999966699,40.828018000058897],[-81.406141000310541,40.828092999728831],[-81.407025999867201,40.828467000323926],[-81.408574999945913,40.829125000085533],[-81.409138000185621,40.829372000318692],[-81.410231999979644,40.829836000192643],[-81.410546999623918,40.829963999820855],[-81.410769000280084,40.830043000115914],[-81.410996999885725,40.830114999967343],[-81.411581000041807,40.830261999676047],[-81.411703000240536,40.830291000181241],[-81.412273999977856,40.830429000161224],[-81.412837000217564,40.830570000080556],[-81.41310699965598,40.830647999805905],[-81.413325999939104,40.830719999680056],[-81.413544000397309,40.830802999815589],[-81.413804999614896,40.830911999868512],[-81.414751000169232,40.831336000241009],[-81.415547999862355,40.831691999844807],[-81.415875000100513,40.831831999967278],[-81.416152000109946,40.831938000203152],[-81.416430999769204,40.832033000135951],[-81.416758000007349,40.832130000263135],[-81.417749999694124,40.832408000079653],[-81.41832299997958,40.832573000280206],[-81.418650000217724,40.832660000084637],[-81.418820000097028,40.832697000115317],[-81.418936000447985,40.832716000031198],[-81.419055000273673,40.832728999684292],[-81.41912899989353,40.832815000148692],[-81.419199000213723,40.832886999708748],[-81.419303999795702,40.83298099982855],[-81.419374000115909,40.833051000265058],[-81.419442999712885,40.833130000280498],[-81.419501000337519,40.833210999820054],[-81.419573000307537,40.833333000206856],[-81.420349999909178,40.834629999892869],[-81.420539999879963,40.834933000121801],[-81.420653999682784,40.835077000000858],[-81.420727000376033,40.835151000062474],[-81.420800000170956,40.835216999772243],[-81.420879999638586,40.835279000304723],[-81.420970999875195,40.835340000322553],[-81.421043999670118,40.835383000234586],[-81.421187999610154,40.835453000173935],[-81.421379000304185,40.83552900004382],[-81.422775000222018,40.836026000112525],[-81.423138000445178,40.836162000180849],[-81.423816000312613,40.836440000082078],[-81.423995000412759,40.836517999698231],[-81.42470500006722,40.83686300001051],[-81.425110000123169,40.837082000151824],[-81.42606099980209,40.837624000115227],[-81.426296999803625,40.837758999883242],[-81.426480000101733,40.837873000107543],[-81.426612000346225,40.837963000324997],[-81.42681700038564,40.838119999694484],[-81.427060000059882,40.838315999809609],[-81.427800999676492,40.838897999697323],[-81.428690000329439,40.839598999818335],[-81.429405999831687,40.840158999707235],[-81.429540999550909,40.840265000221635],[-81.429897999926283,40.840535999977483],[-81.430248999555559,40.84078699997422],[-81.430697000167527,40.841107999784441],[-81.430913999902515,40.84125599995248],[-81.431087999979795,40.841362000071726],[-81.431235000292887,40.841446000161213],[-81.431361999616172,40.841511999720019],[-81.431667000113023,40.841652000172807],[-81.434089000052808,40.842708000293449],[-81.434978999632349,40.84311399998969],[-81.435392999909141,40.843302999972387],[-81.435653000200134,40.843431999758977],[-81.435972000042369,40.843600000021276],[-81.436443000220564,40.843874000036962],[-81.437040999722029,40.844244999669101],[-81.437479000288278,40.844542999891765],[-81.437823000244862,40.844783999921894],[-81.438465999952172,40.845262000202823],[-81.440260000253261,40.846639999697565],[-81.440681000202758,40.84695800021634],[-81.441026999809168,40.847206999800889],[-81.443289999740301,40.84878400013195],[-81.445499000143087,40.850316000135898],[-81.44733699992679,40.851593000331981],[-81.448372000169599,40.852306999930803],[-81.450654000367308,40.853890999709442],[-81.451085000362525,40.854198999722897],[-81.451584999954719,40.854581999941651],[-81.451788000344322,40.854744000171515],[-81.452446999945181,40.855264999873441],[-81.452621000022447,40.855390000218797],[-81.452758000289791,40.85547699997214],[-81.453098999873333,40.855668000326183],[-81.453178000414354,40.855704999744148],[-81.453248999661156,40.855737999905408],[-81.453407999669835,40.855800999735273],[-81.453570999876433,40.855856999835694],[-81.453791999809383,40.855925999748735],[-81.453961999688673,40.855971000185086],[-81.454134000116142,40.856009000257941],[-81.454309000018313,40.856041000123561],[-81.454544000194957,40.856074000117452],[-81.454721999571873,40.856091999983647],[-81.455020000396019,40.856108999701831],[-81.458926999942122,40.856239999981554],[-81.459082999577731,40.856245000007846],[-81.460051999698294,40.856279000040679],[-81.461398000285712,40.856324999697669],[-81.462170999689391,40.856349999793309],[-81.462821999792638,40.856376000018571],[-81.463322000283142,40.856396000080402],[-81.463513999903768,40.856407999706974],[-81.463691000354075,40.856423999885045],[-81.463791999738106,40.856437999782962],[-81.463903000066196,40.856460000101812],[-81.463980000059095,40.856476999725565],[-81.464146999565358,40.856522999924522],[-81.464308999947065,40.856575999685788],[-81.46456500004011,40.856675000177511],[-81.464873999836584,40.856807000150027],[-81.465405000289252,40.857047000290919],[-81.468055999659583,40.858250999946456],[-81.469868000402315,40.859073000335471],[-81.47039399993379,40.859316000024442],[-81.471327000069351,40.859737999935483],[-81.471397000389544,40.859770000038033],[-81.471666000003054,40.859887000026582],[-81.471932999966754,40.859986999731063],[-81.47215800009765,40.860058000265276],[-81.472409999992735,40.860116000329391],[-81.472523999795541,40.860132000291316],[-81.472700000420957,40.860157999711575],[-81.472953000140947,40.860181000235521],[-81.473251999891673,40.860198999665123],[-81.474448999617877,40.860241999754891],[-81.47636500011771,40.860311999936044],[-81.477252000222506,40.860344999840471],[-81.477333000413353,40.860348000078048],[-81.47942300009214,40.860421999780108],[-81.480885000132204,40.860473999741586],[-81.482173999919922,40.860529999968058],[-81.485123000114399,40.860657000039268]]},"properties":{"BASENAME":"687","MTFCC":"S1200","NAME":"State Rte 687","OBJECTID":180594,"OID":"1104765241332","PREDIR":null,"PREDIRABRV":null,"PREQUAL":null,"PREQUALABRV":null,"PRETYP":586,"PRETYPEABRV":"State Rte","RTTYP":"S","SUFDIR":null,"SUFDIRABRV":null,"SUFQUAL":null,"SUFQUALABRV":null,"SUFTYP":null,"SUFTYPEABRV":null}},{"type":"Feature","id":180597,"geometry":{"type":"LineString","coordinates":[[-81.371142999760622,40.797716999750016],[-81.371384999609973,40.797000000051263],[-81.371556000212493,40.79650000021951],[-81.371639000053179,40.796311999809092],[-81.371736000137545,40.796176999996248],[-81.371824000001098,40.796028999865818],[-81.372003000101245,40.795704000002274],[-81.372024999842552,40.795655999690879],[-81.372068000398571,40.795563999790467],[-81.372150000414337,40.79534799970061],[-81.37219700027002,40.79517800019363],[-81.372234999904848,40.794999000186145],[-81.372248000323623,40.794918999931816],[-81.372314000445868,40.794528999776638],[-81.372352999905601,40.794423000283615],[-81.372391000438753,40.794338000080309]]},"properties":{"BASENAME":"Cherry","MTFCC":"S1200","NAME":"Cherry Ave SE","OBJECTID":180597,"OID":"1104765241431","PREDIR":null,"PREDIRABRV":null,"PREQUAL":null,"PREQUALABRV":null,"PRETYP":null,"PRETYPEABRV":null,"RTTYP":"M","SUFDIR":17,"SUFDIRABRV":"SE","SUFQUAL":null,"SUFQUALABRV":null,"SUFTYP":125,"SUFTYPEABRV":"Ave"}},{"type":"Feature","id":180783,"geometry":{"type":"LineString","coordinates":[[-81.374875000302836,40.798470999948172],[-81.375658999577169,40.798630000309771],[-81.376543000207221,40.79880999969501],[-81.377432999786762,40.79898900030728],[-81.37832499991444,40.7991710000436],[-81.379202999798409,40.799349999682399],[-81.380062000314112,40.79952900019854],[-81.380296999592446,40.799578999701815],[-81.380556000058533,40.799637000329632],[-81.381300999873119,40.799781000004458],[-81.381734000416472,40.799871000237637],[-81.382237000381707,40.799974000301773],[-81.383212000350071,40.800174000148218],[-81.383906000111011,40.800314999783183],[-81.384368000068378,40.800403999668625],[-81.384674000390135,40.800450000021094],[-81.385450999991775,40.800538000103899],[-81.385957000330052,40.800588999828015],[-81.386106000292969,40.800601000037439],[-81.386668999634367,40.80064599995336],[-81.387091000307066,40.800679999945146],[-81.38754300021867,40.800712000001546],[-81.387719999770681,40.800724999807507],[-81.388030000290399,40.800738000290991],[-81.388072999948108,40.800740000208229],[-81.388765000059237,40.800754000307116],[-81.389313000230331,40.800754000307116],[-81.390277000327998,40.800744000042478],[-81.390668000140266,40.800738999909612],[-81.390901999593666,40.800735999693671],[-81.39105899995252,40.800726000106337],[-81.391154000387075,40.800719999673213],[-81.391535999978487,40.800678000026153],[-81.391785000398841,40.80063899989289],[-81.392295000036782,40.800559999936397],[-81.393224999799273,40.800417000214928],[-81.393873000427774,40.80031999994798],[-81.394137999843352,40.800279999978869],[-81.395010999704439,40.800143999767641],[-81.395589999837668,40.800055000213611],[-81.395768000112909,40.800026999717971],[-81.395908999679904,40.800004999708818],[-81.396086000130225,40.799978000182222],[-81.396403000322636,40.799928999930273]]},"properties":{"BASENAME":"Tuscarawas","MTFCC":"S1200","NAME":"Tuscarawas St W","OBJECTID":180783,"OID":"1104765241538","PREDIR":null,"PREDIRABRV":null,"PREQUAL":null,"PREQUALABRV":null,"PRETYP":null,"PRETYPEABRV":null,"RTTYP":"M","SUFDIR":14,"SUFDIRABRV":"W","SUFQUAL":null,"SUFQUALABRV":null,"SUFTYP":595,"SUFTYPEABRV":"St"}},{"type":"Feature","id":180790,"geometry":{"type":"LineString","coordinates":[[-81.396481000140426,40.824285999850012],[-81.396769000020512,40.824406999722328],[-81.396939999724751,40.824478000314322],[-81.397239000373801,40.824614000278537],[-81.397405999880064,40.824695000024747],[-81.397477999850082,40.824729999867692],[-81.397598000399,40.82478800026599],[-81.397627999637919,40.824802999985664],[-81.397980999815331,40.824973999677418],[-81.39836999997776,40.82516299971811],[-81.398511000443079,40.825227999924152],[-81.398780000056604,40.825344999726646],[-81.39922500029553,40.825522000290412],[-81.399264999580154,40.825538999693684],[-81.399287000219786,40.825546999771241],[-81.399426999961875,40.82560300028716],[-81.399512000350697,40.825635999804284],[-81.399764000245781,40.825736000218257],[-81.39980500025365,40.825752000324869],[-81.400425000394776,40.8259969996911],[-81.401047000185685,40.826242000191449],[-81.401464999762126,40.826403999686733],[-81.401545000128067,40.826434999662489],[-81.401698000288945,40.826493999839521],[-81.402424999661847,40.826763000338502],[-81.402873000273829,40.82692900021565],[-81.403464000102616,40.82713599969739],[-81.403536000072648,40.827160999929305],[-81.40469000014113,40.827563000107318],[-81.404923999594544,40.827647999902162],[-81.405243000335076,40.827765000193295],[-81.405824999943064,40.827970999896273],[-81.405947999966699,40.828018000058897],[-81.406141000310541,40.828092999728831],[-81.407025999867201,40.828467000323926],[-81.408574999945913,40.829125000085533],[-81.409138000185621,40.829372000318692],[-81.410231999979644,40.829836000192643],[-81.410546999623918,40.829963999820855],[-81.410769000280084,40.830043000115914],[-81.410996999885725,40.830114999967343],[-81.411581000041807,40.830261999676047],[-81.411703000240536,40.830291000181241],[-81.412273999977856,40.830429000161224],[-81.412837000217564,40.830570000080556],[-81.41310699965598,40.830647999805905],[-81.413325999939104,40.830719999680056],[-81.413544000397309,40.830802999815589],[-81.413804999614896,40.830911999868512],[-81.414751000169232,40.831336000241009],[-81.415547999862355,40.831691999844807],[-81.415875000100513,40.831831999967278],[-81.416152000109946,40.831938000203152],[-81.416430999769204,40.832033000135951],[-81.416758000007349,40.832130000263135],[-81.417749999694124,40.832408000079653],[-81.41832299997958,40.832573000280206],[-81.418650000217724,40.832660000084637],[-81.418820000097028,40.832697000115317],[-81.418936000447985,40.832716000031198],[-81.419055000273673,40.832728999684292],[-81.41912899989353,40.832815000148692],[-81.419199000213723,40.832886999708748],[-81.419303999795702,40.83298099982855],[-81.419374000115909,40.833051000265058],[-81.419442999712885,40.833130000280498],[-81.419501000337519,40.833210999820054],[-81.419573000307537,40.833333000206856],[-81.420349999909178,40.834629999892869],[-81.420539999879963,40.834933000121801],[-81.420653999682784,40.835077000000858],[-81.420727000376033,40.835151000062474],[-81.420800000170956,40.835216999772243],[-81.420879999638586,40.835279000304723],[-81.420970999875195,40.835340000322553],[-81.421043999670118,40.835383000234586],[-81.421187999610154,40.835453000173935],[-81.421379000304185,40.83552900004382],[-81.422775000222018,40.836026000112525],[-81.423138000445178,40.836162000180849],[-81.423816000312613,40.836440000082078],[-81.423995000412759,40.836517999698231],[-81.42470500006722,40.83686300001051],[-81.425110000123169,40.837082000151824],[-81.42606099980209,40.837624000115227],[-81.426296999803625,40.837758999883242],[-81.426480000101733,40.837873000107543],[-81.426612000346225,40.837963000324997],[-81.42681700038564,40.838119999694484],[-81.427060000059882,40.838315999809609],[-81.427800999676492,40.838897999697323],[-81.428690000329439,40.839598999818335],[-81.429405999831687,40.840158999707235],[-81.429540999550909,40.840265000221635],[-81.429897999926283,40.840535999977483],[-81.430248999555559,40.84078699997422],[-81.430697000167527,40.841107999784441],[-81.430913999902515,40.84125599995248],[-81.431087999979795,40.841362000071726],[-81.431235000292887,40.841446000161213],[-81.431361999616172,40.841511999720019],[-81.431667000113023,40.841652000172807],[-81.434089000052808,40.842708000293449],[-81.434978999632349,40.84311399998969],[-81.435392999909141,40.843302999972387],[-81.435653000200134,40.843431999758977],[-81.435972000042369,40.843600000021276],[-81.436443000220564,40.843874000036962],[-81.437040999722029,40.844244999669101],[-81.437479000288278,40.844542999891765],[-81.437823000244862,40.844783999921894],[-81.438465999952172,40.845262000202823],[-81.440260000253261,40.846639999697565],[-81.440681000202758,40.84695800021634],[-81.441026999809168,40.847206999800889],[-81.443289999740301,40.84878400013195],[-81.445499000143087,40.850316000135898],[-81.44733699992679,40.851593000331981],[-81.448372000169599,40.852306999930803],[-81.450654000367308,40.853890999709442],[-81.451085000362525,40.854198999722897],[-81.451584999954719,40.854581999941651],[-81.451788000344322,40.854744000171515],[-81.452446999945181,40.855264999873441],[-81.452621000022447,40.855390000218797],[-81.452758000289791,40.85547699997214],[-81.453098999873333,40.855668000326183],[-81.453178000414354,40.855704999744148],[-81.453248999661156,40.855737999905408],[-81.453407999669835,40.855800999735273],[-81.453570999876433,40.855856999835694],[-81.453791999809383,40.855925999748735],[-81.453961999688673,40.855971000185086],[-81.454134000116142,40.856009000257941],[-81.454309000018313,40.856041000123561],[-81.454544000194957,40.856074000117452],[-81.454721999571873,40.856091999983647],[-81.455020000396019,40.856108999701831],[-81.458926999942122,40.856239999981554],[-81.459082999577731,40.856245000007846],[-81.460051999698294,40.856279000040679],[-81.461398000285712,40.856324999697669],[-81.462170999689391,40.856349999793309],[-81.462821999792638,40.856376000018571],[-81.463322000283142,40.856396000080402],[-81.463513999903768,40.856407999706974],[-81.463691000354075,40.856423999885045],[-81.463791999738106,40.856437999782962],[-81.463903000066196,40.856460000101812],[-81.463980000059095,40.856476999725565],[-81.464146999565358,40.856522999924522],[-81.464308999947065,40.856575999685788],[-81.46456500004011,40.856675000177511],[-81.464873999836584,40.856807000150027],[-81.465405000289252,40.857047000290919],[-81.468055999659583,40.858250999946456],[-81.469868000402315,40.859073000335471],[-81.47039399993379,40.859316000024442],[-81.471327000069351,40.859737999935483],[-81.471397000389544,40.859770000038033],[-81.471666000003054,40.859887000026582],[-81.471932999966754,40.859986999731063],[-81.47215800009765,40.860058000265276],[-81.472409999992735,40.860116000329391],[-81.472523999795541,40.860132000291316],[-81.472700000420957,40.860157999711575],[-81.472953000140947,40.860181000235521],[-81.473251999891673,40.860198999665123],[-81.474448999617877,40.860241999754891],[-81.47636500011771,40.860311999936044],[-81.477252000222506,40.860344999840471],[-81.477333000413353,40.860348000078048],[-81.47942300009214,40.860421999780108],[-81.480885000132204,40.860473999741586],[-81.482173999919922,40.860529999968058],[-81.485123000114399,40.860657000039268]]},"properties":{"BASENAME":"Fulton","MTFCC":"S1200","NAME":"Fulton Rd NW","OBJECTID":180790,"OID":"1104765241775","PREDIR":null,"PREDIRABRV":null,"PREQUAL":null,"PREQUALABRV":null,"PRETYP":null,"PRETYPEABRV":null,"RTTYP":"M","SUFDIR":16,"SUFDIRABRV":"NW","SUFQUAL":null,"SUFQUALABRV":null,"SUFTYP":531,"SUFTYPEABRV":"Rd"}},{"type":"Feature","id":180967,"geometry":{"type":"LineString","coordinates":[[-81.396403000322636,40.799928999930273],[-81.396086000130225,40.799978000182222],[-81.395908999679904,40.800004999708818],[-81.395768000112909,40.800026999717971],[-81.395589999837668,40.800055000213611],[-81.395010999704439,40.800143999767641],[-81.394137999843352,40.800279999978869],[-81.393873000427774,40.80031999994798],[-81.393224999799273,40.800417000214928],[-81.392295000036782,40.800559999936397],[-81.391785000398841,40.80063899989289],[-81.391535999978487,40.800678000026153],[-81.391154000387075,40.800719999673213],[-81.39105899995252,40.800726000106337],[-81.390901999593666,40.800735999693671],[-81.390668000140266,40.800738999909612],[-81.390277000327998,40.800744000042478],[-81.389313000230331,40.800754000307116],[-81.388765000059237,40.800754000307116],[-81.388072999948108,40.800740000208229],[-81.388030000290399,40.800738000290991],[-81.387719999770681,40.800724999807507],[-81.38754300021867,40.800712000001546],[-81.387091000307066,40.800679999945146],[-81.386668999634367,40.80064599995336],[-81.386106000292969,40.800601000037439],[-81.385957000330052,40.800588999828015],[-81.385450999991775,40.800538000103899],[-81.384674000390135,40.800450000021094],[-81.384368000068378,40.800403999668625],[-81.383906000111011,40.800314999783183],[-81.383212000350071,40.800174000148218],[-81.382237000381707,40.799974000301773],[-81.381734000416472,40.799871000237637],[-81.381300999873119,40.799781000004458],[-81.380556000058533,40.799637000329632],[-81.380296999592446,40.799578999701815],[-81.380062000314112,40.79952900019854],[-81.379202999798409,40.799349999682399],[-81.37832499991444,40.7991710000436],[-81.377432999786762,40.79898900030728],[-81.376543000207221,40.79880999969501],[-81.375658999577169,40.798630000309771],[-81.374875000302836,40.798470999948172],[-81.374589000072589,40.798415000328859],[-81.373799000052159,40.798256999788265],[-81.372925000366152,40.798079000260969],[-81.372018000169859,40.797893999906442],[-81.371142999760622,40.797716999750016],[-81.370233999914518,40.797537000121189],[-81.370057000362522,40.797502000212219],[-81.369505999818372,40.797393000338701],[-81.368819999555015,40.7972559999818],[-81.368571000033,40.797206999760704],[-81.368021000212082,40.797096999729355],[-81.367791000058318,40.797052000127678],[-81.366318000147601,40.796758000075208],[-81.36612599962865,40.796720000038199],[-81.365686000310916,40.79663200033422],[-81.365530999601916,40.796601000032062],[-81.364981999605916,40.796489999994044],[-81.363239000256755,40.796140999682414],[-81.363174999784363,40.796128000338804],[-81.362763000055693,40.796046000026209],[-81.362296000075474,40.795953000295512],[-81.361901000065245,40.795874000202581],[-81.361384999681221,40.795770999897158],[-81.360905000180523,40.795677000086407],[-81.360433000177409,40.79558399983879],[-81.3599469999306,40.795484999914706],[-81.359802000165644,40.79545500013522],[-81.359551000095479,40.795403999866991],[-81.358503000332206,40.795187999936644],[-81.358340000125565,40.795155000234843],[-81.35819899966026,40.795126000009432],[-81.357836000335425,40.795050000085467],[-81.357669999755757,40.795015999930264],[-81.357151999721893,40.794900000069788],[-81.356930999788958,40.794851000149905],[-81.356635000411259,40.794786999811443],[-81.356247999898656,40.794706000272228],[-81.355856000261497,40.794625999664824],[-81.355464999550932,40.794547000033013],[-81.355390999931089,40.794532000273072],[-81.354697999995039,40.794392000310111],[-81.353872999814527,40.794223000112062],[-81.353055000205003,40.794059000120285],[-81.35229000029895,40.793901999814935],[-81.352095000305269,40.793862000058994],[-81.351572000248538,40.793756000181141],[-81.351479000362119,40.79373699998628],[-81.350943999711504,40.7936300001832],[-81.350311000049928,40.793503000218536],[-81.349688000434085,40.79337199973272],[-81.349143999562642,40.793254999988847],[-81.348690999826118,40.793161000016177],[-81.348419999664458,40.793099999969918],[-81.348027000202393,40.793012999963082],[-81.347613999750521,40.792920000064257],[-81.347016000249027,40.792777999945457],[-81.346926999662259,40.79275999988959],[-81.346617999865771,40.792694999835973],[-81.344241999956722,40.792225999865188],[-81.343831999877892,40.792144999921938],[-81.343129999721029,40.792008000296761],[-81.342126000338666,40.791811000270741],[-81.341491000128954,40.791687999927021],[-81.341107999814298,40.791613999660214],[-81.340510000312833,40.791498999734479],[-81.339552000062909,40.791334999815128],[-81.33856399967577,40.791200000083521],[-81.337946000082809,40.791120999775728],[-81.336946000000083,40.790992000241907],[-81.336146999758853,40.790890000290709],[-81.33588499981802,40.790856999812874],[-81.334676000396257,40.790706999845526],[-81.333853999690476,40.790599000148937],[-81.332261999954056,40.790398000245865],[-81.33090500039431,40.790223000061474],[-81.329332999851061,40.790027999740268],[-81.328572000142941,40.789930000154314],[-81.328254000125639,40.789892000289832],[-81.327153999585491,40.789780999916871],[-81.326503000380583,40.789714000098201],[-81.325803999698437,40.789642999709052],[-81.325067000279759,40.789572999710884],[-81.32436400029799,40.789505999682397],[-81.323364000215278,40.789427999868572],[-81.322062999833705,40.789314999818828],[-81.320200999760544,40.789154000005659],[-81.319641999718812,40.789114000109805],[-81.319557000228301,40.789107999987316],[-81.318276999763114,40.789018000125452],[-81.317367000092091,40.788965999877611],[-81.316852000431297,40.788932000007463],[-81.316299000237322,40.788895999845913],[-81.315986000242873,40.78887599982329],[-81.315858000196357,40.788867000287226],[-81.314263000086896,40.788760000117392],[-81.313499000005763,40.788706000067954],[-81.312355999807906,40.788610000173897],[-81.311722000321424,40.788556999804513],[-81.311200000089599,40.788494000003375],[-81.310975999783608,40.788460999695054],[-81.310456000099933,40.788380999724517],[-81.309681000148117,40.788263000221164],[-81.308616999592999,40.788102999706652],[-81.307973999885675,40.788012999842941],[-81.306978000000925,40.787889000133219],[-81.306331999920559,40.787813999900244],[-81.305859000092539,40.787769000127867],[-81.305504000265302,40.787747000137372],[-81.303238999786018,40.787653999664165],[-81.301769000248342,40.787581000159548],[-81.301098999878533,40.787552000026636],[-81.298590999724993,40.787432999911388],[-81.298036999706127,40.787406999852102],[-81.297922000078401,40.787401000255528],[-81.297303999587101,40.787375000183708],[-81.295233000174917,40.787318000226136],[-81.294757999798748,40.787307999977926],[-81.294023999854829,40.787289999799455],[-81.292787999770567,40.787262000041132],[-81.291581999823549,40.787235999914948],[-81.291380999982096,40.787231999946933],[-81.289660000374241,40.787226000334542],[-81.28894999982144,40.787224000010184],[-81.288180999717426,40.787221999685762],[-81.287131000304328,40.787219000219267],[-81.286149999589881,40.787217999716908],[-81.285116999895209,40.787212999925586],[-81.284115999987591,40.787209999778526],[-81.282627000183354,40.787215000250235],[-81.281836000338018,40.787234000271042],[-81.280556999697737,40.78728899997833],[-81.279320999613489,40.787350999742209],[-81.278969000159279,40.787373999683759],[-81.278725999586726,40.787394000158748],[-81.278545999661674,40.787424000179762],[-81.278343000170395,40.78746500023194],[-81.278201999705075,40.787492999904678],[-81.277568000218594,40.787632000315725],[-81.275336000249581,40.788137000001264],[-81.27490600007927,40.788235999999877],[-81.274624999871889,40.788309000144714],[-81.274348999687348,40.788392000295786],[-81.274078000424026,40.788484999735395],[-81.273490999894875,40.788702999988331],[-81.272423000040092,40.789085999760324],[-81.272135999984926,40.789186000177025],[-81.271987000022008,40.789238000252581],[-81.2703380003842,40.789839000263555],[-81.268801000001062,40.790405999800235],[-81.267779000177043,40.790782000211649],[-81.267456999961766,40.79089300027151],[-81.267128000073797,40.790993999772631],[-81.266794999987866,40.791085999884793],[-81.266569000032064,40.791140999802288],[-81.266283999626694,40.791197999878875],[-81.265995999746607,40.791248000216036],[-81.265414999963568,40.791336000255455],[-81.264036999589081,40.791565999792304],[-81.263855999839123,40.791601000110333],[-81.263408000125452,40.791707000028183],[-81.263131999940938,40.791782999698292],[-81.262848000258799,40.791872000141034],[-81.262516999822708,40.791985999670324],[-81.262305000110601,40.792063999879829],[-81.262073000307012,40.792155999869642],[-81.260264999762214,40.792876000088654],[-81.259627000077757,40.79311700020029],[-81.259254999633768,40.793250999703297],[-81.259028999677952,40.793325999916163],[-81.258508000169371,40.793488000222723],[-81.258047999861816,40.793618000073771],[-81.257710999577924,40.79369999998486],[-81.257087000137176,40.793837000199296],[-81.256173000268205,40.7940209998985],[-81.254168999904834,40.79441299974529],[-81.253479000341827,40.794544000217293],[-81.25273500035216,40.794695000066909],[-81.252126999906622,40.794805999705808],[-81.25192900043821,40.794837999873621],[-81.251578999735528,40.794879999815358],[-81.250700000026654,40.794974000074511],[-81.250127999566132,40.795027000082399],[-81.249463999942392,40.795075000168488],[-81.247753000380314,40.795176000108818],[-81.247349999974176,40.795203999930358],[-81.247113999972612,40.795228999955384],[-81.246882000169023,40.795262000300426],[-81.246643999619337,40.795306999755354],[-81.246405999967962,40.795360999877033],[-81.246138000179357,40.79543399966947],[-81.245857999796883,40.795518999829717],[-81.245251000074546,40.795717000108979],[-81.243209000076362,40.796380999819],[-81.242910000325608,40.796485999903418],[-81.242069000251561,40.79678399987327],[-81.241869000235013,40.796848000326726],[-81.241704000378576,40.796893999743205],[-81.241566000286312,40.796926999940659],[-81.241403999904605,40.796958999766133],[-81.241157999857322,40.79699399996138],[-81.240940000297428,40.797010000199897],[-81.240765000395228,40.797016000288394],[-81.240580000447324,40.797016999963056],[-81.232780999627124,40.796779999800414],[-81.232277999661875,40.79676099979087],[-81.231005999592611,40.796705999768506],[-81.226708000234268,40.796492000039272],[-81.224879999598002,40.796393999793096],[-81.222912999942864,40.796294000031232],[-81.22161099973637,40.796248999885229],[-81.220958999808204,40.79623300014336],[-81.220661999707289,40.796233999829816],[-81.220424999880834,40.796244000093843],[-81.220130000328041,40.796265000303357],[-81.219777000150629,40.796300999869885],[-81.218905000114432,40.796412999907666],[-81.218273000277762,40.796498999856993],[-81.217913000427643,40.796556999775746],[-81.217684000098785,40.796601999712969],[-81.217514000219467,40.796643000218587],[-81.217291999563315,40.796707999807218],[-81.217074000003421,40.796779999800414],[-81.216969000421443,40.796819000160788],[-81.216807000039736,40.796878999833481],[-81.216442000166751,40.797029999812644],[-81.216083000141552,40.79718700020134],[-81.214943000316765,40.797698999673052],[-81.214867000148786,40.797732999814272],[-81.214498999902744,40.797891999903506],[-81.214190000106271,40.798015999973941],[-81.213974000196202,40.798091999902589],[-81.213754000088187,40.798161999759913],[-81.213503999842928,40.798230999887053],[-81.213309999674152,40.798276000049633],[-81.213030000190003,40.798333000121048],[-81.212732000264168,40.798388000155533],[-81.212439000361201,40.79843199987824],[-81.211974999855684,40.798490999800748],[-81.211623000401502,40.798529000184089],[-81.211318999729571,40.798554000317026],[-81.210917999871583,40.798574000144598],[-81.209793000115411,40.798603000223899],[-81.209469000250323,40.798617000093508],[-81.208121000013051,40.798694999992982],[-81.205957999641029,40.798830000125498],[-81.205307000436108,40.798878999828631],[-81.204777999633279,40.798926000203814],[-81.204016000100253,40.799010000328501],[-81.20126400044758,40.799303000287466],[-81.200685000314351,40.799369999950187],[-81.199395999628322,40.79955000004891],[-81.194412999831556,40.800263000222721],[-81.192578000420909,40.800529000108511],[-81.192050000341283,40.800597000194536],[-81.191798000446212,40.800624999769752],[-81.191757000438329,40.800629000290947],[-81.19150800001799,40.800649000173358],[-81.19092600041003,40.800656999852613],[-81.189830999892763,40.800642999733277],[-81.186393999801652,40.800597999815324],[-81.184359000374457,40.800572000151007],[-81.183736999685195,40.800567000005188],[-81.18295099986274,40.800550999943987],[-81.182591000012636,40.800520999733799],[-81.182310999630147,40.800482000188325],[-81.182136999552881,40.800451000324067],[-81.181773000403112,40.80036300012587],[-81.18128100030853,40.800210999941541],[-81.180581999626384,40.799969999741101],[-81.177762000201639,40.799026000081106],[-81.177188999916197,40.798820000251027],[-81.176794999730902,40.798646999804141],[-81.176111000015695,40.798293999970092],[-81.175884000234959,40.798175000065335],[-81.175684000218439,40.798079999919629],[-81.175530000232641,40.798015999973941],[-81.175315999972398,40.797939999958231],[-81.174493000340007,40.79768900030826],[-81.173899000138164,40.797518999995404],[-81.172724000153266,40.797183000152714],[-81.172550000076015,40.797143000333428],[-81.172488999976636,40.797135000230682],[-81.17237500017383,40.797119000022242],[-81.172261000371009,40.797108999890014],[-81.172102000362358,40.79711000024335],[-81.171970000117881,40.797119000022242],[-81.171739999964089,40.79715000008251],[-81.171556999666009,40.797183000152714],[-81.171382999588744,40.797220000253155],[-81.170142000379911,40.797504999894272],[-81.16961799959995,40.797620999963364],[-81.169189999977789,40.797722000110525],[-81.169024000296432,40.797754000232821],[-81.168815999883975,40.797786000339705],[-81.168582000430561,40.797809000066977],[-81.168385999713649,40.797819999756321],[-81.168208000336747,40.797821999761418],[-81.1669870003211,40.797764999931282],[-81.16503300018644,40.797681999935953],[-81.162863999966632,40.797596000159061],[-81.162232000129961,40.797570999665325],[-81.161621000209678,40.797555000242028],[-81.161097000328027,40.797541000148435],[-81.160402999668761,40.797510000270741],[-81.159913999947236,40.797478999698527],[-81.159691000364461,40.797455999856972],[-81.159503999868406,40.797432000339001],[-81.15934599968466,40.797406000114655],[-81.158995999880275,40.797332999770454],[-81.158692999931574,40.797255000310741],[-81.156072999625067,40.796500999901937],[-81.15574999958487,40.79641200022391],[-81.155561000337315,40.796367999842332],[-81.155230999726101,40.79630400028622],[-81.154906000036092,40.796263999937302],[-81.15477200014179,40.796246999832732],[-81.154521999896531,40.796227999670641],[-81.15408000003066,40.796220000137708],[-81.153850999701802,40.796224999930949],[-81.153500000072526,40.796250000251511],[-81.15313600002446,40.796291999980099],[-81.152803999763435,40.796348999714922],[-81.152669000044213,40.796376000037505],[-81.152453999959064,40.796427000239099],[-81.15222100033057,40.796490999676635],[-81.152017000116061,40.796554999732479],[-81.151849999711473,40.796613999963107],[-81.151279999799087,40.796859000175289],[-81.150719999932434,40.79711000024335],[-81.150586999863037,40.797162000233584],[-81.150339000165928,40.797243000176522],[-81.150083999897788,40.797305999837093],[-81.149960000049234,40.797328999730674],[-81.149733000268526,40.797359999692887],[-81.149616000092649,40.797369999787293],[-81.149574000259861,40.7973739998246],[-81.149323000189696,40.797381999898597],[-81.149190999945219,40.797381000229436],[-81.148938000225229,40.797365000080276],[-81.148709999721291,40.79733499979028],[-81.148457000001287,40.797284999956879],[-81.148014000310511,40.797162000233584],[-81.147440000200135,40.796985999840679],[-81.147111000312165,40.796895000099767],[-81.146821999708877,40.79683299972659],[-81.146651999829558,40.796806999947705],[-81.146247999598501,40.796758999753756],[-81.146072999696329,40.796749999926064],[-81.145891000121452,40.796745999851154],[-81.145600999693215,40.796749000247374],[-81.144768999839997,40.796785999909645],[-81.144122999759617,40.796823000231306],[-81.143242000400932,40.796865000277435],[-81.142505999908863,40.796880000190264],[-81.142119000294585,40.79687699979997],[-81.141947999692022,40.796867000311309],[-81.141817999995695,40.79685999985233],[-81.141627000199975,40.796851000038316],[-81.140995000363304,40.796792000018328],[-81.140530999857802,40.796730999907979],[-81.140299999879119,40.796696000254137],[-81.140054999656741,40.796652999740942],[-81.139668999867368,40.796571999758179],[-81.139432000040898,40.796517999941472],[-81.138987999626892,40.796406999764677],[-81.137990000092302,40.796140999682414],[-81.136819000305394,40.7958159996871],[-81.135980999706078,40.795590000056158],[-81.13094400038095,40.794249999939183],[-81.130335000110477,40.794093000085503],[-81.129883000198859,40.793981999934616],[-81.12954199971702,40.793908999905739],[-81.129254999661839,40.79385499996323],[-81.128971999804634,40.793812000330185],[-81.128267000173011,40.793727999748853],[-81.127620000267726,40.793677000194187],[-81.125575999721377,40.793563000167865],[-81.12476399995964,40.793518000210952],[-81.123665000142751,40.793456000084369],[-81.118226000236405,40.793150000234931],[-81.118140999847583,40.793143999797074],[-81.117400000230958,40.793099000236282],[-81.115586999663293,40.793000000006998],[-81.114865000313245,40.792956999820262],[-81.114511000310927,40.792943000117162],[-81.114039000307827,40.792933000036008],[-81.113743999856737,40.792933999772153],[-81.113454000326826,40.792948000157196],[-81.113161000423858,40.7929669998978],[-81.112862999599713,40.792994000235694],[-81.112513999620248,40.793035000249212],[-81.112168999838758,40.793086000297031],[-81.111937000035155,40.793125999840385],[-81.111705000231566,40.793171000062998],[-81.110449000055823,40.793443000215021],[-81.109259000002311,40.793705999692413],[-81.108301999577307,40.793937000261693],[-81.107458999853449,40.794151000066051],[-81.106241000210858,40.794442000282203],[-81.10361500005655,40.795063000320248],[-81.101747000135617,40.795491999838596],[-81.100905000236665,40.795695000031557],[-81.100502999655447,40.795795999708673],[-81.100235999691748,40.795872000138729],[-81.100039000048255,40.795934000049328],[-81.099806000419761,40.796024000057805],[-81.099404999663449,40.796207999816339],[-81.099207000195037,40.796313999859677],[-81.099028000094904,40.79642399982832],[-81.098852000367813,40.796547999920662],[-81.098344000379697,40.796926999940659],[-81.09803999970778,40.797141999980603],[-81.097859999782699,40.79725800000395],[-81.097716999667583,40.797338999829748],[-81.097520000024076,40.79744100007423],[-81.097328000403465,40.797533999760525],[-81.097111999595072,40.797627999662048],[-81.096903000256034,40.797704999699263],[-81.096669999729215,40.797778000314445],[-81.096453999819147,40.797835000133418],[-81.0958949997774,40.797959000310335],[-81.095423999599205,40.798051999950985],[-81.094908000113477,40.798147000136751],[-81.093235000186226,40.798472000280917],[-81.091947000223428,40.798714999778078],[-81.091876999903221,40.798729000304064],[-81.091200999685611,40.798865999661146],[-81.090742999926235,40.798953000158363],[-81.089316999871158,40.799237999839541],[-81.088859000111782,40.799335999967376],[-81.08807599976403,40.799525999927909],[-81.087248000108772,40.799742000024196],[-81.08710099979568,40.799784999896538],[-81.08700500043453,40.799799000196849]]},"properties":{"BASENAME":"172","MTFCC":"S1200","NAME":"State Rte 172","OBJECTID":180967,"OID":"1104765242387","PREDIR":null,"PREDIRABRV":null,"PREQUAL":null,"PREQUALABRV":null,"PRETYP":586,"PRETYPEABRV":"State Rte","RTTYP":"S","SUFDIR":null,"SUFDIRABRV":null,"SUFQUAL":null,"SUFQUALABRV":null,"SUFTYP":null,"SUFTYPEABRV":null}},{"type":"Feature","id":180969,"geometry":{"type":"LineString","coordinates":[[-81.371142999760622,40.797716999750016],[-81.370884000192859,40.79844100015795],[-81.370638999970467,40.79913499999337],[-81.370393999748075,40.799821000274278],[-81.370150000248913,40.800520999733799],[-81.369910000049416,40.801203999776213],[-81.369782999827805,40.801561000240326],[-81.369678000245813,40.801863000314668],[-81.369568999567562,40.802177000299395],[-81.36949800032076,40.802384000185071],[-81.369468000183531,40.802469000286173],[-81.369359000403591,40.802778999732581],[-81.369201000219846,40.80323399969781],[-81.36897899956368,40.803876999860961],[-81.368770000224615,40.804502999884228],[-81.368700999729342,40.804716000067586],[-81.368656000421794,40.804872999956622],[-81.368485999644179,40.805744999704757],[-81.368453999857138,40.805916999789972],[-81.368437999963589,40.806003999884702],[-81.368427999917856,40.806055000168584],[-81.368406000176563,40.806155000184773],[-81.368365999993586,40.806372000000835],[-81.368303000244396,40.806698999727608],[-81.368229999551133,40.807079999990648],[-81.368198999588998,40.807249000094096],[-81.368032000082735,40.808119999712197],[-81.367854999632428,40.809043999831914],[-81.367827000043334,40.8095640002783],[-81.367808999601664,40.809901000160522],[-81.367801999928957,40.810043999845483],[-81.36779500025628,40.810173999909765],[-81.36770300019478,40.812020999980753],[-81.367680999555148,40.812445000111197],[-81.367667000209764,40.812729000209899],[-81.367628999676612,40.81345599967792],[-81.367590000216879,40.814181999922184],[-81.367551999683727,40.814918999955459],[-81.367504000003152,40.815934000173257],[-81.367483999911656,40.816177999708792],[-81.367458999797307,40.816374000101163],[-81.367451000299695,40.816412999825737],[-81.367436000231081,40.816489999824732],[-81.367406999918771,40.816634000324633],[-81.367169000267381,40.817476999869413],[-81.367141999604897,40.817642999874636],[-81.367134000107285,40.817755999972277],[-81.36713499993219,40.817873000038944],[-81.367153000373861,40.818035000261311],[-81.367170999917207,40.81811699992091],[-81.367199000404611,40.818203000300656],[-81.367305999636415,40.818464000185486],[-81.367372999583566,40.818587999890731],[-81.367474999690813,40.81874600029775],[-81.367567999577247,40.818876000307419],[-81.367802999753877,40.819208999719073],[-81.367934000173449,40.819421000268072]]},"properties":{"BASENAME":"Cherry","MTFCC":"S1200","NAME":"Cherry Ave NE","OBJECTID":180969,"OID":"1104765242805","PREDIR":null,"PREDIRABRV":null,"PREQUAL":null,"PREQUALABRV":null,"PRETYP":null,"PRETYPEABRV":null,"RTTYP":"M","SUFDIR":15,"SUFDIRABRV":"NE","SUFQUAL":null,"SUFQUALABRV":null,"SUFTYP":125,"SUFTYPEABRV":"Ave"}},{"type":"Feature","id":180970,"geometry":{"type":"LineString","coordinates":[[-81.396481000140426,40.824285999850012],[-81.396769000020512,40.824406999722328],[-81.396939999724751,40.824478000314322],[-81.397239000373801,40.824614000278537],[-81.397405999880064,40.824695000024747],[-81.397477999850082,40.824729999867692],[-81.397598000399,40.82478800026599],[-81.397627999637919,40.824802999985664],[-81.397980999815331,40.824973999677418],[-81.39836999997776,40.82516299971811],[-81.398511000443079,40.825227999924152],[-81.398780000056604,40.825344999726646],[-81.39922500029553,40.825522000290412],[-81.399264999580154,40.825538999693684],[-81.399287000219786,40.825546999771241],[-81.399426999961875,40.82560300028716],[-81.399512000350697,40.825635999804284],[-81.399764000245781,40.825736000218257],[-81.39980500025365,40.825752000324869],[-81.400425000394776,40.8259969996911],[-81.401047000185685,40.826242000191449],[-81.401464999762126,40.826403999686733],[-81.401545000128067,40.826434999662489],[-81.401698000288945,40.826493999839521],[-81.402424999661847,40.826763000338502],[-81.402873000273829,40.82692900021565],[-81.403464000102616,40.82713599969739],[-81.403536000072648,40.827160999929305],[-81.40469000014113,40.827563000107318],[-81.404923999594544,40.827647999902162],[-81.405243000335076,40.827765000193295],[-81.405824999943064,40.827970999896273],[-81.405947999966699,40.828018000058897],[-81.406141000310541,40.828092999728831],[-81.407025999867201,40.828467000323926],[-81.408574999945913,40.829125000085533],[-81.409138000185621,40.829372000318692],[-81.410231999979644,40.829836000192643],[-81.410546999623918,40.829963999820855],[-81.410769000280084,40.830043000115914],[-81.410996999885725,40.830114999967343],[-81.411581000041807,40.830261999676047],[-81.411703000240536,40.830291000181241],[-81.412273999977856,40.830429000161224],[-81.412837000217564,40.830570000080556],[-81.41310699965598,40.830647999805905],[-81.413325999939104,40.830719999680056],[-81.413544000397309,40.830802999815589],[-81.413804999614896,40.830911999868512],[-81.414751000169232,40.831336000241009],[-81.415547999862355,40.831691999844807],[-81.415875000100513,40.831831999967278],[-81.416152000109946,40.831938000203152],[-81.416430999769204,40.832033000135951],[-81.416758000007349,40.832130000263135],[-81.417749999694124,40.832408000079653],[-81.41832299997958,40.832573000280206],[-81.418650000217724,40.832660000084637],[-81.418820000097028,40.832697000115317],[-81.418936000447985,40.832716000031198],[-81.419055000273673,40.832728999684292],[-81.41912899989353,40.832815000148692],[-81.419199000213723,40.832886999708748],[-81.419303999795702,40.83298099982855],[-81.419374000115909,40.833051000265058],[-81.419442999712885,40.833130000280498],[-81.419501000337519,40.833210999820054],[-81.419573000307537,40.833333000206856],[-81.420349999909178,40.834629999892869],[-81.420539999879963,40.834933000121801],[-81.420653999682784,40.835077000000858],[-81.420727000376033,40.835151000062474],[-81.420800000170956,40.835216999772243],[-81.420879999638586,40.835279000304723],[-81.420970999875195,40.835340000322553],[-81.421043999670118,40.835383000234586],[-81.421187999610154,40.835453000173935],[-81.421379000304185,40.83552900004382],[-81.422775000222018,40.836026000112525],[-81.423138000445178,40.836162000180849],[-81.423816000312613,40.836440000082078],[-81.423995000412759,40.836517999698231],[-81.42470500006722,40.83686300001051],[-81.425110000123169,40.837082000151824],[-81.42606099980209,40.837624000115227],[-81.426296999803625,40.837758999883242],[-81.426480000101733,40.837873000107543],[-81.426612000346225,40.837963000324997],[-81.42681700038564,40.838119999694484],[-81.427060000059882,40.838315999809609],[-81.427800999676492,40.838897999697323],[-81.428690000329439,40.839598999818335],[-81.429405999831687,40.840158999707235],[-81.429540999550909,40.840265000221635],[-81.429897999926283,40.840535999977483],[-81.430248999555559,40.84078699997422],[-81.430697000167527,40.841107999784441],[-81.430913999902515,40.84125599995248],[-81.431087999979795,40.841362000071726],[-81.431235000292887,40.841446000161213],[-81.431361999616172,40.841511999720019],[-81.431667000113023,40.841652000172807],[-81.434089000052808,40.842708000293449],[-81.434978999632349,40.84311399998969],[-81.435392999909141,40.843302999972387],[-81.435653000200134,40.843431999758977],[-81.435972000042369,40.843600000021276],[-81.436443000220564,40.843874000036962],[-81.437040999722029,40.844244999669101],[-81.437479000288278,40.844542999891765],[-81.437823000244862,40.844783999921894],[-81.438465999952172,40.845262000202823],[-81.440260000253261,40.846639999697565],[-81.440681000202758,40.84695800021634],[-81.441026999809168,40.847206999800889],[-81.443289999740301,40.84878400013195],[-81.445499000143087,40.850316000135898],[-81.44733699992679,40.851593000331981],[-81.448372000169599,40.852306999930803],[-81.450654000367308,40.853890999709442],[-81.451085000362525,40.854198999722897],[-81.451584999954719,40.854581999941651],[-81.451788000344322,40.854744000171515],[-81.452446999945181,40.855264999873441],[-81.452621000022447,40.855390000218797],[-81.452758000289791,40.85547699997214],[-81.453098999873333,40.855668000326183],[-81.453178000414354,40.855704999744148],[-81.453248999661156,40.855737999905408],[-81.453407999669835,40.855800999735273],[-81.453570999876433,40.855856999835694],[-81.453791999809383,40.855925999748735],[-81.453961999688673,40.855971000185086],[-81.454134000116142,40.856009000257941],[-81.454309000018313,40.856041000123561],[-81.454544000194957,40.856074000117452],[-81.454721999571873,40.856091999983647],[-81.455020000396019,40.856108999701831],[-81.458926999942122,40.856239999981554],[-81.459082999577731,40.856245000007846],[-81.460051999698294,40.856279000040679],[-81.461398000285712,40.856324999697669],[-81.462170999689391,40.856349999793309],[-81.462821999792638,40.856376000018571],[-81.463322000283142,40.856396000080402],[-81.463513999903768,40.856407999706974],[-81.463691000354075,40.856423999885045],[-81.463791999738106,40.856437999782962],[-81.463903000066196,40.856460000101812],[-81.463980000059095,40.856476999725565],[-81.464146999565358,40.856522999924522],[-81.464308999947065,40.856575999685788],[-81.46456500004011,40.856675000177511],[-81.464873999836584,40.856807000150027],[-81.465405000289252,40.857047000290919],[-81.468055999659583,40.858250999946456],[-81.469868000402315,40.859073000335471],[-81.47039399993379,40.859316000024442],[-81.471327000069351,40.859737999935483],[-81.471397000389544,40.859770000038033],[-81.471666000003054,40.859887000026582],[-81.471932999966754,40.859986999731063],[-81.47215800009765,40.860058000265276],[-81.472409999992735,40.860116000329391],[-81.472523999795541,40.860132000291316],[-81.472700000420957,40.860157999711575],[-81.472953000140947,40.860181000235521],[-81.473251999891673,40.860198999665123],[-81.474448999617877,40.860241999754891],[-81.47636500011771,40.860311999936044],[-81.477252000222506,40.860344999840471],[-81.477333000413353,40.860348000078048],[-81.47942300009214,40.860421999780108],[-81.480885000132204,40.860473999741586],[-81.482173999919922,40.860529999968058],[-81.485123000114399,40.860657000039268]]},"properties":{"BASENAME":"Fulton","MTFCC":"S1200","NAME":"Fulton Dr NW","OBJECTID":180970,"OID":"1104765242838","PREDIR":null,"PREDIRABRV":null,"PREQUAL":null,"PREQUALABRV":null,"PRETYP":null,"PRETYPEABRV":null,"RTTYP":"M","SUFDIR":16,"SUFDIRABRV":"NW","SUFQUAL":null,"SUFQUALABRV":null,"SUFTYP":247,"SUFTYPEABRV":"Dr"}},{"type":"Feature","id":180973,"geometry":{"type":"LineString","coordinates":[[-81.372391000438753,40.794338000080309],[-81.372352999905601,40.794423000283615],[-81.372314000445868,40.794528999776638],[-81.372248000323623,40.794918999931816],[-81.372234999904848,40.794999000186145],[-81.37219700027002,40.79517800019363],[-81.372150000414337,40.79534799970061],[-81.372068000398571,40.795563999790467],[-81.372024999842552,40.795655999690879],[-81.372003000101245,40.795704000002274],[-81.371824000001098,40.796028999865818],[-81.371736000137545,40.796176999996248],[-81.371639000053179,40.796311999809092],[-81.371556000212493,40.79650000021951],[-81.371384999609973,40.797000000051263],[-81.371142999760622,40.797716999750016],[-81.370884000192859,40.79844100015795],[-81.370638999970467,40.79913499999337],[-81.370393999748075,40.799821000274278],[-81.370150000248913,40.800520999733799],[-81.369910000049416,40.801203999776213],[-81.369782999827805,40.801561000240326],[-81.369678000245813,40.801863000314668],[-81.369568999567562,40.802177000299395],[-81.36949800032076,40.802384000185071],[-81.369468000183531,40.802469000286173],[-81.369359000403591,40.802778999732581],[-81.369201000219846,40.80323399969781],[-81.36897899956368,40.803876999860961],[-81.368770000224615,40.804502999884228],[-81.368700999729342,40.804716000067586],[-81.368656000421794,40.804872999956622],[-81.368485999644179,40.805744999704757],[-81.368453999857138,40.805916999789972],[-81.368437999963589,40.806003999884702],[-81.368427999917856,40.806055000168584],[-81.368406000176563,40.806155000184773],[-81.368365999993586,40.806372000000835],[-81.368303000244396,40.806698999727608],[-81.368229999551133,40.807079999990648],[-81.368198999588998,40.807249000094096],[-81.368032000082735,40.808119999712197],[-81.367854999632428,40.809043999831914],[-81.367827000043334,40.8095640002783],[-81.367808999601664,40.809901000160522],[-81.367801999928957,40.810043999845483],[-81.36779500025628,40.810173999909765],[-81.36770300019478,40.812020999980753],[-81.367680999555148,40.812445000111197],[-81.367667000209764,40.812729000209899],[-81.367628999676612,40.81345599967792],[-81.367590000216879,40.814181999922184],[-81.367551999683727,40.814918999955459],[-81.367504000003152,40.815934000173257],[-81.367483999911656,40.816177999708792],[-81.367458999797307,40.816374000101163],[-81.367451000299695,40.816412999825737],[-81.367436000231081,40.816489999824732],[-81.367406999918771,40.816634000324633],[-81.367169000267381,40.817476999869413],[-81.367141999604897,40.817642999874636],[-81.367134000107285,40.817755999972277],[-81.36713499993219,40.817873000038944],[-81.367153000373861,40.818035000261311],[-81.367170999917207,40.81811699992091],[-81.367199000404611,40.818203000300656],[-81.367305999636415,40.818464000185486],[-81.367372999583566,40.818587999890731],[-81.367474999690813,40.81874600029775],[-81.367567999577247,40.818876000307419],[-81.367802999753877,40.819208999719073],[-81.367934000173449,40.819421000268072]]},"properties":{"BASENAME":"43","MTFCC":"S1200","NAME":"State Rte 43","OBJECTID":180973,"OID":"1104765243239","PREDIR":null,"PREDIRABRV":null,"PREQUAL":null,"PREQUALABRV":null,"PRETYP":586,"PRETYPEABRV":"State Rte","RTTYP":"S","SUFDIR":null,"SUFDIRABRV":null,"SUFQUAL":null,"SUFQUALABRV":null,"SUFTYP":null,"SUFTYPEABRV":null}},{"type":"Feature","id":181687,"geometry":{"type":"LineString","coordinates":[[-81.416931000259694,40.797467999952687],[-81.417011999552244,40.796440999887558],[-81.417060999956036,40.795832000209593],[-81.417084000420587,40.795525000052919],[-81.417098999590877,40.795174999726349],[-81.41723400020841,40.792951000045029],[-81.417292999759638,40.792066000058391],[-81.417403000262794,40.790371000212495],[-81.417444000270692,40.78973200029975],[-81.417488999578211,40.789051000156967],[-81.41750500037007,40.788915000065806],[-81.41754800002775,40.788682999907586],[-81.417592000408689,40.788521000119815],[-81.417683999571878,40.788327999852477],[-81.417764999762753,40.788175000189916],[-81.417840000105812,40.788051999912206],[-81.417922000121578,40.787932000201394],[-81.418014000183078,40.787816000206774],[-81.418112999917284,40.787703999949393],[-81.418220999872332,40.787596000129554],[-81.418336000398369,40.787492999904678],[-81.418500000429901,40.787363000304126],[-81.418651000042644,40.787250999962836],[-81.418880000371487,40.78708100012836],[-81.419040000205058,40.786949999895036],[-81.419189999992895,40.786812999753593],[-81.41929600029809,40.786704999844979],[-81.419393000382485,40.786594000266],[-81.419512000208158,40.786440000175276],[-81.419593000399018,40.786321000107833],[-81.419665000369037,40.786199000314639],[-81.419749999859548,40.78603200002803],[-81.41982100000466,40.785861999793731],[-81.419879999555889,40.785689000268782],[-81.419913999891079,40.785558000010191],[-81.419939999830333,40.78542600032425],[-81.41995900009691,40.785246999872363],[-81.419965999769616,40.785113999714405],[-81.419960999746735,40.784934999781903],[-81.419935999632372,40.784667000269323],[-81.419873999708116,40.784196000314957],[-81.419776999623721,40.783440000124344],[-81.419740999638705,40.783165000158171],[-81.419680000437651,40.78270300012759],[-81.419616999790151,40.782155000232621],[-81.419595999873749,40.781994999966557],[-81.419573000307537,40.781818000277561],[-81.419475000398251,40.781077000309573],[-81.419425000169539,40.780770999871841],[-81.419384000161642,40.780597000087866],[-81.419330999559875,40.780424999697111],[-81.41926699998578,40.780254000148503],[-81.418962000387253,40.779572000147283],[-81.418758999997664,40.779143999750225],[-81.418660000263458,40.778936000239838]]},"properties":{"BASENAME":"297","MTFCC":"S1200","NAME":"State Rte 297","OBJECTID":181687,"OID":"1104763069139","PREDIR":null,"PREDIRABRV":null,"PREQUAL":null,"PREQUALABRV":null,"PRETYP":586,"PRETYPEABRV":"State Rte","RTTYP":"S","SUFDIR":null,"SUFDIRABRV":null,"SUFQUAL":null,"SUFQUALABRV":null,"SUFTYP":null,"SUFTYPEABRV":null}},{"type":"Feature","id":208311,"geometry":{"type":"LineString","coordinates":[[-81.361220999649689,40.83083500029867],[-81.360525000238908,40.83082700017934],[-81.359042000282457,40.830775000059901],[-81.356471000379742,40.830694000263144],[-81.356195000195214,40.830685000279658],[-81.355181999693713,40.830664999934264],[-81.354239000410729,40.830645000262557],[-81.353584999934441,40.830634999744753],[-81.352952000272836,40.830633000048806]]},"properties":{"BASENAME":"Atlantic","MTFCC":"S1200","NAME":"Atlantic Blvd NE","OBJECTID":208311,"OID":"1106087850502","PREDIR":null,"PREDIRABRV":null,"PREQUAL":null,"PREQUALABRV":null,"PRETYP":null,"PRETYPEABRV":null,"RTTYP":"M","SUFDIR":15,"SUFDIRABRV":"NE","SUFQUAL":null,"SUFQUALABRV":null,"SUFTYP":142,"SUFTYPEABRV":"Blvd"}},{"type":"Feature","id":209578,"geometry":{"type":"LineString","coordinates":[[-81.316891999715935,40.823195999942023],[-81.316194999581938,40.823517999911964],[-81.315381000170404,40.82388700004951],[-81.31510900018381,40.824005000126334],[-81.31465700027222,40.824190999694437],[-81.313321999555427,40.824699999712109],[-81.313158000422206,40.824762999819264],[-81.310757000398823,40.825671999753133],[-81.310472999818373,40.825780000162332],[-81.310152000326326,40.825893999912473],[-81.310081000181214,40.825916000175582],[-81.309933000043202,40.825961999837041],[-81.309601999607096,40.826057000174799],[-81.30942400023018,40.82610400033446],[-81.309164999764079,40.82617000021326],[-81.308773000126934,40.82626000000387],[-81.308636999684481,40.826285999799801],[-81.308548999820943,40.826302999687009],[-81.308383999964505,40.826328000232955],[-81.308173000077304,40.82636100006907],[-81.307664000264282,40.826426999692053],[-81.307125000314031,40.826486999786709],[-81.304683000282736,40.826766999963688],[-81.304217000127409,40.826829000241162],[-81.30411199964712,40.82684599998916],[-81.303838000010728,40.826907000288607],[-81.303592999788336,40.826981999855562],[-81.303454999696086,40.827034000230562],[-81.303432999954765,40.827042000127776],[-81.303278999968995,40.827110000234704],[-81.303129000181144,40.827182999772134],[-81.302984000416188,40.827261999981729],[-81.302469999681989,40.827564999895841],[-81.301801000035397,40.82797299967249],[-81.301718000194711,40.828023000175492],[-81.30089499966401,40.828514000135002],[-81.300713000089146,40.828612999729373],[-81.300538000186947,40.82869499990624],[-81.300386999675894,40.828758000296538],[-81.300174999963787,40.828837999864348],[-81.299901000327409,40.828930999733359],[-81.298568000158781,40.829350999709945],[-81.296959999630516,40.829841000172095],[-81.295917999715016,40.830162999824807],[-81.294977000081872,40.830443999964423],[-81.294803999829497,40.830495999663725],[-81.293469999835963,40.830907999813604],[-81.292448999836864,40.831224999847649],[-81.29142399963979,40.831543000239414],[-81.290011000003531,40.83197700029222],[-81.288693999728409,40.83237099988775],[-81.28762900024671,40.832686000089979],[-81.286178999902191,40.833113999915042],[-81.284653000288031,40.833565999747861],[-81.283295999829946,40.833964999764333],[-81.283057000353665,40.834036000317916],[-81.282611000289819,40.834160999930283],[-81.282350000173906,40.8342260001521],[-81.2822510004397,40.834250999749962],[-81.281938000445265,40.834328999902631],[-81.281849999683402,40.834350000294037],[-81.281510999749685,40.834430999702398],[-81.28121299982385,40.834501999756931],[-81.279976999739603,40.834795999786046],[-81.279785000118991,40.834841000299633]]},"properties":{"BASENAME":"Louisville","MTFCC":"S1200","NAME":"Louisville St NE","OBJECTID":209578,"OID":"1106087432742","PREDIR":null,"PREDIRABRV":null,"PREQUAL":null,"PREQUALABRV":null,"PRETYP":null,"PRETYPEABRV":null,"RTTYP":"M","SUFDIR":15,"SUFDIRABRV":"NE","SUFQUAL":null,"SUFQUALABRV":null,"SUFTYP":595,"SUFTYPEABRV":"St"}},{"type":"Feature","id":211587,"geometry":{"type":"LineString","coordinates":[[-81.374875000302836,40.798470999948172],[-81.374589000072589,40.798415000328859],[-81.373799000052159,40.798256999788265],[-81.372925000366152,40.798079000260969],[-81.372018000169859,40.797893999906442],[-81.371142999760622,40.797716999750016],[-81.370233999914518,40.797537000121189],[-81.370057000362522,40.797502000212219],[-81.369505999818372,40.797393000338701],[-81.368819999555015,40.7972559999818],[-81.368571000033,40.797206999760704],[-81.368021000212082,40.797096999729355],[-81.367791000058318,40.797052000127678],[-81.366318000147601,40.796758000075208],[-81.36612599962865,40.796720000038199],[-81.365686000310916,40.79663200033422],[-81.365530999601916,40.796601000032062],[-81.364981999605916,40.796489999994044],[-81.363239000256755,40.796140999682414],[-81.363174999784363,40.796128000338804],[-81.362763000055693,40.796046000026209],[-81.362296000075474,40.795953000295512],[-81.361901000065245,40.795874000202581],[-81.361384999681221,40.795770999897158],[-81.360905000180523,40.795677000086407],[-81.360433000177409,40.79558399983879],[-81.3599469999306,40.795484999914706],[-81.359802000165644,40.79545500013522],[-81.359551000095479,40.795403999866991],[-81.358503000332206,40.795187999936644],[-81.358340000125565,40.795155000234843],[-81.35819899966026,40.795126000009432],[-81.357836000335425,40.795050000085467],[-81.357669999755757,40.795015999930264],[-81.357151999721893,40.794900000069788],[-81.356930999788958,40.794851000149905],[-81.356635000411259,40.794786999811443],[-81.356247999898656,40.794706000272228],[-81.355856000261497,40.794625999664824],[-81.355464999550932,40.794547000033013],[-81.355390999931089,40.794532000273072],[-81.354697999995039,40.794392000310111],[-81.353872999814527,40.794223000112062],[-81.353055000205003,40.794059000120285],[-81.35229000029895,40.793901999814935],[-81.352095000305269,40.793862000058994],[-81.351572000248538,40.793756000181141],[-81.351479000362119,40.79373699998628],[-81.350943999711504,40.7936300001832],[-81.350311000049928,40.793503000218536],[-81.349688000434085,40.79337199973272],[-81.349143999562642,40.793254999988847],[-81.348690999826118,40.793161000016177],[-81.348419999664458,40.793099999969918],[-81.348027000202393,40.793012999963082],[-81.347613999750521,40.792920000064257],[-81.347016000249027,40.792777999945457],[-81.346926999662259,40.79275999988959],[-81.346617999865771,40.792694999835973],[-81.344241999956722,40.792225999865188],[-81.343831999877892,40.792144999921938],[-81.343129999721029,40.792008000296761],[-81.342126000338666,40.791811000270741],[-81.341491000128954,40.791687999927021],[-81.341107999814298,40.791613999660214],[-81.340510000312833,40.791498999734479],[-81.339552000062909,40.791334999815128],[-81.33856399967577,40.791200000083521],[-81.337946000082809,40.791120999775728],[-81.336946000000083,40.790992000241907]]},"properties":{"BASENAME":"Tuscarawas","MTFCC":"S1200","NAME":"Tuscarawas St E","OBJECTID":211587,"OID":"1106092769686","PREDIR":null,"PREDIRABRV":null,"PREQUAL":null,"PREQUALABRV":null,"PRETYP":null,"PRETYPEABRV":null,"RTTYP":"M","SUFDIR":13,"SUFDIRABRV":"E","SUFQUAL":null,"SUFQUALABRV":null,"SUFTYP":595,"SUFTYPEABRV":"St"}},{"type":"Feature","id":219712,"geometry":{"type":"LineString","coordinates":[[-81.361220999649689,40.83083500029867],[-81.361292999619721,40.830854999913065],[-81.361337999825551,40.830863000029019],[-81.361435999734852,40.830870000299612],[-81.361685999980111,40.830855999757695],[-81.361781000414652,40.830849000165344],[-81.362071999769483,40.830815999843757],[-81.362220999732386,40.83079399984684],[-81.362303999573072,40.830782000339774],[-81.36253299990193,40.830740000008809],[-81.362758999857732,40.830690000195098],[-81.363092999768583,40.830602999844814],[-81.363175999609254,40.830579999928446],[-81.363875000291401,40.830389999841351],[-81.364095000399431,40.830329999879623],[-81.365796999740695,40.82986600006393],[-81.366134000024573,40.829769999884206],[-81.366197999598683,40.829751999665064],[-81.366351999584481,40.829708000317339],[-81.366686000393628,40.829612999772181],[-81.367862000203431,40.829292999903885],[-81.368232000099297,40.829197000253984],[-81.36834599990209,40.829169999690215],[-81.368499000062968,40.82913299973049],[-81.368782999745108,40.829077000156353],[-81.369028999792405,40.829035000104867],[-81.369272000364958,40.829003999985062],[-81.369509000191428,40.828984999685204],[-81.369746000017884,40.828975000276451],[-81.370043000118812,40.828971999977739],[-81.370340000219741,40.828978999768232],[-81.370695999871884,40.828998000069802],[-81.370909000307208,40.82901599981389]]},"properties":{"BASENAME":"62","MTFCC":"S1200","NAME":"US Hwy 62","OBJECTID":219712,"OID":"1108296485461","PREDIR":null,"PREDIRABRV":null,"PREQUAL":null,"PREQUALABRV":null,"PRETYP":640,"PRETYPEABRV":"US Hwy","RTTYP":"U","SUFDIR":null,"SUFDIRABRV":null,"SUFQUAL":null,"SUFQUALABRV":null,"SUFTYP":null,"SUFTYPEABRV":null}},{"type":"Feature","id":219714,"geometry":{"type":"LineString","coordinates":[[-81.371618999961683,40.828900000244666],[-81.370915000154994,40.828831000058912],[-81.37061700022916,40.82880700033212],[-81.370068000233147,40.82878600022422],[-81.369761000086513,40.82878700010005],[-81.369457000312892,40.828804000025805],[-81.369267000342077,40.828820000071936],[-81.369039999663045,40.82884700009852],[-81.36880799985947,40.828882999663733],[-81.368508000283811,40.82894300025513],[-81.368234999574014,40.82900499985756],[-81.367878999921871,40.829094000007807],[-81.367169000267381,40.829283999730173],[-81.366358000330578,40.829501000027932],[-81.366206999819525,40.829541000055443],[-81.366149000093188,40.829556999923732],[-81.36581099998439,40.829646999875578],[-81.36478499996241,40.829942000220932],[-81.36403099992701,40.830147999958044],[-81.363757000290605,40.83022299993771],[-81.363562000296952,40.830277000196737],[-81.363117999882945,40.830393000075908],[-81.363091000118757,40.830399999716391],[-81.362757000207921,40.830487000333079],[-81.362137000066824,40.830655999946785],[-81.361977000233239,40.830692999736407],[-81.361907999737966,40.830709000006443],[-81.361732000010861,40.830740000008809],[-81.361553999735619,40.830762000023689],[-81.361412000343719,40.830774000214049],[-81.361342000023512,40.830784999876926],[-81.361284000297189,40.830800000279304],[-81.361220999649689,40.83083500029867]]},"properties":{"BASENAME":"62","MTFCC":"S1200","NAME":"US Hwy 62","OBJECTID":219714,"OID":"1108296485463","PREDIR":null,"PREDIRABRV":null,"PREQUAL":null,"PREQUALABRV":null,"PRETYP":640,"PRETYPEABRV":"US Hwy","RTTYP":"U","SUFDIR":null,"SUFDIRABRV":null,"SUFQUAL":null,"SUFQUALABRV":null,"SUFTYP":null,"SUFTYPEABRV":null}},{"type":"Feature","id":219715,"geometry":{"type":"LineString","coordinates":[[-81.393989999705354,40.829793999942183],[-81.394499000416687,40.829586000057489],[-81.395416999585294,40.829210999786774],[-81.39598999987075,40.828976000149432],[-81.396973000235022,40.828573999700808],[-81.397229000328068,40.828473000287225]]},"properties":{"BASENAME":"62","MTFCC":"S1200","NAME":"US Hwy 62","OBJECTID":219715,"OID":"1108296485464","PREDIR":null,"PREDIRABRV":null,"PREQUAL":null,"PREQUALABRV":null,"PRETYP":640,"PRETYPEABRV":"US Hwy","RTTYP":"U","SUFDIR":null,"SUFDIRABRV":null,"SUFQUAL":null,"SUFQUALABRV":null,"SUFTYP":null,"SUFTYPEABRV":null}},{"type":"Feature","id":219716,"geometry":{"type":"LineString","coordinates":[[-81.395071999803818,40.829155000278504],[-81.395250000079045,40.829098000172145],[-81.395372000277789,40.82904799979999],[-81.395457999593191,40.829013000196717],[-81.39594499966492,40.828814000140078],[-81.396311000261122,40.828664000307221],[-81.396955999618271,40.828401000012342]]},"properties":{"BASENAME":"62","MTFCC":"S1200","NAME":"US Hwy 62","OBJECTID":219716,"OID":"1108296485465","PREDIR":null,"PREDIRABRV":null,"PREQUAL":null,"PREQUALABRV":null,"PRETYP":640,"PRETYPEABRV":"US Hwy","RTTYP":"U","SUFDIR":null,"SUFDIRABRV":null,"SUFQUAL":null,"SUFQUALABRV":null,"SUFTYP":null,"SUFTYPEABRV":null}},{"type":"Feature","id":219828,"geometry":{"type":"LineString","coordinates":[[-81.341071000004376,40.833620999805952],[-81.341004000057225,40.833688999962966],[-81.34095800002649,40.83372099973284],[-81.340900000300167,40.833750999885424],[-81.340707999781216,40.833825000067762],[-81.340251999671636,40.833987999865812],[-81.339896999844413,40.834107000115779],[-81.338838000210458,40.834462999793821],[-81.338238999985762,40.834657000272287],[-81.337524000308406,40.834873999977205],[-81.336860999611275,40.83506799993264],[-81.336418999745391,40.835188000062338],[-81.335740999877984,40.835359000160679],[-81.33544299995215,40.835429999901038],[-81.335119999911967,40.835507000251397],[-81.334442000044533,40.835661999776391],[-81.334381999770059,40.835675999983131],[-81.327146000087893,40.837215999915614],[-81.324550000070815,40.837766999845769],[-81.320461000051537,40.83863600030552],[-81.317341999977742,40.839295000130392],[-81.315891999633237,40.839602000315786],[-81.314299000071912,40.839945000114028],[-81.313503000203724,40.840121999763433],[-81.312709999810238,40.840309999741201],[-81.311922000337944,40.840506000176909],[-81.311306000394808,40.840668999858579],[-81.310639000398041,40.840858000017469],[-81.309922000172548,40.841072000061004],[-81.309194000076388,40.84129900010462],[-81.307526999996924,40.84183100005886],[-81.307496000034789,40.841841999926025],[-81.302403999559758,40.843472000216032],[-81.301568000406888,40.843738000160862],[-81.301297000245228,40.84382399993509],[-81.297727000084734,40.844959000296825],[-81.297302999762195,40.845099000264064],[-81.297164999669945,40.84514300027039],[-81.296615999673932,40.8453190000034],[-81.296444000144788,40.845373999824091],[-81.289937000383688,40.847455000214637],[-81.287358999909955,40.848278999856475],[-81.282164000401082,40.849941000249949],[-81.280370000099992,40.850518999754122],[-81.280309000000628,40.85053900022514],[-81.279836000172594,40.850701999693669],[-81.279816999906032,40.850707999683081],[-81.279611999866617,40.850778999970153],[-81.279067000068579,40.850976000243698],[-81.278907000235009,40.851034000105713],[-81.278034000373907,40.851363000248291],[-81.277420000080596,40.851609999845607],[-81.277004999978899,40.851781999915346],[-81.276297999799141,40.852090000220407],[-81.275363999838689,40.852513999674805],[-81.27465900020708,40.852851000123046],[-81.274109000386161,40.853119999678114],[-81.273361000198534,40.853508000252191],[-81.270775000227204,40.854900999877884],[-81.270400000308484,40.855103999717016],[-81.269803999558505,40.855426999792037],[-81.268862000100427,40.855935999848342],[-81.265859000377574,40.857562000178063],[-81.26349799963883,40.858837999891776],[-81.262817000296664,40.859200999899706],[-81.262541999937056,40.859352000028402],[-81.262389999601083,40.859435000321469],[-81.259793999584033,40.860838999759636],[-81.259128000310469,40.861191000300934],[-81.258392999643306,40.861595000091121],[-81.258292000259303,40.861651000049221],[-81.258087000219874,40.861763999881134],[-81.257764000179691,40.861925000156326],[-81.257523999980194,40.862052000270332],[-81.256903999839068,40.862401999703906],[-81.256036000000847,40.862905000272583],[-81.255620999899165,40.863154999748609],[-81.255146000421306,40.863442000171126],[-81.254512000036499,40.86383700025992],[-81.253084000331626,40.864756999889671],[-81.245919999721153,40.869390000089723],[-81.243214999924135,40.871139000281119],[-81.242874000340592,40.871343999770183],[-81.242445999820106,40.871613000307313],[-81.241569999585963,40.872163000309342],[-81.241084000237464,40.872452000204724],[-81.24037700005772,40.872862999817613],[-81.23976600013745,40.873209000313423],[-81.238371999869443,40.873959999997282],[-81.23762200003199,40.874348999954876],[-81.236849999554906,40.874735999940754],[-81.236245000380748,40.875030999976168],[-81.235655000376866,40.87531100022138],[-81.234923999907664,40.875649999855213],[-81.233933000045795,40.876090999996784],[-81.233011999605807,40.876486000030717],[-81.231944999575944,40.876922000213575],[-81.23123800029451,40.877201000107519],[-81.230550000381342,40.877464000338094],[-81.229894000255229,40.877706999790192],[-81.228393999682012,40.878246000173775],[-81.221869000377552,40.880591000172416],[-81.217238000034968,40.882248999771036],[-81.213041999885547,40.883758000244946],[-81.212495000437698,40.883948999858276],[-81.208109000317492,40.885526999917126],[-81.206822000179599,40.885985000331161],[-81.20381899955845,40.887062999753269],[-81.199744999607802,40.888526000131165],[-81.198125000282289,40.889103999759158],[-81.194454999664345,40.890422999671181],[-81.188752000167355,40.892465999804834],[-81.184802000065247,40.893880999714874],[-81.183781999891053,40.894251999721142],[-81.182985000197931,40.894557000073384],[-81.182467000164081,40.894764999734299],[-81.181580999884176,40.895131999963411],[-81.180986999682347,40.895392000233237],[-81.180486000265233,40.895619999743843],[-81.179750999598085,40.895963000133264],[-81.179245000158105,40.896209000218171],[-81.178344999634504,40.896664000081664],[-81.177759999653503,40.896970999909264],[-81.177053000372069,40.897362000152746],[-81.176476999713586,40.897690000142603],[-81.175781000302791,40.898103000273984],[-81.175511999790984,40.898267000332631],[-81.175255999697939,40.898424000061659],[-81.174602999944867,40.898839000037917],[-81.174105000002498,40.899166000001266],[-81.174089999933869,40.899175999681894]]},"properties":{"BASENAME":"62","MTFCC":"S1200","NAME":"US Hwy 62","OBJECTID":219828,"OID":"1108296485466","PREDIR":null,"PREDIRABRV":null,"PREQUAL":null,"PREQUALABRV":null,"PRETYP":640,"PRETYPEABRV":"US Hwy","RTTYP":"U","SUFDIR":null,"SUFDIRABRV":null,"SUFQUAL":null,"SUFQUALABRV":null,"SUFTYP":null,"SUFTYPEABRV":null}},{"type":"Feature","id":220668,"geometry":{"type":"LineString","coordinates":[[-81.371618999961683,40.828900000244666],[-81.370915000154994,40.828831000058912],[-81.37061700022916,40.82880700033212],[-81.370068000233147,40.82878600022422],[-81.369761000086513,40.82878700010005],[-81.369457000312892,40.828804000025805],[-81.369267000342077,40.828820000071936],[-81.369039999663045,40.82884700009852],[-81.36880799985947,40.828882999663733],[-81.368508000283811,40.82894300025513],[-81.368234999574014,40.82900499985756],[-81.367878999921871,40.829094000007807],[-81.367169000267381,40.829283999730173],[-81.366358000330578,40.829501000027932]]},"properties":{"BASENAME":"Malone","MTFCC":"S1200","NAME":"Malone Pkwy NW","OBJECTID":220668,"OID":"1108296485769","PREDIR":null,"PREDIRABRV":null,"PREQUAL":null,"PREQUALABRV":null,"PRETYP":null,"PRETYPEABRV":null,"RTTYP":"M","SUFDIR":16,"SUFDIRABRV":"NW","SUFQUAL":null,"SUFQUALABRV":null,"SUFTYP":460,"SUFTYPEABRV":"Pkwy"}},{"type":"Feature","id":220669,"geometry":{"type":"LineString","coordinates":[[-81.395071999803818,40.829155000278504],[-81.395250000079045,40.829098000172145],[-81.395372000277789,40.82904799979999],[-81.395457999593191,40.829013000196717],[-81.39594499966492,40.828814000140078],[-81.396311000261122,40.828664000307221],[-81.396955999618271,40.828401000012342]]},"properties":{"BASENAME":"Malone","MTFCC":"S1200","NAME":"Malone Pkwy NW","OBJECTID":220669,"OID":"1108296485770","PREDIR":null,"PREDIRABRV":null,"PREQUAL":null,"PREQUALABRV":null,"PRETYP":null,"PRETYPEABRV":null,"RTTYP":"M","SUFDIR":16,"SUFDIRABRV":"NW","SUFQUAL":null,"SUFQUALABRV":null,"SUFTYP":460,"SUFTYPEABRV":"Pkwy"}},{"type":"Feature","id":220670,"geometry":{"type":"LineString","coordinates":[[-81.366351999584481,40.829708000317339],[-81.366686000393628,40.829612999772181],[-81.367862000203431,40.829292999903885],[-81.368232000099297,40.829197000253984],[-81.36834599990209,40.829169999690215],[-81.368499000062968,40.82913299973049],[-81.368782999745108,40.829077000156353],[-81.369028999792405,40.829035000104867],[-81.369272000364958,40.829003999985062],[-81.369509000191428,40.828984999685204],[-81.369746000017884,40.828975000276451],[-81.370043000118812,40.828971999977739],[-81.370340000219741,40.828978999768232],[-81.370695999871884,40.828998000069802],[-81.370909000307208,40.82901599981389]]},"properties":{"BASENAME":"Malone","MTFCC":"S1200","NAME":"Malone Pkwy NW","OBJECTID":220670,"OID":"1108296485771","PREDIR":null,"PREDIRABRV":null,"PREQUAL":null,"PREQUALABRV":null,"PRETYP":null,"PRETYPEABRV":null,"RTTYP":"M","SUFDIR":16,"SUFDIRABRV":"NW","SUFQUAL":null,"SUFQUALABRV":null,"SUFTYP":460,"SUFTYPEABRV":"Pkwy"}},{"type":"Feature","id":220671,"geometry":{"type":"LineString","coordinates":[[-81.393989999705354,40.829793999942183],[-81.394499000416687,40.829586000057489],[-81.395416999585294,40.829210999786774],[-81.39598999987075,40.828976000149432],[-81.396973000235022,40.828573999700808],[-81.397229000328068,40.828473000287225]]},"properties":{"BASENAME":"Malone","MTFCC":"S1200","NAME":"Malone Pkwy NW","OBJECTID":220671,"OID":"1108296485772","PREDIR":null,"PREDIRABRV":null,"PREQUAL":null,"PREQUALABRV":null,"PRETYP":null,"PRETYPEABRV":null,"RTTYP":"M","SUFDIR":16,"SUFDIRABRV":"NW","SUFQUAL":null,"SUFQUALABRV":null,"SUFTYP":460,"SUFTYPEABRV":"Pkwy"}},{"type":"Feature","id":221086,"geometry":{"type":"LineString","coordinates":[[-81.372391000438753,40.794338000080309],[-81.372404999784166,40.794254999880785],[-81.372412000355155,40.794209999712805],[-81.372474000279439,40.79383500007409],[-81.37252299978492,40.793540000329685],[-81.372562000142992,40.793307000278297],[-81.372630999739968,40.792889000069017],[-81.372752999938697,40.792150000022026],[-81.373036999620808,40.790437000274643],[-81.373154999621605,40.789812999786079],[-81.373251999705985,40.789095999740738],[-81.373298999561641,40.788786000327086],[-81.373402000392119,40.788130999790539],[-81.373444000224907,40.787835999868548],[-81.373466999791134,40.787596999946061],[-81.373464000316403,40.787502000307114],[-81.373461999768267,40.787429999774268],[-81.373454000270655,40.787289999799455]]},"properties":{"BASENAME":"43","MTFCC":"S1200","NAME":"State Rte 43","OBJECTID":221086,"OID":"1108296486565","PREDIR":null,"PREDIRABRV":null,"PREQUAL":null,"PREQUALABRV":null,"PRETYP":586,"PRETYPEABRV":"State Rte","RTTYP":"S","SUFDIR":null,"SUFDIRABRV":null,"SUFQUAL":null,"SUFQUALABRV":null,"SUFTYP":null,"SUFTYPEABRV":null}},{"type":"Feature","id":221087,"geometry":{"type":"LineString","coordinates":[[-81.349479000196723,40.788052999721849],[-81.349456999557091,40.788008000111425],[-81.349382999937248,40.787853000086379],[-81.349177999897833,40.787421000042229],[-81.349110000125776,40.787287000336022],[-81.349047000376586,40.787177000192393],[-81.349038000155744,40.787162999950823],[-81.348866999553209,40.786885000275198],[-81.348756000123444,40.786723000182015],[-81.348346000044629,40.78618300019135],[-81.348038999897952,40.785786999992077],[-81.347985000369604,40.7857089998909],[-81.347972999775706,40.785695000020034],[-81.34793799961561,40.785654000235375],[-81.347878000239476,40.785603999766998],[-81.347822000162978,40.785572999756972]]},"properties":{"BASENAME":"43","MTFCC":"S1200","NAME":"State Rte 43","OBJECTID":221087,"OID":"1108296486566","PREDIR":null,"PREDIRABRV":null,"PREQUAL":null,"PREQUALABRV":null,"PRETYP":586,"PRETYPEABRV":"State Rte","RTTYP":"S","SUFDIR":null,"SUFDIRABRV":null,"SUFQUAL":null,"SUFQUALABRV":null,"SUFTYP":null,"SUFTYPEABRV":null}},{"type":"Feature","id":222982,"geometry":{"type":"LineString","coordinates":[[-81.327717999650105,40.783719999686838],[-81.326985000429417,40.783701999896202],[-81.32540100019061,40.783673000109943],[-81.321814000311676,40.78360600025033],[-81.321267999790408,40.783589000305703],[-81.320700000426129,40.783580999930109],[-81.320542000242398,40.783573000233751],[-81.320521000325996,40.783928999732552],[-81.320476999945072,40.784684999798372],[-81.320389000081533,40.786116000143224],[-81.320379000035757,40.786281999702148],[-81.320311000263715,40.787341999999455],[-81.320271999905657,40.788061000238883],[-81.320235000095721,40.788614000058899],[-81.320226999699813,40.788739000254523],[-81.320200999760544,40.789154000005659],[-81.319641999718812,40.789114000109805],[-81.319557000228301,40.789107999987316],[-81.318276999763114,40.789018000125452],[-81.317367000092091,40.788965999877611],[-81.316852000431297,40.788932000007463],[-81.316299000237322,40.788895999845913],[-81.315986000242873,40.78887599982329],[-81.315858000196357,40.788867000287226],[-81.314263000086896,40.788760000117392],[-81.313499000005763,40.788706000067954],[-81.312355999807906,40.788610000173897],[-81.311722000321424,40.788556999804513],[-81.311200000089599,40.788494000003375],[-81.310975999783608,40.788460999695054],[-81.310456000099933,40.788380999724517],[-81.309681000148117,40.788263000221164],[-81.308616999592999,40.788102999706652],[-81.307973999885675,40.788012999842941],[-81.306978000000925,40.787889000133219],[-81.306331999920559,40.787813999900244],[-81.305859000092539,40.787769000127867],[-81.305504000265302,40.787747000137372],[-81.303238999786018,40.787653999664165],[-81.301769000248342,40.787581000159548],[-81.301098999878533,40.787552000026636],[-81.298590999724993,40.787432999911388],[-81.298036999706127,40.787406999852102],[-81.297922000078401,40.787401000255528],[-81.297303999587101,40.787375000183708],[-81.295233000174917,40.787318000226136],[-81.294757999798748,40.787307999977926],[-81.294023999854829,40.787289999799455],[-81.292787999770567,40.787262000041132],[-81.291581999823549,40.787235999914948],[-81.291380999982096,40.787231999946933],[-81.289660000374241,40.787226000334542],[-81.28894999982144,40.787224000010184],[-81.288180999717426,40.787221999685762],[-81.287131000304328,40.787219000219267],[-81.286149999589881,40.787217999716908],[-81.285116999895209,40.787212999925586],[-81.284115999987591,40.787209999778526],[-81.284107999591669,40.786150000094878],[-81.284096999721015,40.78507999991254],[-81.283770000381182,40.785074000105737],[-81.2833700003481,40.785070999862036],[-81.282631000381315,40.785068000298381],[-81.282172999723585,40.785042999848315],[-81.281930000049343,40.785023000025632],[-81.281579000420081,40.784980999970223],[-81.281243999786,40.784932000212116],[-81.280945999860165,40.784881000022956],[-81.2805969998807,40.784809000049307],[-81.280259999596808,40.784725000321522],[-81.279973000439966,40.784647000333365],[-81.279694999707289,40.784557999729238],[-81.279424000443967,40.784466000095179],[-81.279158000305159,40.784369000328162],[-81.278757000447186,40.78419899991799],[-81.277707000135763,40.783733000099367],[-81.277237999607379,40.783524999994839],[-81.275759999673795,40.782869999942704],[-81.275194999784276,40.782630999833401],[-81.274875000117149,40.782514000209126],[-81.274532999810376,40.782400000063042],[-81.274222000364063,40.782303999895674],[-81.273922999715012,40.782217999925464],[-81.273634000010006,40.782149000161581],[-81.273079999991126,40.782024999705712],[-81.272396000275918,40.781879999707328],[-81.271252000253185,40.781648000139889],[-81.269990000229654,40.781403000256439],[-81.269247000064894,40.781250000284494],[-81.267871000238557,40.780975000093534],[-81.263485000118365,40.780092000205812],[-81.263343999653046,40.78006400013367],[-81.260951999850462,40.779582000199888],[-81.259638999773316,40.779308999788086],[-81.25900799976155,40.779187999981808],[-81.257908999944647,40.778966000000104],[-81.257144000038579,40.77881099995912],[-81.252086999723645,40.777788000277482],[-81.251013999846009,40.777566999666014],[-81.248827000082855,40.777130000189501],[-81.248381000019009,40.777040999716519],[-81.246688999825182,40.776694999840366],[-81.246436999930097,40.776644000128918],[-81.245075000347455,40.776370999887455],[-81.240304000262796,40.775410000072043],[-81.239067000353629,40.775155000272683],[-81.238428999770846,40.775016000279301],[-81.237752999553251,40.774854999815865],[-81.237548000412161,40.774804000052463],[-81.237247000113271,40.774730000019325],[-81.236574000268718,40.774556000058006],[-81.235908999921762,40.774376000228344],[-81.23568200014104,40.774313999917119],[-81.234095000427516,40.773861999783811],[-81.231023000209362,40.772990000308035],[-81.229583999735524,40.772574000195739],[-81.227782999761729,40.772063000247748],[-81.224725999612204,40.771194999865209],[-81.223624000320569,40.77088199969193],[-81.223040000164474,40.770715999742905],[-81.222188000219774,40.77047000028525],[-81.221347999970632,40.770212999738028],[-81.219834000052032,40.769697000252094],[-81.219454000110446,40.769560999989324],[-81.21862999975481,40.769251999973378],[-81.218090999804573,40.769039999723624],[-81.217505999823558,40.768802999718822],[-81.217146999798359,40.76864899987978],[-81.216483000174634,40.76837899976011],[-81.216242000150217,40.768275000242774],[-81.215566999757513,40.767997999864257],[-81.214219000418581,40.767437000246694],[-81.213863999693018,40.767290000138701],[-81.210890000282504,40.766064000286576],[-81.210158999813302,40.765765999894548],[-81.209747000084661,40.765592000271539],[-81.207510000092796,40.764668000224184],[-81.206710999851524,40.764340000148685],[-81.205946999770362,40.76402699966458],[-81.205020000380912,40.763640999787519],[-81.204437000049737,40.76340599994019],[-81.2043850001712,40.763385999726651],[-81.204119000032421,40.76328400024483],[-81.203635000333747,40.763113000121947],[-81.203084999614532,40.762946000309469],[-81.202694999627184,40.762837000189279],[-81.202244000438796,40.762727999890281],[-81.201772000435682,40.762620999797484],[-81.201445000197538,40.762553999797888],[-81.201040999966494,40.762483999827786],[-81.200891000178672,40.762462000307941],[-81.200538000001259,40.762409000166727],[-81.200165999557257,40.76236199980081],[-81.199813000278155,40.762326000207395],[-81.199282999650421,40.762289999914053],[-81.198927999823184,40.762271999760053],[-81.198218000168694,40.762251999885684],[-81.19768400024131,40.762243999662061],[-81.197387999965301,40.762246000058248],[-81.197315000170377,40.762247999773962],[-81.197150000313925,40.762254000281636],[-81.196854999862836,40.762277000067947],[-81.196700000052132,40.762295999737468],[-81.196623000059247,40.762305999668804],[-81.195986000199696,40.762386999941704],[-81.194795000321292,40.762539000296513],[-81.19434300040966,40.762595999744605],[-81.193708000199948,40.762680999749939],[-81.192951999616398,40.762781999967146],[-81.192194000281347,40.762878999957131],[-81.191368000275901,40.762986999821571],[-81.19018400007019,40.763139000165012],[-81.190036999757098,40.763158000268582],[-81.189719999564701,40.763192999907943],[-81.189609000134922,40.763199999833581],[-81.189384999828917,40.763205000071665],[-81.188357000157126,40.763187999668958],[-81.187085000087876,40.763158000268582],[-81.186491999710938,40.763154000211436],[-81.186136000058795,40.763158999772521],[-81.185781000231543,40.763173999814384],[-81.185366999954766,40.763202000201005],[-81.185013999777354,40.763233999948035],[-81.184662000323144,40.763274999962832],[-81.18437000024511,40.763317000134307],[-81.18402299991547,40.763377000138874],[-81.183736999685195,40.763434999728865],[-81.183282000298846,40.763537999838007],[-81.182690999571747,40.763681000055165],[-81.177649000223738,40.764916999862365],[-81.176073000380853,40.765306999740545],[-81.174387000034798,40.765714999958412],[-81.173882000419738,40.765824000121256],[-81.173468999967852,40.76589900001089],[-81.17328999986772,40.765923000039315],[-81.173187999760458,40.765938000137751],[-81.172904999903253,40.76597200021223],[-81.172519000113866,40.766001999703214],[-81.172165000111548,40.766019000066443],[-81.171884999729059,40.766026999835681],[-81.171570999909704,40.766025000233668],[-81.171273999808776,40.766011999757339],[-81.170980000080917,40.765992000328019],[-81.170688000002855,40.765966000040287],[-81.170396999749727,40.765931999962724],[-81.170097999998973,40.765886000190307],[-81.169483999705648,40.765764000284683],[-81.169153999992773,40.765685000337875],[-81.16881300040923,40.765588999828275],[-81.168539999699448,40.765502999991057],[-81.168271000085937,40.765410999820496],[-81.16801300034308,40.76531099966811],[-81.167701999998442,40.765181999671178],[-81.167398000224836,40.765045000217711],[-81.167151000352632,40.764923000129016],[-81.166911000153107,40.764791999739813],[-81.166630999770618,40.764626999707971],[-81.166451999670485,40.764513000164136],[-81.166358999784066,40.764453999989222],[-81.166140000399281,40.764304000265874],[-81.165927999788849,40.764147999867795],[-81.165766000305467,40.76401699999218],[-81.165572000136692,40.763849000235972],[-81.165270999837816,40.763571000281821],[-81.163316999703156,40.761672999756122],[-81.162894999928767,40.761269000071039],[-81.162643000033682,40.761019000157653],[-81.162075999596027,40.76046899989614],[-81.159062999827441,40.757545000135487],[-81.158999000253331,40.757484000040364],[-81.157411999641468,40.755953999781653],[-81.15598899995949,40.754570999680006],[-81.155737999889297,40.754320999754121],[-81.155568000009993,40.754137000313193],[-81.155407000351516,40.753948999751969],[-81.155224000053408,40.753718000289076],[-81.155049999976129,40.753483000064946],[-81.154885999944597,40.753243999717704],[-81.154732999783718,40.75300000022802],[-81.154613000133139,40.752795000196009],[-81.154396000398165,40.752375999880698],[-81.152592999876219,40.748703000022793],[-81.151977999758003,40.747439000005038],[-81.151725000037999,40.746933999925169],[-81.151547999587692,40.746598999825075],[-81.151403999647641,40.746351999820313],[-81.150971000002599,40.745659999919894],[-81.15064200011463,40.745154000167823],[-81.150572999619342,40.745057000176388],[-81.149092000211013,40.74283399995975],[-81.148755999752041,40.742330000120788],[-81.147924999723728,40.741079000035015],[-81.147573000269546,40.740557999765599],[-81.147374000077917,40.740281000271722],[-81.147221999741944,40.740087000226893],[-81.147061000083468,40.739898000246022],[-81.146887999831094,40.73971399969119],[-81.146706000256216,40.739535999824199],[-81.146513999737294,40.739364000012614],[-81.146311000246016,40.739199000167154],[-81.146098999635583,40.739041000339974],[-81.145922999908493,40.738920000041922],[-81.145693999579649,40.738777000334068],[-81.145456999753179,40.738640000235222],[-81.14536300004184,40.738589999781084],[-81.145214000078923,40.738511000212114],[-81.144963999833664,40.738388999754299],[-81.144707999740618,40.738275000139716],[-81.144445999799814,40.738169999927813],[-81.144178000011209,40.738072999960728],[-81.143849999948145,40.737967000227982],[-81.143517999687148,40.7378699999649],[-81.14248400016757,40.737595999833118],[-81.13798900026741,40.736392000262541],[-81.137600999929901,40.73628300016933],[-81.13552700014462,40.735726000071011],[-81.134701000139202,40.735503999886916],[-81.134308999603732,40.735405000274234],[-81.134024999921593,40.73533999991902],[-81.133794999767829,40.735302000142724],[-81.133613000192966,40.73527999979656],[-81.133430999719749,40.735262999740719],[-81.133269000236368,40.735254999672875],[-81.133086999763165,40.735253999749411],[-81.132906999838113,40.735259999970637],[-81.132724000438316,40.735274000257846],[-81.132552999835795,40.735292000233819],[-81.132362000040075,40.73532000011113],[-81.132143999581885,40.735365999932611],[-81.131920000174205,40.735423000214773],[-81.131386000246806,40.735569000081902],[-81.131191000253153,40.735622999755783],[-81.130919000266587,40.735692000182809],[-81.130682000440132,40.735741000176297],[-81.130398999684587,40.73578900021824],[-81.13002999961364,40.735831000056379],[-81.129791000137359,40.735850999710699],[-81.129638999801401,40.735852000305876],[-81.129284999799069,40.735864999873542],[-81.126564999933436,40.735915000333783],[-81.126210000106198,40.735934000049632],[-81.125856999928772,40.73596099974386],[-81.125563000200913,40.735990999845143],[-81.125270000297945,40.736026000173034],[-81.123214999880958,40.736356000220255],[-81.122320000278549,40.736505999700597],[-81.121941999986774,40.736580000091095],[-81.121743999620051,40.736628000208384],[-81.121023999919828,40.736841000268491],[-81.120045999578437,40.737137999741122],[-81.119860999630504,40.737191000289101],[-81.119441000404237,40.737308000077846],[-81.119262000304104,40.73734899974572],[-81.118924000195307,40.737404999799054],[-81.118692000391718,40.737432000257691],[-81.118454999666938,40.737450000330412],[-81.11822399968824,40.737454999782585],[-81.117981999838932,40.73745200011134],[-81.117802999738785,40.737441999844933],[-81.117517000406806,40.737415000071017],[-81.117169000252275,40.73735900002611],[-81.116941999573228,40.737312000328799],[-81.116641000172677,40.737231000135303],[-81.116518000149043,40.737192000183441],[-81.116169000169577,40.737057000016442],[-81.116012999635643,40.736989000221854],[-81.115636000067113,40.736793000304893],[-81.11412999964611,40.735958000005304],[-81.113840000116184,40.735794999710571],[-81.113690000328361,40.735707000295818],[-81.113599999916673,40.735653999926875],[-81.113475000243213,40.735569000081902],[-81.113298999617811,40.735441000150438],[-81.113144999632013,40.735311000127538],[-81.112962000232216,40.735139000282828],[-81.112727000055571,40.734880000093206],[-81.112241999633696,40.734302999706649],[-81.111781000399546,40.733755000243931],[-81.111543999674765,40.733472999899227],[-81.110983999808113,40.732805999796909],[-81.110783999791579,40.732569999907412],[-81.110742999783696,40.732521000301347],[-81.109931999846893,40.73156600007912],[-81.109788999731748,40.73139899999007],[-81.109347999690783,40.730897999931095],[-81.108677000394366,40.730133999913377],[-81.108314000171205,40.729723999840338],[-81.108270999615172,40.729694000316961],[-81.108216000261919,40.729673000166017],[-81.108161999835232,40.729662000084282],[-81.10810699958364,40.729657000046551],[-81.108012999872315,40.729661000076781],[-81.107839999619955,40.729675000180649],[-81.107611000189422,40.729697000338],[-81.106651000289673,40.729790000241856],[-81.106231000165124,40.729829999772598],[-81.105303999877336,40.72992100016419],[-81.104639000428705,40.729984999684248],[-81.103796999631442,40.73006199984431],[-81.102999000113414,40.730143999916791],[-81.10207100000072,40.73023999987322],[-81.101985999611912,40.730253999855321],[-81.101850000067785,40.730288999797601],[-81.10177200024998,40.730313999745121],[-81.101351000300511,40.730496999755708],[-81.100116000041155,40.731058000010712],[-81.099946999986756,40.731135000290593],[-81.099510000143752,40.731341999664032],[-81.099398999815676,40.731399999971515],[-81.098509000236135,40.73186000003259],[-81.098331999785813,40.73195099969012],[-81.09822899985366,40.732008000175192],[-81.09746800014554,40.732428000130163],[-81.097380000281987,40.732478999735058],[-81.096500999674788,40.732988999760899],[-81.09592400008971,40.733327000197413],[-81.093275000369189,40.734873999837717],[-81.093068999606558,40.734998999716815],[-81.092815999886554,40.735166000299714],[-81.09187500025341,40.735814000141325],[-81.089819999836394,40.737231000135303],[-81.088007000167067,40.738480999885965],[-81.08725800015452,40.738992000054516]]},"properties":{"BASENAME":"30","MTFCC":"S1200","NAME":"US Hwy 30","OBJECTID":222982,"OID":"1108296488225","PREDIR":null,"PREDIRABRV":null,"PREQUAL":null,"PREQUALABRV":null,"PRETYP":640,"PRETYPEABRV":"US Hwy","RTTYP":"U","SUFDIR":null,"SUFDIRABRV":null,"SUFQUAL":null,"SUFQUALABRV":null,"SUFTYP":null,"SUFTYPEABRV":null}}]}